account_id,market,first_order_at
12346,United Kingdom,2010-01-22 13:30:00
12347,Iceland,2011-01-26 14:30:00
12348,Finland,2011-04-05 10:47:00
12349,Italy,2010-04-29 13:20:00
12351,Unspecified,2010-11-29 15:23:00
12352,Norway,2010-11-12 10:20:00
12354,Spain,2011-04-21 13:11:00
12355,Bahrain,2010-05-21 11:59:00
12356,Portugal,2010-10-11 09:42:00
12358,Austria,2010-06-07 12:28:00
12359,Cyprus,2010-06-22 10:24:00
12360,Austria,2010-02-22 09:32:00
12361,Belgium,2011-02-25 13:51:00
12362,Belgium,2011-08-11 15:02:00
12363,Unspecified,2011-04-11 13:29:00
12364,Belgium,2011-08-19 15:24:00
12365,Cyprus,2011-02-21 14:04:00
12369,Austria,2010-03-08 08:09:00
12370,Austria,2010-02-09 09:41:00
12371,Switzerland,2010-03-04 18:25:00
12372,Denmark,2011-02-16 12:46:00
12373,Austria,2010-02-04 12:08:00
12374,Austria,2010-10-14 10:16:00
12375,Finland,2011-11-29 10:36:00
12376,Switzerland,2010-11-15 12:15:00
12377,Switzerland,2010-04-29 15:34:00
12380,Belgium,2010-03-03 12:53:00
12381,Norway,2011-08-12 09:57:00
12383,Belgium,2010-12-22 14:28:00
12384,Switzerland,2011-08-10 11:23:00
12387,Australia,2010-10-20 16:27:00
12388,Australia,2010-09-20 12:41:00
12389,Australia,2010-05-21 15:12:00
12391,Cyprus,2010-02-15 10:12:00
12392,Australia,2010-04-27 14:04:00
12393,Australia,2010-10-07 13:49:00
12395,Belgium,2010-08-02 12:37:00
12397,Belgium,2011-07-27 14:21:00
12398,Switzerland,2011-10-25 10:27:00
12399,Belgium,2011-03-23 09:42:00
12400,Australia,2010-10-21 13:45:00
12402,Belgium,2010-09-15 13:24:00
12403,Denmark,2011-10-21 10:51:00
12406,Denmark,2010-01-11 14:04:00
12407,Belgium,2011-03-20 13:21:00
12408,Belgium,2010-09-15 13:16:00
12409,Switzerland,2011-09-21 14:15:00
12410,Switzerland,2010-07-25 13:26:00
12412,Denmark,2010-11-02 17:02:00
12414,Austria,2010-09-02 13:47:00
12415,Australia,2010-10-21 09:49:00
12416,Australia,2010-02-21 10:19:00
12417,Belgium,2009-12-10 11:25:00
12418,Switzerland,2010-05-12 13:11:00
12419,Spain,2010-11-19 10:04:00
12421,Spain,2010-10-20 14:28:00
12422,Australia,2009-12-18 12:44:00
12423,Belgium,2010-11-17 11:33:00
12424,Australia,2010-06-09 15:15:00
12425,Portugal,2011-09-22 17:31:00
12427,Germany,2011-10-10 15:15:00
12428,Finland,2011-03-20 15:46:00
12429,Denmark,2010-09-24 14:15:00
12430,Norway,2011-10-27 15:09:00
12431,Belgium,2010-01-15 09:37:00
12432,Norway,2011-06-20 13:27:00
12433,Norway,2010-09-16 10:51:00
12435,Denmark,2009-12-02 13:58:00
12437,France,2009-12-02 16:24:00
12438,Norway,2011-11-25 13:28:00
12439,Cyprus,2009-12-14 08:40:00
12440,Austria,2010-09-03 13:11:00
12443,Norway,2009-12-07 15:42:00
12444,Norway,2011-06-21 14:00:00
12445,Spain,2010-10-15 12:28:00
12446,RSA,2011-10-13 12:50:00
12447,Belgium,2011-04-10 13:25:00
12449,Denmark,2010-09-27 09:37:00
12450,Spain,2011-07-06 14:41:00
12451,Switzerland,2010-09-02 15:38:00
12452,Switzerland,2011-11-23 08:05:00
12454,Spain,2010-10-19 11:14:00
12455,Cyprus,2010-09-20 14:39:00
12456,Switzerland,2011-10-26 14:41:00
12457,Switzerland,2011-09-14 15:54:00
12459,Spain,2010-04-13 14:53:00
12461,Switzerland,2011-07-08 10:23:00
12462,Spain,2011-02-09 14:44:00
12463,Belgium,2011-04-12 12:47:00
12464,Belgium,2011-02-03 13:30:00
12465,Belgium,2011-11-22 16:34:00
12466,France,2010-01-26 16:26:00
12469,Thailand,2010-06-21 10:30:00
12471,Germany,2009-12-07 10:42:00
12472,Germany,2010-02-08 10:34:00
12473,Germany,2011-10-17 11:27:00
12474,Germany,2010-02-11 09:41:00
12475,Germany,2011-10-17 10:10:00
12476,Germany,2010-07-26 09:04:00
12477,Germany,2010-03-26 14:01:00
12478,Greece,2011-12-06 09:56:00
12480,Germany,2011-03-17 13:23:00
12481,Germany,2010-04-11 13:10:00
12482,Sweden,2010-02-24 10:43:00
12483,Sweden,2010-01-31 13:28:00
12484,Spain,2010-01-29 10:15:00
12486,Sweden,2010-10-04 12:14:00
12488,France,2011-09-25 10:34:00
12490,France,2010-05-07 14:56:00
12491,France,2011-11-01 12:18:00
12492,Germany,2010-11-01 14:58:00
12494,France,2011-02-17 10:08:00
12495,Sweden,2010-03-09 10:53:00
12498,Germany,2011-11-18 12:52:00
12499,Germany,2010-05-28 15:12:00
12500,Germany,2010-02-05 09:28:00
12502,Spain,2011-05-06 08:19:00
12503,Spain,2010-05-04 13:59:00
12504,Germany,2010-10-18 15:09:00
12507,Spain,2011-02-14 09:24:00
12509,France,2011-02-28 14:45:00
12510,Spain,2010-02-03 09:15:00
12511,Greece,2010-10-07 10:39:00
12514,Italy,2010-03-08 12:18:00
12516,Germany,2010-10-05 09:43:00
12517,Germany,2011-08-05 15:02:00
12518,Germany,2011-12-09 10:13:00
12519,Germany,2010-08-20 08:21:00
12520,Germany,2011-03-11 11:35:00
12521,Germany,2011-07-20 10:51:00
12522,Germany,2011-10-31 15:30:00
12523,France,2010-02-09 12:38:00
12524,Germany,2010-08-04 14:20:00
12526,Germany,2011-10-17 09:37:00
12527,Germany,2011-01-18 12:05:00
12528,Germany,2011-03-08 11:46:00
12530,Germany,2011-01-07 10:04:00
12531,Germany,2011-11-25 11:12:00
12533,Germany,2010-03-22 10:56:00
12535,France,2011-06-06 12:47:00
12536,France,2011-10-27 14:20:00
12538,Spain,2011-11-10 17:16:00
12539,Spain,2009-12-23 13:00:00
12540,Spain,2009-12-07 16:56:00
12541,Spain,2011-03-04 09:32:00
12542,Spain,2010-08-12 19:12:00
12544,Spain,2011-11-03 16:15:00
12545,Spain,2011-03-25 12:04:00
12546,Spain,2011-10-24 12:09:00
12547,Spain,2010-07-27 13:55:00
12549,USA,2010-01-11 12:29:00
12551,Spain,2010-12-17 11:23:00
12552,Italy,2011-11-01 10:02:00
12553,France,2010-11-19 12:18:00
12556,Spain,2011-07-11 13:35:00
12557,Spain,2011-07-04 13:19:00
12558,USA,2011-12-02 10:41:00
12559,Germany,2011-01-24 10:12:00
12560,Germany,2011-07-19 15:55:00
12562,France,2011-11-17 11:34:00
12567,France,2010-06-29 10:35:00
12569,Germany,2011-06-09 09:36:00
12570,Spain,2010-01-26 17:28:00
12572,Germany,2011-12-01 09:20:00
12573,France,2010-11-21 13:35:00
12576,Poland,2010-11-12 12:44:00
12577,France,2010-10-26 12:28:00
12578,Italy,2011-01-13 15:34:00
12580,Germany,2010-05-12 11:45:00
12581,Germany,2011-10-31 08:56:00
12582,Finland,2011-02-24 11:42:00
12583,France,2010-02-25 11:45:00
12584,Italy,2011-03-04 15:15:00
12585,Germany,2010-12-23 12:58:00
12586,Italy,2010-11-30 10:47:00
12588,Finland,2010-11-05 12:53:00
12590,Germany,2011-05-12 14:52:00
12593,France,2011-05-05 09:29:00
12594,Italy,2010-03-03 13:51:00
12597,Spain,2011-06-09 16:04:00
12598,France,2010-03-03 16:03:00
12599,France,2010-11-07 13:14:00
12600,Germany,2010-02-18 11:19:00
12601,Germany,2011-03-31 10:38:00
12602,France,2011-10-12 11:22:00
12604,France,2011-09-21 14:08:00
12605,Germany,2010-10-12 16:51:00
12609,Germany,2009-12-20 13:30:00
12610,Italy,2011-10-27 10:18:00
12613,Germany,2009-12-14 13:10:00
12615,France,2011-12-07 15:02:00
12617,France,2011-11-10 14:39:00
12619,Germany,2010-05-28 12:52:00
12620,France,2011-05-19 12:10:00
12621,Germany,2010-02-09 12:01:00
12623,Germany,2010-04-20 09:56:00
12624,France,2011-06-15 12:34:00
12626,Germany,2011-01-27 13:42:00
12628,Germany,2011-11-06 14:26:00
12629,Sweden,2010-10-12 16:40:00
12630,Finland,2011-11-30 10:48:00
12631,Finland,2010-01-15 14:50:00
12632,Germany,2010-05-24 09:07:00
12635,Germany,2011-07-08 08:43:00
12637,France,2010-11-11 14:29:00
12638,Sweden,2011-11-06 13:11:00
12639,Sweden,2010-10-01 12:17:00
12640,France,2011-09-19 12:01:00
12642,Germany,2011-08-24 09:23:00
12643,France,2011-08-03 12:56:00
12645,Germany,2010-09-01 09:25:00
12646,USA,2011-10-21 12:52:00
12647,Germany,2010-01-13 15:06:00
12648,Germany,2011-07-08 11:55:00
12649,Germany,2010-05-05 10:39:00
12650,France,2011-12-06 16:34:00
12651,France,2010-11-26 11:58:00
12653,Israel,2011-07-14 10:41:00
12654,Germany,2011-11-02 14:57:00
12656,France,2010-07-28 13:05:00
12657,France,2011-11-28 15:35:00
12661,Sweden,2010-09-29 16:46:00
12662,Germany,2010-05-18 15:06:00
12664,Finland,2011-07-19 12:43:00
12665,Germany,2010-10-18 11:34:00
12668,Germany,2010-03-09 11:10:00
12669,France,2011-07-12 09:54:00
12670,France,2010-11-19 10:05:00
12672,France,2011-01-14 09:20:00
12674,France,2011-06-22 09:43:00
12675,Italy,2010-05-10 16:44:00
12676,Sweden,2010-08-13 13:29:00
12677,France,2010-06-02 14:30:00
12678,France,2010-01-07 16:46:00
12679,France,2011-05-18 12:18:00
12680,France,2011-09-27 12:53:00
12681,France,2010-01-08 13:19:00
12682,France,2009-12-21 13:18:00
12683,France,2009-12-13 15:01:00
12684,France,2011-06-22 11:20:00
12685,France,2011-09-25 13:25:00
12687,Sweden,2010-08-16 12:12:00
12689,France,2011-08-04 10:04:00
12690,France,2011-05-18 09:09:00
12691,France,2010-10-15 12:00:00
12693,Germany,2010-07-05 13:56:00
12694,France,2011-06-09 17:48:00
12695,France,2010-06-29 16:12:00
12696,Finland,2010-07-19 10:02:00
12697,Sweden,2011-06-23 15:44:00
12699,Germany,2010-10-18 12:07:00
12700,France,2011-05-08 16:10:00
12701,Germany,2010-03-16 13:23:00
12703,Germany,2010-01-24 12:05:00
12704,Finland,2011-08-04 10:00:00
12705,Germany,2010-06-24 09:51:00
12707,France,2011-02-21 08:38:00
12708,Germany,2009-12-18 10:25:00
12709,Germany,2010-04-08 13:19:00
12712,Germany,2010-05-20 18:18:00
12713,Germany,2011-12-09 12:16:00
12714,France,2009-12-04 10:00:00
12717,Greece,2010-04-28 14:34:00
12718,France,2011-09-29 16:38:00
12719,France,2011-12-04 13:45:00
12720,Germany,2010-08-24 16:02:00
12721,France,2010-12-20 11:38:00
12722,France,2011-08-14 11:16:00
12723,France,2011-10-05 15:52:00
12724,France,2010-07-22 13:22:00
12725,Italy,2010-05-17 14:54:00
12726,France,2010-10-04 14:42:00
12727,France,2011-01-23 15:17:00
12728,France,2011-01-11 13:31:00
12731,France,2010-05-16 15:39:00
12733,USA,2010-01-19 13:23:00
12734,France,2010-11-12 13:26:00
12735,France,2011-01-06 14:26:00
12737,France,2010-07-29 12:29:00
12739,United Arab Emirates,2010-11-10 14:27:00
12741,USA,2010-06-24 16:24:00
12743,Unspecified,2011-07-28 16:21:00
12744,Singapore,2010-04-27 16:19:00
12745,EIRE,2010-01-26 16:22:00
12747,United Kingdom,2010-03-09 15:16:00
12748,United Kingdom,2009-12-14 12:28:00
12749,United Kingdom,2010-07-06 15:05:00
12753,Japan,2011-07-27 09:32:00
12754,Japan,2011-02-04 10:31:00
12755,Japan,2010-03-15 10:47:00
12756,Japan,2011-09-14 09:31:00
12757,Portugal,2011-05-23 14:58:00
12758,Portugal,2010-03-24 10:28:00
12759,Netherlands,2009-12-04 10:47:00
12760,Netherlands,2010-09-10 08:50:00
12762,Portugal,2011-11-14 14:23:00
12765,Netherlands,2010-05-02 15:33:00
12766,Portugal,2010-12-08 13:53:00
12770,Japan,2010-09-09 11:43:00
12772,Portugal,2011-10-11 09:19:00
12773,Portugal,2010-05-24 17:30:00
12775,Netherlands,2010-10-26 14:24:00
12779,Poland,2010-08-26 15:44:00
12781,Czech Republic,2011-10-07 10:37:00
12782,Portugal,2011-01-26 10:02:00
12783,Portugal,2011-09-25 15:35:00
12784,Portugal,2010-06-28 13:06:00
12788,Netherlands,2010-07-15 13:24:00
12791,Netherlands,2010-04-18 14:00:00
12792,Portugal,2011-03-28 11:36:00
12796,Netherlands,2010-03-21 15:49:00
12798,Japan,2011-10-26 13:21:00
12800,Portugal,2010-08-26 14:11:00
12802,Netherlands,2010-08-26 13:23:00
12806,Netherlands,2010-04-30 10:44:00
12808,Portugal,2010-09-03 10:24:00
12809,Portugal,2011-06-15 10:51:00
12810,Japan,2010-06-23 10:53:00
12811,Portugal,2011-02-28 15:39:00
12813,Netherlands,2010-01-15 16:52:00
12816,Poland,2011-09-05 12:41:00
12819,United Kingdom,2010-09-07 15:20:00
12820,United Kingdom,2009-12-05 13:37:00
12822,United Kingdom,2011-09-30 10:04:00
12823,United Kingdom,2010-03-05 11:55:00
12826,United Kingdom,2009-12-18 10:43:00
12827,United Kingdom,2011-12-04 12:17:00
12828,United Kingdom,2011-08-01 16:16:00
12830,United Kingdom,2011-07-28 17:18:00
12831,United Kingdom,2011-03-22 13:02:00
12832,United Kingdom,2011-11-07 13:30:00
12835,United Kingdom,2009-12-03 12:13:00
12836,United Kingdom,2010-01-21 13:34:00
12837,United Kingdom,2011-06-19 16:07:00
12838,United Kingdom,2010-05-12 14:09:00
12839,United Kingdom,2009-12-07 09:18:00
12840,United Kingdom,2011-06-10 10:29:00
12841,United Kingdom,2010-08-12 13:50:00
12842,United Kingdom,2009-12-02 08:15:00
12843,United Kingdom,2010-01-27 17:11:00
12846,United Kingdom,2010-01-26 16:29:00
12848,United Kingdom,2010-02-02 12:45:00
12849,United Kingdom,2011-03-16 12:26:00
12850,United Kingdom,2010-09-20 12:26:00
12853,United Kingdom,2010-07-27 10:49:00
12854,United Kingdom,2011-01-25 13:35:00
12856,United Kingdom,2011-10-07 12:38:00
12857,United Kingdom,2011-02-10 12:32:00
12858,United Kingdom,2010-11-21 12:55:00
12861,United Kingdom,2010-03-30 11:39:00
12862,United Kingdom,2010-08-01 15:20:00
12863,United Kingdom,2010-07-08 13:59:00
12865,Austria,2010-08-20 12:20:00
12866,Belgium,2010-07-25 11:37:00
12867,United Kingdom,2010-07-26 15:17:00
12868,United Kingdom,2010-11-24 10:27:00
12870,United Kingdom,2010-08-19 14:49:00
12871,United Kingdom,2011-05-16 13:32:00
12872,United Kingdom,2009-12-03 20:03:00
12874,Belgium,2010-06-03 12:51:00
12875,United Kingdom,2010-12-12 12:03:00
12876,Belgium,2010-04-28 13:26:00
12877,United Kingdom,2010-06-03 14:44:00
12879,United Kingdom,2011-09-19 14:27:00
12880,United Kingdom,2010-05-14 11:57:00
12882,United Kingdom,2011-11-06 11:22:00
12885,United Kingdom,2011-10-07 13:34:00
12889,United Kingdom,2010-07-25 14:32:00
12891,United Kingdom,2010-07-12 13:55:00
12893,United Kingdom,2011-11-09 12:34:00
12894,United Kingdom,2010-05-13 14:47:00
12895,United Kingdom,2011-10-28 13:51:00
12901,United Kingdom,2011-04-19 12:19:00
12904,United Kingdom,2011-11-21 14:34:00
12908,United Kingdom,2011-01-31 12:37:00
12909,United Kingdom,2011-03-31 12:51:00
12910,United Kingdom,2010-03-28 13:10:00
12912,United Kingdom,2011-11-16 09:34:00
12913,United Kingdom,2009-12-01 12:18:00
12915,United Kingdom,2010-04-29 19:36:00
12916,United Kingdom,2010-01-24 11:26:00
12917,United Kingdom,2010-05-10 13:28:00
12919,United Kingdom,2011-06-23 09:22:00
12921,United Kingdom,2009-12-03 10:28:00
12923,United Kingdom,2010-05-13 14:55:00
12924,United Kingdom,2009-12-09 12:42:00
12925,United Kingdom,2010-04-26 10:32:00
12926,United Kingdom,2010-03-02 16:33:00
12927,United Kingdom,2010-11-10 10:02:00
12928,United Kingdom,2010-06-25 15:18:00
12929,United Kingdom,2011-02-01 12:08:00
12931,United Kingdom,2009-12-03 17:48:00
12932,United Kingdom,2010-02-10 08:46:00
12933,United Kingdom,2010-09-14 15:56:00
12934,United Kingdom,2009-12-03 10:51:00
12935,United Kingdom,2010-05-11 10:26:00
12936,United Kingdom,2011-09-22 13:51:00
12937,United Kingdom,2009-12-17 14:43:00
12939,United Kingdom,2010-01-12 11:27:00
12940,United Kingdom,2011-09-13 10:16:00
12941,United Kingdom,2009-12-15 13:12:00
12945,United Kingdom,2011-02-24 14:15:00
12947,United Kingdom,2010-12-01 16:21:00
12948,United Kingdom,2009-12-02 12:28:00
12949,United Kingdom,2009-12-03 15:56:00
12950,United Kingdom,2011-12-01 15:55:00
12951,United Kingdom,2010-01-10 12:43:00
12952,United Kingdom,2011-10-27 17:00:00
12953,United Kingdom,2011-11-30 09:24:00
12955,United Kingdom,2011-03-17 09:03:00
12956,United Kingdom,2010-01-24 10:33:00
12957,United Kingdom,2010-03-11 13:43:00
12958,United Kingdom,2010-05-05 16:22:00
12960,United Kingdom,2010-02-16 13:32:00
12963,United Kingdom,2010-08-27 10:05:00
12967,United Kingdom,2010-11-21 11:03:00
12969,United Kingdom,2010-04-16 10:50:00
12970,United Kingdom,2009-12-04 14:19:00
12971,United Kingdom,2009-12-15 19:04:00
12972,United Kingdom,2010-02-16 14:30:00
12975,United Kingdom,2010-07-08 10:06:00
12976,United Kingdom,2010-02-12 15:46:00
12977,United Kingdom,2010-07-16 16:25:00
12978,United Kingdom,2010-11-19 14:29:00
12980,United Kingdom,2009-12-02 11:26:00
12982,United Kingdom,2010-04-12 13:50:00
12985,United Kingdom,2011-11-11 12:44:00
12986,United Kingdom,2010-03-08 10:41:00
12987,United Kingdom,2010-04-08 17:45:00
12989,United Kingdom,2009-12-10 13:27:00
12990,United Kingdom,2011-06-07 14:27:00
12991,United Kingdom,2010-11-15 13:43:00
12993,United Kingdom,2010-09-20 13:08:00
12995,United Kingdom,2011-09-15 15:44:00
12997,United Kingdom,2010-04-06 11:06:00
12999,United Kingdom,2011-04-08 10:26:00
13001,United Kingdom,2010-01-25 12:08:00
13002,United Kingdom,2010-10-19 12:23:00
13003,United Kingdom,2011-08-26 10:50:00
13004,United Kingdom,2009-12-15 09:44:00
13008,United Kingdom,2009-12-16 16:07:00
13012,United Kingdom,2010-07-14 13:40:00
13013,United Kingdom,2009-12-14 10:34:00
13014,United Kingdom,2010-10-03 11:35:00
13015,United Kingdom,2010-07-30 14:00:00
13016,United Kingdom,2011-09-27 14:07:00
13017,United Kingdom,2011-12-02 15:53:00
13018,United Kingdom,2010-03-01 12:34:00
13019,United Kingdom,2010-05-23 11:19:00
13020,United Kingdom,2010-05-26 11:12:00
13021,United Kingdom,2010-10-12 09:26:00
13023,United Kingdom,2010-06-29 09:51:00
13025,United Kingdom,2009-12-08 10:02:00
13026,United Kingdom,2009-12-13 11:34:00
13027,United Kingdom,2010-01-20 10:41:00
13028,United Kingdom,2011-10-25 14:09:00
13029,United Kingdom,2010-11-30 08:59:00
13030,United Kingdom,2011-11-28 14:30:00
13031,United Kingdom,2010-07-22 16:01:00
13032,United Kingdom,2010-09-06 14:33:00
13033,United Kingdom,2010-10-06 09:37:00
13036,United Kingdom,2010-01-24 11:35:00
13037,United Kingdom,2010-01-18 14:11:00
13039,United Kingdom,2010-04-13 14:16:00
13040,United Kingdom,2011-11-06 13:53:00
13042,United Kingdom,2010-02-02 15:49:00
13044,United Kingdom,2010-05-12 12:23:00
13046,United Kingdom,2010-09-09 13:09:00
13047,United Kingdom,2009-12-16 11:43:00
13048,United Kingdom,2010-01-27 12:55:00
13050,United Kingdom,2010-04-25 12:34:00
13052,United Kingdom,2010-04-13 14:02:00
13053,United Kingdom,2010-03-28 11:28:00
13056,United Kingdom,2010-06-06 14:10:00
13057,United Kingdom,2010-03-18 12:14:00
13058,United Kingdom,2011-10-12 13:28:00
13059,United Kingdom,2010-03-31 12:23:00
13064,United Kingdom,2011-01-16 13:41:00
13065,United Kingdom,2010-08-26 13:26:00
13066,United Kingdom,2011-11-15 12:57:00
13067,United Kingdom,2011-09-18 13:38:00
13069,United Kingdom,2010-06-14 14:27:00
13070,United Kingdom,2009-12-07 14:44:00
13071,United Kingdom,2010-04-06 13:37:00
13073,United Kingdom,2010-09-28 09:27:00
13074,United Kingdom,2009-12-16 11:46:00
13075,United Kingdom,2011-08-02 10:19:00
13076,United Kingdom,2010-09-08 10:27:00
13077,United Kingdom,2010-04-29 18:18:00
13078,United Kingdom,2009-12-16 07:59:00
13079,United Kingdom,2010-10-18 14:15:00
13080,United Kingdom,2010-04-09 13:07:00
13081,United Kingdom,2010-02-15 12:05:00
13082,United Kingdom,2009-12-22 15:37:00
13083,United Kingdom,2011-09-25 10:46:00
13085,United Kingdom,2010-01-29 10:06:00
13089,United Kingdom,2009-12-02 15:44:00
13090,United Kingdom,2010-11-18 14:04:00
13092,United Kingdom,2010-06-10 16:45:00
13093,United Kingdom,2009-12-04 10:32:00
13094,United Kingdom,2011-05-18 11:08:00
13096,United Kingdom,2010-11-10 14:08:00
13097,United Kingdom,2009-12-01 13:31:00
13098,United Kingdom,2011-04-06 12:41:00
13099,United Kingdom,2011-09-01 17:40:00
13101,United Kingdom,2010-01-27 15:49:00
13102,United Kingdom,2010-09-30 10:34:00
13103,United Kingdom,2010-09-28 11:48:00
13104,United Kingdom,2010-06-24 10:02:00
13105,United Kingdom,2010-09-29 13:41:00
13107,United Kingdom,2010-02-04 10:50:00
13108,United Kingdom,2010-09-30 17:09:00
13110,United Kingdom,2009-12-01 14:14:00
13113,United Kingdom,2010-03-28 16:13:00
13114,United Kingdom,2009-12-09 09:56:00
13115,United Kingdom,2011-06-08 16:15:00
13117,United Kingdom,2010-03-26 13:50:00
13118,United Kingdom,2010-11-05 11:49:00
13119,United Kingdom,2010-02-09 08:38:00
13122,United Kingdom,2011-04-13 14:12:00
13123,United Kingdom,2010-06-28 12:43:00
13124,United Kingdom,2010-11-19 15:50:00
13126,United Kingdom,2010-04-23 14:38:00
13127,United Kingdom,2011-09-23 10:26:00
13129,United Kingdom,2010-09-13 13:47:00
13131,United Kingdom,2010-10-17 15:13:00
13132,United Kingdom,2011-03-23 12:44:00
13133,United Kingdom,2011-02-08 15:48:00
13134,United Kingdom,2011-06-09 11:37:00
13136,United Kingdom,2010-05-02 13:46:00
13137,United Kingdom,2010-09-19 13:05:00
13138,United Kingdom,2011-04-13 09:59:00
13139,United Kingdom,2010-09-28 09:12:00
13140,United Kingdom,2010-08-05 19:05:00
13141,United Kingdom,2010-01-25 13:46:00
13144,United Kingdom,2010-10-04 14:14:00
13145,United Kingdom,2010-04-19 11:11:00
13147,United Kingdom,2011-10-27 16:35:00
13148,United Kingdom,2009-12-07 15:26:00
13149,United Kingdom,2011-08-25 13:40:00
13152,United Kingdom,2010-04-25 16:07:00
13154,United Kingdom,2009-12-04 08:46:00
13155,United Kingdom,2011-09-21 10:27:00
13156,United Kingdom,2010-02-01 13:45:00
13157,United Kingdom,2011-10-21 13:50:00
13158,United Kingdom,2010-11-16 17:12:00
13161,United Kingdom,2011-01-30 14:03:00
13162,United Kingdom,2010-03-30 16:40:00
13164,United Kingdom,2010-05-19 13:52:00
13165,United Kingdom,2010-10-22 17:04:00
13166,United Kingdom,2011-03-01 15:16:00
13167,United Kingdom,2010-11-14 12:58:00
13168,United Kingdom,2011-01-25 13:55:00
13170,United Kingdom,2011-11-13 12:19:00
13171,United Kingdom,2011-10-21 16:18:00
13172,United Kingdom,2010-11-04 15:10:00
13173,United Kingdom,2009-12-10 12:52:00
13174,United Kingdom,2010-11-01 15:14:00
13177,United Kingdom,2010-10-05 10:35:00
13178,United Kingdom,2010-01-17 15:22:00
13180,United Kingdom,2010-04-11 13:37:00
13182,United Kingdom,2011-10-25 13:46:00
13183,United Kingdom,2010-03-14 12:32:00
13184,United Kingdom,2011-02-22 17:25:00
13185,United Kingdom,2011-03-17 11:56:00
13186,United Kingdom,2011-08-03 09:09:00
13187,United Kingdom,2010-03-25 17:18:00
13190,United Kingdom,2009-12-07 12:13:00
13192,United Kingdom,2010-04-27 10:50:00
13194,United Kingdom,2010-10-14 11:54:00
13195,United Kingdom,2010-10-21 13:07:00
13196,United Kingdom,2010-09-22 14:01:00
13198,United Kingdom,2010-10-01 13:27:00
13199,United Kingdom,2009-12-05 10:11:00
13200,United Kingdom,2011-08-05 14:50:00
13202,United Kingdom,2010-05-13 14:46:00
13203,United Kingdom,2010-06-24 14:05:00
13204,United Kingdom,2009-12-08 14:56:00
13206,United Kingdom,2010-01-04 12:57:00
13207,United Kingdom,2010-09-14 15:44:00
13208,United Kingdom,2010-06-24 18:06:00
13209,United Kingdom,2010-01-24 14:30:00
13210,United Kingdom,2011-09-07 08:18:00
13211,United Kingdom,2010-03-14 13:46:00
13213,United Kingdom,2010-05-20 14:50:00
13214,United Kingdom,2010-08-12 17:01:00
13217,United Kingdom,2011-07-06 12:08:00
13219,United Kingdom,2010-03-31 14:18:00
13220,United Kingdom,2011-04-17 10:59:00
13223,United Kingdom,2010-05-16 11:28:00
13224,United Kingdom,2011-10-10 14:55:00
13225,United Kingdom,2010-02-15 11:46:00
13226,United Kingdom,2010-11-11 13:46:00
13228,United Kingdom,2011-09-19 14:28:00
13230,United Kingdom,2010-03-18 20:02:00
13232,United Kingdom,2011-04-10 13:48:00
13233,United Kingdom,2011-01-07 14:49:00
13234,United Kingdom,2009-12-07 12:32:00
13236,United Kingdom,2011-08-25 08:58:00
13237,United Kingdom,2010-11-17 10:07:00
13238,United Kingdom,2010-04-28 15:02:00
13239,United Kingdom,2010-07-30 07:43:00
13240,United Kingdom,2010-02-25 13:31:00
13241,United Kingdom,2010-10-24 11:17:00
13242,United Kingdom,2010-05-26 12:03:00
13243,United Kingdom,2010-03-18 13:10:00
13244,United Kingdom,2011-09-08 11:46:00
13246,United Kingdom,2010-09-10 13:59:00
13247,United Kingdom,2011-11-22 10:59:00
13248,United Kingdom,2011-08-07 12:40:00
13249,United Kingdom,2010-06-23 13:16:00
13252,United Kingdom,2010-03-24 10:30:00
13253,United Kingdom,2010-01-05 12:13:00
13254,United Kingdom,2010-11-28 15:42:00
13255,United Kingdom,2010-12-01 11:58:00
13257,United Kingdom,2010-09-29 14:58:00
13259,United Kingdom,2010-01-31 10:08:00
13260,United Kingdom,2011-10-09 13:21:00
13262,United Kingdom,2010-04-18 12:14:00
13263,United Kingdom,2011-01-18 16:31:00
13264,United Kingdom,2010-09-23 12:42:00
13265,United Kingdom,2011-03-11 09:54:00
13266,United Kingdom,2010-04-14 09:43:00
13267,United Kingdom,2009-12-07 16:56:00
13268,United Kingdom,2011-03-17 13:20:00
13269,United Kingdom,2009-12-02 11:48:00
13272,United Kingdom,2011-09-11 12:06:00
13274,United Kingdom,2010-10-26 13:48:00
13275,United Kingdom,2010-03-17 14:05:00
13277,United Kingdom,2010-11-24 15:34:00
13278,United Kingdom,2010-08-17 11:30:00
13280,United Kingdom,2010-03-05 09:07:00
13282,United Kingdom,2011-06-30 13:17:00
13283,United Kingdom,2010-05-21 13:56:00
13284,United Kingdom,2011-01-13 09:23:00
13285,United Kingdom,2010-03-25 14:26:00
13287,United Kingdom,2010-02-23 14:54:00
13288,United Kingdom,2010-07-07 15:43:00
13290,United Kingdom,2010-09-27 16:29:00
13291,United Kingdom,2010-10-07 19:16:00
13293,United Kingdom,2010-04-25 12:42:00
13294,United Kingdom,2010-03-03 12:54:00
13296,United Kingdom,2010-05-11 14:29:00
13297,United Kingdom,2011-12-02 09:32:00
13299,United Kingdom,2011-03-16 12:55:00
13300,United Kingdom,2010-11-16 17:10:00
13301,United Kingdom,2011-07-04 13:35:00
13305,United Kingdom,2010-07-27 15:14:00
13307,United Kingdom,2010-04-26 13:28:00
13310,United Kingdom,2011-01-19 14:50:00
13311,United Kingdom,2011-07-12 14:26:00
13313,United Kingdom,2010-06-07 12:31:00
13314,United Kingdom,2011-09-27 10:20:00
13315,United Kingdom,2010-01-19 15:34:00
13316,United Kingdom,2010-09-20 14:08:00
13317,United Kingdom,2010-02-17 14:47:00
13318,United Kingdom,2011-12-04 12:17:00
13319,United Kingdom,2009-12-17 15:37:00
13320,United Kingdom,2010-10-01 14:59:00
13323,United Kingdom,2011-11-18 10:24:00
13324,United Kingdom,2010-09-14 12:51:00
13327,United Kingdom,2009-12-18 15:35:00
13329,United Kingdom,2009-12-04 15:41:00
13330,United Kingdom,2010-05-23 11:02:00
13331,United Kingdom,2010-11-03 08:04:00
13333,United Kingdom,2010-10-24 13:24:00
13338,United Kingdom,2010-05-28 11:47:00
13340,United Kingdom,2010-03-29 12:19:00
13344,United Kingdom,2011-03-07 10:28:00
13346,United Kingdom,2010-05-17 15:36:00
13347,United Kingdom,2011-09-30 13:28:00
13348,United Kingdom,2011-10-06 17:28:00
13350,United Kingdom,2011-09-21 13:33:00
13356,United Kingdom,2011-09-20 14:33:00
13357,United Kingdom,2010-03-22 14:38:00
13359,United Kingdom,2010-11-01 15:05:00
13360,United Kingdom,2010-01-08 11:16:00
13362,United Kingdom,2010-10-10 15:27:00
13365,United Kingdom,2011-11-06 12:36:00
13366,United Kingdom,2011-10-20 13:37:00
13368,United Kingdom,2011-01-06 12:32:00
13371,United Kingdom,2010-03-17 15:29:00
13373,United Kingdom,2009-12-06 12:34:00
13374,United Kingdom,2010-09-16 10:29:00
13377,United Kingdom,2010-03-04 10:06:00
13380,United Kingdom,2010-10-03 10:18:00
13381,United Kingdom,2009-12-01 15:19:00
13382,United Kingdom,2010-03-15 09:11:00
13383,United Kingdom,2010-06-14 11:45:00
13384,United Kingdom,2010-07-27 12:22:00
13386,United Kingdom,2010-10-21 12:52:00
13387,United Kingdom,2010-10-18 14:07:00
13389,United Kingdom,2011-09-26 09:52:00
13393,United Kingdom,2009-12-15 15:36:00
13394,United Kingdom,2009-12-01 11:58:00
13395,United Kingdom,2011-06-07 15:04:00
13397,United Kingdom,2010-09-28 13:10:00
13398,United Kingdom,2010-09-17 09:34:00
13399,United Kingdom,2010-07-08 17:47:00
13400,United Kingdom,2010-05-06 09:00:00
13403,United Kingdom,2009-12-16 13:23:00
13404,United Kingdom,2011-05-11 11:57:00
13405,United Kingdom,2009-12-15 14:13:00
13406,United Kingdom,2010-03-18 07:29:00
13407,United Kingdom,2010-02-16 11:13:00
13408,United Kingdom,2009-12-04 09:31:00
13410,United Kingdom,2011-11-15 15:33:00
13413,United Kingdom,2010-01-21 17:43:00
13414,United Kingdom,2010-09-02 16:55:00
13415,United Kingdom,2010-08-24 11:38:00
13416,United Kingdom,2011-09-19 14:43:00
13417,United Kingdom,2010-03-31 14:31:00
13418,United Kingdom,2010-04-12 09:13:00
13420,United Kingdom,2011-07-13 08:48:00
13421,United Kingdom,2010-02-14 14:54:00
13423,United Kingdom,2010-10-07 09:02:00
13425,United Kingdom,2010-07-19 12:56:00
13426,United Kingdom,2009-12-09 15:16:00
13427,United Kingdom,2010-06-18 09:28:00
13428,United Kingdom,2010-07-13 13:20:00
13429,United Kingdom,2011-09-25 15:59:00
13430,United Kingdom,2011-11-21 08:19:00
13431,United Kingdom,2011-10-03 13:49:00
13432,United Kingdom,2010-04-06 14:42:00
13433,United Kingdom,2010-07-26 16:55:00
13434,United Kingdom,2010-09-05 14:13:00
13435,United Kingdom,2011-09-25 15:15:00
13436,United Kingdom,2011-12-08 10:33:00
13437,United Kingdom,2011-08-02 14:00:00
13439,United Kingdom,2010-07-01 14:36:00
13440,United Kingdom,2010-10-12 13:07:00
13442,United Kingdom,2009-12-01 14:59:00
13443,United Kingdom,2010-06-04 12:50:00
13444,United Kingdom,2010-07-21 14:34:00
13446,United Kingdom,2010-03-05 13:19:00
13447,United Kingdom,2011-11-04 10:10:00
13448,United Kingdom,2010-01-28 10:42:00
13450,United Kingdom,2010-04-15 19:15:00
13451,United Kingdom,2010-06-29 16:43:00
13452,United Kingdom,2010-08-24 09:53:00
13453,United Kingdom,2010-11-02 13:23:00
13455,United Kingdom,2009-12-09 08:58:00
13456,United Kingdom,2011-05-16 15:34:00
13457,United Kingdom,2009-12-02 12:46:00
13458,United Kingdom,2010-11-25 15:02:00
13460,United Kingdom,2011-10-21 09:50:00
13461,United Kingdom,2010-10-28 17:53:00
13462,United Kingdom,2010-01-19 10:45:00
13464,United Kingdom,2010-10-18 09:13:00
13466,United Kingdom,2010-03-21 13:50:00
13467,United Kingdom,2011-11-29 10:01:00
13468,United Kingdom,2009-12-15 09:34:00
13470,United Kingdom,2011-08-16 17:06:00
13471,United Kingdom,2011-10-23 13:10:00
13472,United Kingdom,2010-06-02 09:48:00
13473,United Kingdom,2010-03-02 15:28:00
13474,United Kingdom,2010-08-01 14:40:00
13475,United Kingdom,2011-02-14 12:36:00
13477,United Kingdom,2010-06-15 14:33:00
13478,United Kingdom,2010-01-31 15:51:00
13479,United Kingdom,2010-08-19 16:18:00
13481,United Kingdom,2009-12-04 12:37:00
13482,United Kingdom,2011-04-21 17:03:00
13484,United Kingdom,2010-03-10 11:46:00
13485,United Kingdom,2010-04-20 15:32:00
13487,United Kingdom,2009-12-05 10:25:00
13488,United Kingdom,2010-06-17 09:56:00
13489,United Kingdom,2011-02-18 10:42:00
13491,United Kingdom,2009-12-09 07:01:00
13493,Switzerland,2011-03-09 15:35:00
13495,United Kingdom,2010-12-06 15:14:00
13496,United Kingdom,2011-11-29 10:58:00
13497,United Kingdom,2010-12-06 11:37:00
13499,United Kingdom,2011-03-15 08:52:00
13500,United Kingdom,2010-11-03 13:16:00
13503,United Kingdom,2010-02-16 13:49:00
13504,United Kingdom,2011-10-06 13:20:00
13506,United Kingdom,2010-09-05 12:33:00
13507,United Kingdom,2011-07-17 11:50:00
13508,United Kingdom,2010-03-07 11:58:00
13509,United Kingdom,2011-02-28 13:27:00
13510,United Kingdom,2010-02-01 11:20:00
13512,United Kingdom,2010-05-05 13:22:00
13513,United Kingdom,2010-02-22 16:36:00
13514,United Kingdom,2010-10-07 12:10:00
13515,United Kingdom,2011-07-14 15:02:00
13516,United Kingdom,2011-09-28 12:28:00
13517,United Kingdom,2011-10-11 11:43:00
13518,United Kingdom,2011-09-15 10:29:00
13519,United Kingdom,2010-09-23 11:45:00
13520,Switzerland,2009-12-17 11:11:00
13522,United Kingdom,2011-11-09 15:11:00
13523,United Kingdom,2011-05-24 08:49:00
13524,United Kingdom,2011-05-04 12:26:00
13525,United Kingdom,2011-04-05 15:36:00
13526,United Kingdom,2009-12-01 13:13:00
13527,United Kingdom,2010-01-21 12:37:00
13529,United Kingdom,2011-09-22 09:15:00
13530,United Kingdom,2010-03-15 14:10:00
13531,United Kingdom,2009-12-03 15:20:00
13533,United Kingdom,2011-03-17 12:53:00
13534,United Kingdom,2010-07-07 15:00:00
13535,United Kingdom,2010-11-02 11:49:00
13536,United Kingdom,2011-09-25 13:30:00
13538,United Kingdom,2010-10-15 14:27:00
13539,United Kingdom,2010-06-22 15:28:00
13540,United Kingdom,2010-02-22 09:22:00
13541,United Kingdom,2010-10-08 16:37:00
13542,United Kingdom,2009-12-20 11:50:00
13543,United Kingdom,2010-01-21 14:30:00
13544,United Kingdom,2011-04-13 12:09:00
13546,United Kingdom,2010-10-11 17:23:00
13549,United Kingdom,2010-11-17 12:17:00
13552,United Kingdom,2011-05-18 15:41:00
13554,United Kingdom,2010-10-18 15:14:00
13555,United Kingdom,2010-01-19 13:20:00
13556,United Kingdom,2010-10-06 16:44:00
13557,United Kingdom,2009-12-17 14:01:00
13558,United Kingdom,2011-10-02 13:01:00
13559,United Kingdom,2010-06-14 11:52:00
13561,United Kingdom,2010-02-28 13:42:00
13562,United Kingdom,2010-01-14 16:33:00
13564,United Kingdom,2009-12-07 12:08:00
13566,United Kingdom,2010-03-10 12:22:00
13567,United Kingdom,2010-06-16 12:48:00
13569,United Kingdom,2010-10-07 13:05:00
13571,United Kingdom,2009-12-08 13:02:00
13573,United Kingdom,2010-09-16 15:46:00
13575,United Kingdom,2011-06-16 14:24:00
13576,United Kingdom,2009-12-08 15:12:00
13577,United Kingdom,2011-04-12 10:33:00
13579,United Kingdom,2010-12-05 16:10:00
13580,United Kingdom,2010-10-29 15:01:00
13584,United Kingdom,2010-02-02 08:40:00
13585,United Kingdom,2009-12-01 14:56:00
13586,United Kingdom,2010-06-16 13:47:00
13587,United Kingdom,2010-09-16 13:50:00
13588,United Kingdom,2011-07-26 09:27:00
13589,United Kingdom,2010-05-09 11:16:00
13590,United Kingdom,2010-04-13 12:35:00
13591,United Kingdom,2010-05-05 09:55:00
13592,United Kingdom,2011-03-20 14:01:00
13593,United Kingdom,2010-03-02 17:10:00
13594,United Kingdom,2010-08-11 10:23:00
13597,United Kingdom,2010-11-04 14:54:00
13599,United Kingdom,2010-03-11 10:26:00
13600,United Kingdom,2010-03-15 17:16:00
13601,United Kingdom,2010-11-12 15:20:00
13602,United Kingdom,2010-05-28 11:49:00
13604,United Kingdom,2010-02-19 12:02:00
13605,United Kingdom,2010-11-17 17:16:00
13606,United Kingdom,2011-02-01 11:42:00
13610,United Kingdom,2010-01-05 14:12:00
13611,United Kingdom,2009-12-03 07:57:00
13613,United Kingdom,2010-09-13 10:44:00
13614,United Kingdom,2011-06-28 14:58:00
13617,United Kingdom,2010-09-05 15:47:00
13621,United Kingdom,2011-08-15 08:26:00
13623,United Kingdom,2011-02-15 13:08:00
13626,United Kingdom,2011-04-01 10:05:00
13627,United Kingdom,2010-12-17 09:52:00
13629,United Kingdom,2010-04-14 13:24:00
13630,United Kingdom,2011-08-26 10:32:00
13631,United Kingdom,2011-06-15 11:29:00
13632,United Kingdom,2011-04-10 15:07:00
13634,United Kingdom,2010-01-10 14:26:00
13635,United Kingdom,2009-12-01 09:46:00
13636,United Kingdom,2011-04-01 12:09:00
13637,United Kingdom,2011-06-05 13:24:00
13641,United Kingdom,2009-12-16 12:24:00
13643,United Kingdom,2009-12-08 12:48:00
13644,United Kingdom,2011-08-26 11:53:00
13645,United Kingdom,2011-08-11 16:11:00
13647,United Kingdom,2010-08-02 10:29:00
13648,United Kingdom,2010-10-28 09:12:00
13649,United Kingdom,2010-07-15 12:36:00
13651,United Kingdom,2011-10-31 12:11:00
13652,United Kingdom,2010-02-25 17:37:00
13654,United Kingdom,2011-03-11 12:54:00
13656,United Kingdom,2011-01-06 15:42:00
13658,United Kingdom,2010-08-04 13:47:00
13659,United Kingdom,2010-04-15 11:33:00
13662,United Kingdom,2011-09-15 12:04:00
13663,United Kingdom,2010-10-17 13:22:00
13665,United Kingdom,2010-10-13 14:46:00
13666,United Kingdom,2011-02-25 13:08:00
13668,United Kingdom,2010-01-20 12:06:00
13669,United Kingdom,2011-07-13 11:44:00
13671,United Kingdom,2010-11-10 10:50:00
13672,United Kingdom,2011-01-11 13:54:00
13673,United Kingdom,2011-11-21 12:11:00
13674,United Kingdom,2010-10-03 10:41:00
13677,United Kingdom,2010-07-07 17:25:00
13680,United Kingdom,2009-12-04 14:14:00
13681,United Kingdom,2011-11-22 11:13:00
13684,United Kingdom,2010-05-26 13:23:00
13685,United Kingdom,2011-10-10 12:59:00
13686,United Kingdom,2010-11-03 13:44:00
13687,United Kingdom,2010-09-27 16:30:00
13692,United Kingdom,2011-04-17 12:57:00
13693,United Kingdom,2009-12-07 11:29:00
13694,United Kingdom,2009-12-04 15:26:00
13695,United Kingdom,2011-03-25 11:31:00
13696,United Kingdom,2010-02-11 14:17:00
13698,United Kingdom,2010-01-27 09:02:00
13700,United Kingdom,2011-01-16 13:19:00
13704,United Kingdom,2011-09-12 14:40:00
13705,United Kingdom,2011-12-02 12:32:00
13707,United Kingdom,2010-10-06 10:04:00
13708,United Kingdom,2011-03-13 13:46:00
13709,United Kingdom,2010-06-10 08:47:00
13710,United Kingdom,2010-04-06 12:54:00
13711,United Kingdom,2010-01-07 18:34:00
13715,United Kingdom,2010-05-27 13:34:00
13717,United Kingdom,2010-09-08 16:17:00
13718,United Kingdom,2011-02-17 11:58:00
13719,United Kingdom,2010-05-17 14:36:00
13720,United Kingdom,2011-04-15 15:17:00
13722,United Kingdom,2010-03-03 14:13:00
13723,United Kingdom,2010-10-20 14:23:00
13725,United Kingdom,2011-02-07 15:14:00
13726,United Kingdom,2011-08-31 11:06:00
13727,United Kingdom,2009-12-09 13:25:00
13728,United Kingdom,2010-02-17 08:32:00
13730,United Kingdom,2011-07-01 12:47:00
13733,United Kingdom,2010-10-25 12:18:00
13735,United Kingdom,2009-12-13 13:31:00
13736,United Kingdom,2010-10-10 11:41:00
13740,United Kingdom,2010-05-12 09:39:00
13741,United Kingdom,2011-09-29 09:19:00
13742,United Kingdom,2011-02-25 13:40:00
13743,United Kingdom,2011-05-06 14:32:00
13744,United Kingdom,2011-02-20 14:08:00
13745,United Kingdom,2010-06-11 17:19:00
13746,United Kingdom,2010-10-22 11:55:00
13747,United Kingdom,2010-12-01 10:37:00
13748,United Kingdom,2009-12-01 16:44:00
13750,United Kingdom,2010-05-06 11:22:00
13751,United Kingdom,2011-02-24 15:56:00
13752,United Kingdom,2010-06-30 10:23:00
13753,United Kingdom,2009-12-03 10:20:00
13754,United Kingdom,2010-09-28 15:29:00
13755,United Kingdom,2011-10-21 12:12:00
13756,United Kingdom,2010-01-20 16:00:00
13757,United Kingdom,2010-02-03 12:37:00
13758,United Kingdom,2009-12-15 12:43:00
13759,United Kingdom,2011-11-06 14:47:00
13760,United Kingdom,2010-04-25 13:10:00
13761,United Kingdom,2010-07-25 12:49:00
13762,United Kingdom,2010-04-09 08:05:00
13763,United Kingdom,2010-09-30 17:39:00
13764,United Kingdom,2010-03-07 12:56:00
13767,United Kingdom,2009-12-01 10:52:00
13769,United Kingdom,2009-12-16 11:59:00
13770,United Kingdom,2010-09-29 12:41:00
13771,United Kingdom,2010-05-27 12:15:00
13772,United Kingdom,2010-07-15 13:15:00
13773,United Kingdom,2010-02-18 10:27:00
13774,United Kingdom,2011-09-19 12:06:00
13777,United Kingdom,2009-12-02 09:49:00
13779,United Kingdom,2010-07-12 11:24:00
13780,United Kingdom,2011-06-22 11:43:00
13781,United Kingdom,2010-04-26 14:30:00
13782,United Kingdom,2009-12-06 12:52:00
13784,United Kingdom,2010-09-15 12:27:00
13785,United Kingdom,2010-09-05 16:01:00
13786,United Kingdom,2010-04-11 13:09:00
13787,United Kingdom,2010-02-22 11:42:00
13788,United Kingdom,2010-07-22 15:50:00
13790,United Kingdom,2011-12-05 15:48:00
13792,United Kingdom,2010-10-13 11:05:00
13794,United Kingdom,2010-06-11 12:30:00
13795,United Kingdom,2010-03-12 12:44:00
13797,United Kingdom,2010-03-02 12:17:00
13798,United Kingdom,2009-12-17 10:58:00
13799,United Kingdom,2010-05-14 16:34:00
13800,United Kingdom,2010-10-05 14:19:00
13802,United Kingdom,2010-04-29 09:42:00
13803,United Kingdom,2010-03-31 10:00:00
13804,United Kingdom,2011-07-21 17:08:00
13805,United Kingdom,2011-10-18 14:50:00
13807,United Kingdom,2010-05-14 14:53:00
13808,United Kingdom,2011-09-07 12:10:00
13809,Cyprus,2011-02-07 13:15:00
13810,Germany,2011-10-14 13:36:00
13811,Germany,2011-04-14 18:40:00
13812,Germany,2011-08-26 12:54:00
13813,Germany,2009-12-06 10:16:00
13814,Germany,2011-07-25 13:54:00
13815,Germany,2010-09-01 11:23:00
13819,United Kingdom,2009-12-11 14:33:00
13820,United Kingdom,2010-01-28 12:26:00
13821,United Kingdom,2010-01-15 12:28:00
13822,United Kingdom,2011-10-30 15:55:00
13824,United Kingdom,2010-10-20 16:15:00
13825,United Kingdom,2009-12-09 14:30:00
13826,United Kingdom,2011-06-16 13:48:00
13827,United Kingdom,2011-07-19 15:38:00
13828,United Kingdom,2011-11-17 16:02:00
13829,United Kingdom,2010-10-14 18:19:00
13830,United Kingdom,2010-05-07 12:24:00
13831,United Kingdom,2009-12-16 12:41:00
13832,United Kingdom,2010-10-13 14:41:00
13835,United Kingdom,2010-03-04 08:26:00
13838,United Kingdom,2010-05-09 11:40:00
13839,United Kingdom,2010-08-10 13:52:00
13841,United Kingdom,2011-04-01 12:10:00
13842,United Kingdom,2010-02-16 15:54:00
13844,United Kingdom,2011-11-28 13:21:00
13846,United Kingdom,2011-04-11 15:03:00
13848,United Kingdom,2010-10-29 13:48:00
13849,United Kingdom,2010-03-25 12:03:00
13850,United Kingdom,2011-08-02 14:04:00
13851,United Kingdom,2010-01-29 11:54:00
13854,United Kingdom,2010-04-11 10:44:00
13855,United Kingdom,2009-12-08 16:56:00
13856,United Kingdom,2010-03-30 15:40:00
13857,United Kingdom,2010-08-08 12:16:00
13860,United Kingdom,2011-10-18 14:34:00
13861,United Kingdom,2010-10-06 14:20:00
13862,United Kingdom,2011-04-21 17:10:00
13863,United Kingdom,2010-04-25 13:09:00
13868,United Kingdom,2011-11-01 12:45:00
13869,United Kingdom,2010-01-17 14:53:00
13870,United Kingdom,2010-11-17 15:47:00
13871,United Kingdom,2009-12-20 13:09:00
13873,United Kingdom,2010-10-11 09:35:00
13874,United Kingdom,2010-02-04 18:39:00
13875,United Kingdom,2010-03-25 12:40:00
13876,United Kingdom,2011-10-07 10:22:00
13877,United Kingdom,2010-01-19 10:53:00
13878,United Kingdom,2010-04-14 13:50:00
13879,United Kingdom,2010-03-04 10:49:00
13880,United Kingdom,2010-08-10 15:31:00
13881,United Kingdom,2010-03-19 10:44:00
13882,United Kingdom,2011-10-06 15:28:00
13883,United Kingdom,2009-12-08 17:26:00
13884,United Kingdom,2010-11-28 11:45:00
13888,United Kingdom,2010-05-13 11:57:00
13889,United Kingdom,2010-09-20 10:28:00
13890,United Kingdom,2010-03-03 16:33:00
13892,United Kingdom,2010-05-13 10:32:00
13895,United Kingdom,2009-12-03 13:09:00
13896,United Kingdom,2010-03-24 08:55:00
13897,United Kingdom,2010-09-27 13:36:00
13899,United Kingdom,2011-03-10 09:30:00
13900,United Kingdom,2011-03-22 10:13:00
13901,United Kingdom,2010-01-05 09:29:00
13902,Denmark,2009-12-15 10:02:00
13904,United Kingdom,2011-02-18 11:18:00
13905,United Kingdom,2009-12-07 11:41:00
13908,United Kingdom,2011-03-08 12:04:00
13909,United Kingdom,2010-07-06 16:52:00
13911,United Kingdom,2011-02-04 14:46:00
13913,United Kingdom,2010-07-21 10:11:00
13914,United Kingdom,2011-11-03 16:28:00
13916,United Kingdom,2010-09-02 10:04:00
13917,United Kingdom,2011-06-01 12:46:00
13918,United Kingdom,2011-03-31 18:05:00
13919,Denmark,2011-08-10 10:15:00
13920,United Kingdom,2010-10-04 12:37:00
13921,United Kingdom,2010-10-12 09:47:00
13924,United Kingdom,2011-10-26 13:44:00
13925,United Kingdom,2011-07-28 12:09:00
13926,United Kingdom,2011-11-16 13:16:00
13927,United Kingdom,2011-09-26 12:00:00
13928,United Kingdom,2011-11-08 14:49:00
13929,United Kingdom,2010-02-19 11:54:00
13931,United Kingdom,2009-12-03 10:26:00
13932,United Kingdom,2011-02-18 12:02:00
13935,United Kingdom,2010-02-25 16:01:00
13939,United Kingdom,2010-04-06 12:43:00
13940,United Kingdom,2011-08-15 12:47:00
13941,United Kingdom,2010-01-27 11:53:00
13945,United Kingdom,2010-08-17 09:59:00
13946,United Kingdom,2011-09-21 13:33:00
13947,United Kingdom,2011-10-05 14:42:00
13948,United Kingdom,2010-03-01 12:16:00
13949,United Kingdom,2011-11-15 11:30:00
13950,United Kingdom,2011-11-28 14:44:00
13951,United Kingdom,2011-04-17 13:20:00
13952,United Kingdom,2009-12-16 09:41:00
13953,United Kingdom,2011-03-10 07:43:00
13954,United Kingdom,2011-12-08 12:50:00
13955,United Kingdom,2010-11-29 17:35:00
13956,United Kingdom,2011-04-10 16:04:00
13957,United Kingdom,2010-02-19 10:32:00
13958,United Kingdom,2010-03-07 12:09:00
13959,United Kingdom,2010-10-11 14:15:00
13961,United Kingdom,2010-11-12 14:40:00
13962,United Kingdom,2010-09-30 10:35:00
13963,United Kingdom,2010-07-01 15:25:00
13964,United Kingdom,2010-10-05 12:38:00
13965,United Kingdom,2010-02-08 16:11:00
13966,United Kingdom,2010-09-30 13:08:00
13967,United Kingdom,2010-11-08 13:24:00
13969,United Kingdom,2010-05-07 17:28:00
13970,United Kingdom,2010-09-28 11:53:00
13971,United Kingdom,2010-01-26 09:51:00
13975,United Kingdom,2010-03-29 13:10:00
13976,United Kingdom,2010-02-09 13:08:00
13977,United Kingdom,2010-10-24 14:08:00
13978,United Kingdom,2011-11-25 11:36:00
13979,United Kingdom,2009-12-03 10:02:00
13980,United Kingdom,2010-09-26 12:58:00
13982,United Kingdom,2010-02-24 13:04:00
13983,United Kingdom,2010-06-07 16:01:00
13984,United Kingdom,2009-12-07 11:51:00
13985,United Kingdom,2010-09-23 15:48:00
13987,United Kingdom,2010-11-25 10:20:00
13988,United Kingdom,2011-06-30 11:54:00
13989,United Kingdom,2010-05-25 12:13:00
13991,United Kingdom,2011-11-27 16:18:00
13992,United Kingdom,2011-11-09 15:23:00
13993,United Kingdom,2009-12-03 11:57:00
13994,United Kingdom,2011-07-14 18:28:00
13995,United Kingdom,2009-12-18 12:43:00
13996,United Kingdom,2010-11-18 16:27:00
13997,United Kingdom,2010-07-08 17:51:00
13999,United Kingdom,2009-12-16 10:56:00
14000,United Kingdom,2010-10-21 15:35:00
14001,United Kingdom,2010-08-03 12:49:00
14004,United Kingdom,2010-09-30 09:39:00
14006,United Kingdom,2010-04-22 14:08:00
14008,United Kingdom,2010-10-03 13:09:00
14010,United Kingdom,2010-05-23 12:46:00
14011,United Kingdom,2010-08-16 15:31:00
14013,United Kingdom,2011-03-09 08:59:00
14014,United Kingdom,2010-05-12 09:04:00
14016,EIRE,2010-01-08 14:12:00
14017,United Kingdom,2010-05-17 14:52:00
14018,United Kingdom,2010-03-04 14:23:00
14019,United Kingdom,2011-09-02 12:51:00
14020,United Kingdom,2011-11-23 09:22:00
14021,United Kingdom,2011-03-28 15:10:00
14022,United Kingdom,2011-04-28 14:39:00
14024,United Kingdom,2010-11-14 10:51:00
14025,United Kingdom,2010-06-10 13:59:00
14026,United Kingdom,2010-03-24 14:10:00
14029,United Kingdom,2011-10-07 14:46:00
14030,United Kingdom,2009-12-10 18:36:00
14031,United Kingdom,2009-12-11 17:00:00
14032,United Kingdom,2009-12-14 12:02:00
14034,United Kingdom,2011-07-05 13:06:00
14035,United Kingdom,2010-09-17 11:04:00
14037,United Kingdom,2010-01-24 10:50:00
14038,United Kingdom,2010-11-07 14:52:00
14040,United Kingdom,2009-12-01 12:14:00
14042,United Kingdom,2009-12-14 15:07:00
14044,United Kingdom,2010-10-17 13:02:00
14045,United Kingdom,2010-01-08 10:08:00
14047,United Kingdom,2010-08-17 14:10:00
14048,United Kingdom,2010-11-22 14:21:00
14049,United Kingdom,2010-05-25 12:03:00
14050,United Kingdom,2011-11-08 10:00:00
14051,United Kingdom,2010-01-07 11:53:00
14052,United Kingdom,2011-11-20 12:30:00
14053,United Kingdom,2011-08-07 14:27:00
14055,United Kingdom,2011-08-25 15:04:00
14056,United Kingdom,2011-02-28 15:19:00
14057,United Kingdom,2010-08-18 11:16:00
14058,United Kingdom,2010-09-03 09:31:00
14059,United Kingdom,2011-03-18 10:06:00
14060,United Kingdom,2010-09-23 10:10:00
14061,United Kingdom,2010-07-20 17:22:00
14062,United Kingdom,2009-12-10 14:28:00
14063,United Kingdom,2009-12-15 10:50:00
14064,United Kingdom,2010-04-22 13:15:00
14065,United Kingdom,2010-10-04 12:03:00
14066,United Kingdom,2011-03-18 12:21:00
14071,United Kingdom,2011-03-24 13:28:00
14075,United Kingdom,2010-06-16 14:47:00
14077,United Kingdom,2011-10-30 12:35:00
14078,United Kingdom,2011-04-27 11:26:00
14079,United Kingdom,2010-01-26 17:19:00
14080,United Kingdom,2009-12-09 14:02:00
14081,United Kingdom,2010-01-12 15:48:00
14082,United Kingdom,2010-11-12 11:47:00
14083,United Kingdom,2010-12-20 15:26:00
14084,United Kingdom,2010-07-15 14:36:00
14085,United Kingdom,2009-12-08 13:41:00
14087,United Kingdom,2011-12-07 12:41:00
14088,United Kingdom,2011-06-22 16:32:00
14092,United Kingdom,2009-12-16 16:24:00
14095,United Kingdom,2009-12-17 12:49:00
14096,United Kingdom,2011-09-21 14:40:00
14099,United Kingdom,2010-04-15 15:57:00
14100,United Kingdom,2011-07-25 11:01:00
14101,United Kingdom,2010-08-08 15:15:00
14102,United Kingdom,2011-11-28 10:20:00
14103,United Kingdom,2010-02-12 14:58:00
14104,United Kingdom,2011-06-27 12:49:00
14105,United Kingdom,2010-09-26 14:15:00
14106,United Kingdom,2009-12-02 14:09:00
14107,United Kingdom,2010-07-15 11:47:00
14110,United Kingdom,2010-01-31 11:25:00
14111,United Kingdom,2011-11-25 13:44:00
14112,United Kingdom,2011-05-20 10:36:00
14113,United Kingdom,2009-12-08 07:42:00
14114,United Kingdom,2011-03-11 09:42:00
14115,United Kingdom,2010-07-26 12:36:00
14116,United Kingdom,2011-08-10 12:44:00
14117,United Kingdom,2011-07-19 09:49:00
14118,United Kingdom,2010-10-07 11:59:00
14121,United Kingdom,2011-11-10 10:36:00
14122,United Kingdom,2009-12-02 14:22:00
14123,United Kingdom,2009-12-06 15:35:00
14124,United Kingdom,2011-09-16 13:32:00
14125,United Kingdom,2011-09-22 15:40:00
14129,United Kingdom,2011-03-24 08:44:00
14130,United Kingdom,2010-11-29 17:11:00
14132,United Kingdom,2011-06-09 12:04:00
14133,United Kingdom,2011-01-28 11:27:00
14134,United Kingdom,2010-04-18 10:13:00
14135,United Kingdom,2009-12-02 08:58:00
14137,United Kingdom,2010-01-13 12:30:00
14138,United Kingdom,2011-12-08 12:44:00
14142,United Kingdom,2010-03-03 15:13:00
14145,United Kingdom,2010-04-08 09:47:00
14146,United Kingdom,2010-09-20 15:24:00
14147,United Kingdom,2010-09-28 09:13:00
14148,United Kingdom,2011-04-20 12:02:00
14150,United Kingdom,2010-12-15 10:04:00
14151,United Kingdom,2009-12-23 10:54:00
14152,United Kingdom,2010-08-02 11:46:00
14154,United Kingdom,2010-07-07 10:26:00
14156,EIRE,2009-12-18 13:48:00
14157,United Kingdom,2010-10-18 15:48:00
14159,United Kingdom,2010-02-22 11:11:00
14160,United Kingdom,2010-01-21 15:46:00
14161,United Kingdom,2010-09-26 11:13:00
14162,United Kingdom,2011-06-19 11:36:00
14163,United Kingdom,2010-09-03 17:15:00
14164,United Kingdom,2011-09-20 12:18:00
14167,United Kingdom,2010-03-25 15:00:00
14168,United Kingdom,2010-05-24 12:28:00
14171,United Kingdom,2009-12-09 13:50:00
14172,United Kingdom,2010-03-11 13:16:00
14173,United Kingdom,2009-12-09 12:46:00
14175,United Kingdom,2010-05-05 09:43:00
14176,United Kingdom,2010-12-07 11:45:00
14177,United Kingdom,2010-04-28 12:34:00
14178,United Kingdom,2011-07-19 13:01:00
14180,United Kingdom,2010-10-05 13:15:00
14181,United Kingdom,2010-05-26 12:32:00
14182,United Kingdom,2010-04-22 15:36:00
14183,United Kingdom,2010-08-15 15:36:00
14186,United Kingdom,2010-03-05 11:17:00
14188,United Kingdom,2011-02-02 13:46:00
14189,United Kingdom,2011-01-05 10:58:00
14190,United Kingdom,2010-02-11 14:27:00
14191,United Kingdom,2009-12-11 10:48:00
14194,United Kingdom,2010-04-28 13:23:00
14195,United Kingdom,2010-03-15 17:12:00
14198,United Kingdom,2010-08-19 10:07:00
14200,United Kingdom,2010-04-01 13:01:00
14201,United Kingdom,2010-05-18 12:59:00
14204,United Kingdom,2009-12-02 13:26:00
14205,United Kingdom,2010-03-07 12:20:00
14206,United Kingdom,2010-11-16 18:20:00
14208,United Kingdom,2010-06-06 13:11:00
14209,United Kingdom,2010-01-22 10:28:00
14210,United Kingdom,2010-06-08 14:44:00
14211,United Kingdom,2009-12-09 12:48:00
14215,United Kingdom,2009-12-08 09:35:00
14216,United Kingdom,2010-10-21 15:07:00
14217,United Kingdom,2010-08-05 13:54:00
14218,United Kingdom,2011-10-28 10:00:00
14221,United Kingdom,2010-05-09 13:50:00
14223,United Kingdom,2011-03-20 16:02:00
14224,United Kingdom,2011-01-23 13:58:00
14226,United Kingdom,2011-03-15 15:36:00
14227,United Kingdom,2010-10-21 10:49:00
14229,United Kingdom,2010-09-27 15:21:00
14231,United Kingdom,2011-02-24 11:55:00
14232,United Kingdom,2011-03-20 12:44:00
14233,United Kingdom,2010-04-28 14:02:00
14234,United Kingdom,2011-10-13 13:58:00
14235,United Kingdom,2010-07-29 17:22:00
14236,United Kingdom,2010-08-26 10:40:00
14237,United Kingdom,2010-04-28 10:04:00
14238,United Kingdom,2010-02-15 11:39:00
14239,United Kingdom,2010-01-12 11:33:00
14241,United Kingdom,2010-01-12 15:11:00
14242,United Kingdom,2011-04-19 11:46:00
14243,United Kingdom,2010-08-20 13:41:00
14246,United Kingdom,2011-08-21 11:50:00
14247,United Kingdom,2010-07-04 13:33:00
14248,United Kingdom,2011-01-25 14:45:00
14249,United Kingdom,2010-04-29 10:43:00
14250,United Kingdom,2011-12-02 14:29:00
14251,United Kingdom,2011-10-13 12:46:00
14253,United Kingdom,2010-08-03 14:55:00
14255,United Kingdom,2010-06-11 15:54:00
14257,United Kingdom,2010-03-01 15:36:00
14258,United Kingdom,2009-12-04 08:36:00
14261,United Kingdom,2011-10-20 10:04:00
14262,United Kingdom,2011-04-13 12:23:00
14264,United Kingdom,2010-04-07 13:21:00
14265,Unspecified,2010-04-06 14:39:00
14267,United Kingdom,2011-03-24 11:38:00
14271,United Kingdom,2010-10-26 17:01:00
14272,United Kingdom,2011-09-27 10:08:00
14273,United Kingdom,2011-05-06 08:25:00
14275,United Kingdom,2010-06-27 10:51:00
14276,United Kingdom,2010-08-12 10:03:00
14277,France,2010-10-24 12:36:00
14278,United Kingdom,2010-10-26 12:07:00
14282,United Kingdom,2010-06-02 15:55:00
14283,United Kingdom,2010-05-19 12:22:00
14284,United Kingdom,2011-11-09 08:11:00
14285,United Kingdom,2010-02-19 09:36:00
14286,United Kingdom,2010-03-10 10:50:00
14287,United Kingdom,2011-12-01 13:25:00
14288,United Kingdom,2011-05-10 13:22:00
14289,United Kingdom,2011-06-16 11:48:00
14290,United Kingdom,2009-12-08 11:44:00
14291,United Kingdom,2009-12-09 10:46:00
14292,United Kingdom,2010-04-29 14:16:00
14293,United Kingdom,2010-01-21 15:02:00
14295,United Kingdom,2010-06-28 12:22:00
14297,United Kingdom,2011-03-10 08:31:00
14298,United Kingdom,2009-12-11 15:46:00
14299,United Kingdom,2010-01-10 12:40:00
14300,United Kingdom,2011-11-21 08:57:00
14301,United Kingdom,2011-08-14 15:33:00
14306,United Kingdom,2010-01-31 13:42:00
14307,United Kingdom,2009-12-07 13:06:00
14309,United Kingdom,2010-12-16 13:05:00
14311,United Kingdom,2010-05-21 10:28:00
14312,United Kingdom,2011-01-06 16:35:00
14315,United Kingdom,2010-05-24 13:56:00
14316,United Kingdom,2010-10-13 16:31:00
14317,United Kingdom,2011-10-06 10:44:00
14321,United Kingdom,2010-10-04 12:48:00
14322,United Kingdom,2010-10-05 12:59:00
14323,United Kingdom,2011-04-15 11:44:00
14324,United Kingdom,2010-01-15 13:31:00
14327,United Kingdom,2010-01-08 14:04:00
14329,United Kingdom,2009-12-16 15:31:00
14332,United Kingdom,2010-10-19 13:01:00
14333,United Kingdom,2011-10-03 10:38:00
14334,United Kingdom,2010-08-25 12:18:00
14336,United Kingdom,2011-05-04 15:37:00
14338,United Kingdom,2010-06-21 10:32:00
14339,United Kingdom,2010-10-07 08:50:00
14341,United Kingdom,2009-12-01 12:20:00
14343,United Kingdom,2010-07-18 15:45:00
14344,United Kingdom,2010-12-06 11:58:00
14346,United Kingdom,2010-10-10 12:53:00
14350,United Kingdom,2010-10-05 15:52:00
14352,United Kingdom,2011-04-19 08:17:00
14353,United Kingdom,2010-10-04 12:38:00
14355,United Kingdom,2010-03-22 15:08:00
14356,United Kingdom,2011-09-21 09:18:00
14357,United Kingdom,2011-10-27 16:23:00
14358,United Kingdom,2010-11-15 15:51:00
14361,United Kingdom,2010-05-10 12:29:00
14362,United Kingdom,2011-11-17 15:08:00
14364,United Kingdom,2011-05-12 12:56:00
14366,United Kingdom,2010-07-02 17:23:00
14367,United Kingdom,2011-04-13 16:43:00
14370,United Kingdom,2010-08-08 13:11:00
14374,United Kingdom,2010-06-16 14:25:00
14379,United Kingdom,2010-11-11 16:29:00
14382,United Kingdom,2010-11-14 16:32:00
14384,United Kingdom,2010-07-27 09:53:00
14386,United Kingdom,2011-02-16 09:45:00
14388,United Kingdom,2010-01-20 11:54:00
14390,United Kingdom,2010-11-30 13:41:00
14391,United Kingdom,2010-05-12 09:42:00
14392,United Kingdom,2010-10-03 12:56:00
14395,United Kingdom,2010-04-28 16:17:00
14396,United Kingdom,2010-12-03 15:19:00
14397,United Kingdom,2011-07-13 11:34:00
14398,United Kingdom,2010-06-30 11:57:00
14399,United Kingdom,2010-05-26 12:49:00
14400,United Kingdom,2010-03-18 12:11:00
14401,United Kingdom,2009-12-18 15:02:00
14403,United Kingdom,2010-04-29 08:47:00
14404,United Kingdom,2009-12-20 14:40:00
14405,United Kingdom,2010-11-18 11:40:00
14406,United Kingdom,2011-08-12 16:54:00
14407,United Kingdom,2011-05-18 12:28:00
14408,United Kingdom,2010-03-19 15:40:00
14409,United Kingdom,2010-05-21 16:45:00
14410,United Kingdom,2011-04-04 14:42:00
14412,United Kingdom,2011-09-28 08:48:00
14413,United Kingdom,2010-01-19 14:27:00
14414,United Kingdom,2010-11-30 10:12:00
14415,United Kingdom,2010-07-04 12:34:00
14416,United Kingdom,2011-10-28 15:10:00
14418,United Kingdom,2011-08-23 17:18:00
14419,United Kingdom,2010-11-22 11:09:00
14421,United Kingdom,2010-01-17 11:30:00
14422,United Kingdom,2010-02-09 14:25:00
14424,United Kingdom,2011-11-22 11:48:00
14425,United Kingdom,2009-12-17 11:53:00
14426,United Kingdom,2010-03-04 14:36:00
14427,United Kingdom,2011-10-20 14:23:00
14428,United Kingdom,2011-01-18 16:39:00
14431,United Kingdom,2010-11-25 14:03:00
14432,United Kingdom,2011-09-11 14:09:00
14434,United Kingdom,2011-10-05 12:59:00
14435,United Kingdom,2010-07-26 12:33:00
14436,United Kingdom,2011-09-02 10:13:00
14437,United Kingdom,2010-05-05 12:20:00
14438,United Kingdom,2011-02-06 14:56:00
14439,Greece,2010-01-21 14:01:00
14440,United Kingdom,2009-12-02 12:13:00
14441,United Kingdom,2010-01-18 10:40:00
14442,Channel Islands,2010-05-19 14:22:00
14443,United Kingdom,2010-11-25 14:18:00
14445,United Kingdom,2010-09-10 11:09:00
14446,United Kingdom,2010-11-18 12:08:00
14447,United Kingdom,2011-03-04 10:49:00
14448,United Kingdom,2011-11-30 13:50:00
14449,United Kingdom,2010-11-02 12:48:00
14450,United Kingdom,2010-04-08 12:09:00
14451,United Kingdom,2010-07-29 12:21:00
14452,United Kingdom,2010-07-06 13:13:00
14454,United Kingdom,2010-02-07 12:15:00
14455,United Kingdom,2010-08-01 13:26:00
14456,United Kingdom,2011-10-30 12:53:00
14457,United Kingdom,2011-02-02 09:39:00
14459,United Kingdom,2011-07-07 13:35:00
14460,United Kingdom,2009-12-15 19:06:00
14461,United Kingdom,2010-01-18 12:48:00
14462,United Kingdom,2010-10-03 14:13:00
14464,United Kingdom,2010-05-20 18:00:00
14465,United Kingdom,2010-02-17 08:47:00
14466,United Kingdom,2010-02-16 13:23:00
14467,United Kingdom,2010-07-07 12:45:00
14469,United Kingdom,2010-01-29 11:12:00
14470,United Kingdom,2011-11-28 10:31:00
14471,United Kingdom,2009-12-07 12:26:00
14472,United Kingdom,2010-12-19 14:03:00
14473,United Kingdom,2011-03-02 13:56:00
14474,United Kingdom,2011-10-24 13:26:00
14475,United Kingdom,2011-02-08 10:12:00
14477,United Kingdom,2010-09-29 14:05:00
14478,United Kingdom,2009-12-01 13:20:00
14480,United Kingdom,2009-12-21 16:32:00
14481,United Kingdom,2011-06-28 10:38:00
14482,United Kingdom,2010-11-09 11:10:00
14484,United Kingdom,2010-11-03 13:50:00
14486,United Kingdom,2010-06-04 10:30:00
14487,United Kingdom,2010-11-25 13:36:00
14489,United Kingdom,2010-04-06 09:52:00
14490,United Kingdom,2010-10-07 11:36:00
14492,United Kingdom,2010-03-30 14:23:00
14493,United Kingdom,2010-04-26 10:31:00
14494,United Kingdom,2009-12-08 13:25:00
14496,United Kingdom,2010-11-09 10:38:00
14497,United Kingdom,2011-02-03 17:01:00
14498,United Kingdom,2010-08-09 14:39:00
14499,United Kingdom,2010-11-21 11:58:00
14501,United Kingdom,2011-01-24 10:43:00
14502,United Kingdom,2011-02-20 15:51:00
14503,United Kingdom,2011-06-14 10:00:00
14504,United Kingdom,2011-03-06 14:38:00
14505,United Kingdom,2010-03-30 12:13:00
14506,United Kingdom,2010-04-19 08:27:00
14507,United Kingdom,2009-12-10 17:04:00
14508,United Kingdom,2010-06-17 13:02:00
14511,United Kingdom,2011-10-05 09:42:00
14512,United Kingdom,2010-07-13 15:26:00
14513,United Kingdom,2010-09-19 15:41:00
14514,United Kingdom,2010-04-07 13:54:00
14515,United Kingdom,2010-06-07 12:37:00
14517,United Kingdom,2011-07-21 11:42:00
14518,United Kingdom,2011-10-06 14:43:00
14519,United Kingdom,2010-01-25 11:18:00
14520,United Kingdom,2011-02-22 09:15:00
14522,United Kingdom,2010-03-25 12:12:00
14524,United Kingdom,2011-04-17 12:53:00
14525,United Kingdom,2010-01-19 12:50:00
14527,United Kingdom,2009-12-02 12:06:00
14529,United Kingdom,2011-08-21 14:10:00
14530,United Kingdom,2010-01-21 11:25:00
14532,United Kingdom,2010-04-18 12:33:00
14533,United Kingdom,2010-04-08 12:13:00
14534,United Kingdom,2010-10-07 16:57:00
14535,United Kingdom,2010-03-25 14:22:00
14536,United Kingdom,2011-03-25 12:21:00
14537,United Kingdom,2011-10-13 10:54:00
14538,United Kingdom,2010-06-27 10:23:00
14539,United Kingdom,2011-11-24 09:50:00
14540,United Kingdom,2009-12-07 13:00:00
14541,United Kingdom,2010-03-22 08:07:00
14543,United Kingdom,2009-12-01 13:47:00
14544,United Kingdom,2010-08-26 16:00:00
14546,United Kingdom,2010-02-07 11:48:00
14547,United Kingdom,2011-12-06 11:06:00
14548,United Kingdom,2010-04-08 17:05:00
14549,United Kingdom,2010-04-25 11:43:00
14551,United Kingdom,2010-10-24 14:35:00
14552,United Kingdom,2011-07-11 12:49:00
14553,United Kingdom,2010-07-18 12:07:00
14554,United Kingdom,2011-10-18 13:04:00
14555,United Kingdom,2009-12-18 11:39:00
14556,United Kingdom,2010-04-22 14:57:00
14560,United Kingdom,2010-02-08 11:58:00
14561,United Kingdom,2011-06-30 13:43:00
14562,United Kingdom,2010-04-08 13:45:00
14563,United Kingdom,2010-04-26 12:51:00
14565,United Kingdom,2010-08-23 09:48:00
14566,Channel Islands,2010-06-24 10:34:00
14569,United Kingdom,2010-04-15 11:49:00
14572,United Kingdom,2010-05-30 14:39:00
14573,United Kingdom,2010-01-08 16:34:00
14574,United Kingdom,2009-12-07 12:42:00
14577,United Kingdom,2009-12-11 12:09:00
14583,United Kingdom,2010-11-21 15:28:00
14584,United Kingdom,2010-03-19 16:24:00
14586,United Kingdom,2011-03-08 10:04:00
14587,United Kingdom,2011-02-08 13:28:00
14588,United Kingdom,2010-05-10 15:08:00
14590,United Kingdom,2009-12-07 14:10:00
14591,United Kingdom,2011-05-10 14:09:00
14592,United Kingdom,2011-10-06 18:08:00
14593,United Kingdom,2010-02-10 11:21:00
14595,United Kingdom,2010-01-20 13:59:00
14597,United Kingdom,2010-09-28 13:17:00
14598,United Kingdom,2011-10-26 13:19:00
14600,United Kingdom,2010-11-11 15:56:00
14601,United Kingdom,2011-11-29 09:48:00
14602,United Kingdom,2010-02-21 15:47:00
14603,United Kingdom,2011-03-10 10:27:00
14605,United Kingdom,2010-11-30 14:07:00
14606,United Kingdom,2009-12-11 10:10:00
14607,United Kingdom,2009-12-15 11:25:00
14608,United Kingdom,2009-12-06 12:34:00
14609,United Kingdom,2010-05-05 08:58:00
14610,United Kingdom,2010-07-13 16:06:00
14613,United Kingdom,2010-01-28 13:02:00
14615,United Kingdom,2010-07-16 14:15:00
14616,United Kingdom,2010-06-09 09:42:00
14618,United Kingdom,2010-06-11 10:11:00
14619,United Kingdom,2010-06-16 14:41:00
14621,United Kingdom,2010-06-23 14:14:00
14622,United Kingdom,2011-06-08 12:42:00
14623,United Kingdom,2010-04-16 17:12:00
14624,United Kingdom,2010-06-03 10:11:00
14625,United Kingdom,2010-01-28 09:09:00
14626,United Kingdom,2009-12-10 14:57:00
14628,United Kingdom,2010-09-23 18:24:00
14629,United Kingdom,2011-12-05 16:55:00
14631,United Kingdom,2010-08-09 14:45:00
14632,United Kingdom,2011-03-22 08:49:00
14633,United Kingdom,2011-03-18 17:07:00
14637,United Kingdom,2010-01-31 15:52:00
14639,United Kingdom,2011-08-11 13:41:00
14640,United Kingdom,2011-04-26 12:31:00
14643,United Kingdom,2010-04-01 08:33:00
14646,Netherlands,2009-12-02 16:52:00
14648,United Kingdom,2010-03-18 13:00:00
14649,United Kingdom,2010-01-20 13:10:00
14651,United Kingdom,2010-03-18 11:39:00
14653,United Kingdom,2009-12-02 11:51:00
14656,United Kingdom,2010-04-15 12:10:00
14658,United Kingdom,2011-08-14 15:42:00
14659,United Kingdom,2011-06-05 15:19:00
14661,United Kingdom,2011-11-13 11:51:00
14662,United Kingdom,2011-04-19 12:26:00
14663,United Kingdom,2010-10-05 13:21:00
14664,United Kingdom,2011-11-20 10:59:00
14665,United Kingdom,2011-02-02 09:08:00
14666,United Kingdom,2011-11-15 12:57:00
14667,United Kingdom,2009-12-02 12:38:00
14668,United Kingdom,2010-09-20 15:03:00
14669,United Kingdom,2009-12-02 13:06:00
14671,United Kingdom,2010-06-08 13:39:00
14672,United Kingdom,2010-07-12 10:23:00
14673,United Kingdom,2010-10-26 10:14:00
14675,United Kingdom,2011-11-23 12:58:00
14676,United Kingdom,2010-03-10 09:30:00
14677,United Kingdom,2010-04-26 09:48:00
14679,United Kingdom,2010-07-06 09:58:00
14680,United Kingdom,2009-12-11 12:11:00
14681,United Kingdom,2010-02-24 08:54:00
14682,United Kingdom,2010-03-25 17:06:00
14684,United Kingdom,2010-12-12 12:44:00
14685,United Kingdom,2009-12-13 11:32:00
14686,United Kingdom,2010-10-21 18:21:00
14687,United Kingdom,2010-06-06 10:36:00
14688,United Kingdom,2010-09-09 12:35:00
14689,United Kingdom,2011-05-15 11:22:00
14690,United Kingdom,2010-10-25 12:20:00
14691,United Kingdom,2011-09-04 11:17:00
14692,United Kingdom,2010-10-07 14:06:00
14693,United Kingdom,2010-10-10 13:26:00
14695,United Kingdom,2009-12-07 13:07:00
14696,United Kingdom,2010-10-14 11:43:00
14698,United Kingdom,2011-10-23 12:16:00
14699,United Kingdom,2010-07-02 12:04:00
14700,United Kingdom,2011-06-03 11:59:00
14701,United Kingdom,2010-09-16 12:27:00
14702,United Kingdom,2010-04-08 19:29:00
14704,United Kingdom,2011-07-20 12:01:00
14706,United Kingdom,2010-03-31 11:09:00
14707,United Kingdom,2010-05-12 11:07:00
14708,United Kingdom,2010-09-10 10:26:00
14709,United Kingdom,2009-12-05 15:26:00
14710,United Kingdom,2009-12-09 17:27:00
14711,United Kingdom,2011-03-22 13:32:00
14712,United Kingdom,2010-10-17 14:49:00
14713,United Kingdom,2010-01-21 19:11:00
14714,United Kingdom,2010-05-13 11:58:00
14715,United Kingdom,2010-01-19 12:18:00
14716,United Kingdom,2010-09-21 12:07:00
14717,United Kingdom,2009-12-06 13:05:00
14719,United Kingdom,2011-06-13 12:52:00
14723,United Kingdom,2010-11-19 11:21:00
14724,United Kingdom,2010-04-28 13:26:00
14725,United Kingdom,2010-11-10 11:47:00
14729,United Kingdom,2010-03-24 13:30:00
14730,United Kingdom,2011-03-08 12:49:00
14732,United Kingdom,2009-12-16 12:11:00
14733,United Kingdom,2010-11-29 16:56:00
14734,United Kingdom,2010-08-03 09:04:00
14735,United Kingdom,2009-12-08 11:56:00
14738,United Kingdom,2009-12-07 10:21:00
14739,United Kingdom,2009-12-02 13:23:00
14740,United Kingdom,2010-03-04 15:39:00
14741,United Kingdom,2010-10-18 09:33:00
14744,United Kingdom,2010-05-21 11:26:00
14745,United Kingdom,2010-03-12 10:33:00
14746,United Kingdom,2010-10-29 14:44:00
14747,United Kingdom,2011-04-04 14:09:00
14748,United Kingdom,2010-03-04 17:08:00
14751,United Kingdom,2009-12-13 14:08:00
14753,United Kingdom,2010-09-05 11:04:00
14754,United Kingdom,2010-05-27 10:13:00
14755,United Kingdom,2010-04-23 13:23:00
14756,United Kingdom,2010-10-11 11:50:00
14757,United Kingdom,2011-09-25 14:36:00
14758,United Kingdom,2011-04-28 15:26:00
14759,United Kingdom,2011-12-05 12:03:00
14760,United Kingdom,2011-02-15 16:27:00
14764,United Kingdom,2011-10-24 11:54:00
14766,United Kingdom,2010-10-25 10:41:00
14767,United Kingdom,2010-08-22 14:54:00
14769,United Kingdom,2010-01-08 09:08:00
14770,United Kingdom,2010-05-27 11:11:00
14771,United Kingdom,2009-12-03 09:44:00
14773,United Kingdom,2010-04-26 10:29:00
14775,United Kingdom,2010-12-02 16:38:00
14776,United Kingdom,2010-10-05 14:14:00
14778,United Kingdom,2011-08-04 15:23:00
14779,United Kingdom,2011-03-04 12:42:00
14784,United Kingdom,2010-11-15 09:49:00
14785,United Kingdom,2011-11-24 13:40:00
14786,United Kingdom,2010-06-07 13:42:00
14787,United Kingdom,2010-08-25 14:38:00
14790,United Kingdom,2009-12-20 13:47:00
14792,United Kingdom,2011-10-07 09:19:00
14793,United Kingdom,2010-06-22 16:54:00
14794,United Kingdom,2011-03-23 15:40:00
14796,United Kingdom,2010-04-01 11:22:00
14797,United Kingdom,2010-07-20 14:07:00
14798,United Kingdom,2010-03-01 08:38:00
14799,United Kingdom,2011-10-19 16:16:00
14800,United Kingdom,2010-10-17 14:30:00
14801,United Kingdom,2011-10-09 15:24:00
14802,United Kingdom,2010-09-27 16:32:00
14805,United Kingdom,2010-03-28 12:34:00
14806,United Kingdom,2011-09-25 15:32:00
14807,United Kingdom,2010-11-14 12:47:00
14808,United Kingdom,2011-06-20 12:53:00
14810,United Kingdom,2010-12-05 12:08:00
14811,United Kingdom,2010-11-17 13:09:00
14813,United Kingdom,2010-11-19 11:32:00
14815,United Kingdom,2011-10-03 11:36:00
14816,United Kingdom,2011-05-26 13:16:00
14817,United Kingdom,2011-03-07 13:51:00
14818,United Kingdom,2010-03-02 12:48:00
14819,United Kingdom,2011-10-06 13:41:00
14820,United Kingdom,2011-11-18 15:41:00
14821,United Kingdom,2010-11-08 14:06:00
14822,United Kingdom,2010-08-11 12:52:00
14823,United Kingdom,2011-05-29 14:03:00
14824,United Kingdom,2010-11-25 12:40:00
14825,United Kingdom,2010-07-20 09:34:00
14826,United Kingdom,2010-01-13 13:08:00
14828,United Kingdom,2010-01-07 09:34:00
14829,United Kingdom,2010-11-17 13:05:00
14834,United Kingdom,2011-11-17 11:09:00
14836,United Kingdom,2011-11-11 16:05:00
14837,United Kingdom,2010-09-23 09:11:00
14838,United Kingdom,2009-12-03 09:52:00
14841,United Kingdom,2009-12-02 16:49:00
14842,United Kingdom,2011-02-04 15:32:00
14843,United Kingdom,2010-09-29 12:39:00
14844,United Kingdom,2010-07-14 16:04:00
14846,United Kingdom,2010-10-08 17:07:00
14849,United Kingdom,2010-02-22 09:48:00
14850,United Kingdom,2010-05-20 13:28:00
14852,United Kingdom,2010-06-17 09:26:00
14853,United Kingdom,2010-10-12 17:17:00
14854,United Kingdom,2010-07-26 15:41:00
14855,United Kingdom,2010-07-20 11:06:00
14857,United Kingdom,2010-06-01 09:42:00
14859,United Kingdom,2011-09-20 13:19:00
14861,United Kingdom,2010-01-12 13:39:00
14863,United Kingdom,2011-11-10 15:04:00
14865,United Kingdom,2011-12-02 16:25:00
14866,United Kingdom,2010-08-26 11:54:00
14867,United Kingdom,2010-02-25 10:17:00
14868,United Kingdom,2010-10-15 14:53:00
14869,United Kingdom,2009-12-16 11:43:00
14870,United Kingdom,2010-01-25 09:05:00
14871,United Kingdom,2009-12-15 11:28:00
14872,United Kingdom,2010-05-04 09:45:00
14873,United Kingdom,2011-05-13 13:52:00
14875,United Kingdom,2010-09-24 10:28:00
14876,United Kingdom,2010-05-27 13:49:00
14877,United Kingdom,2010-10-17 13:09:00
14878,United Kingdom,2010-02-21 11:19:00
14882,United Kingdom,2010-03-30 15:02:00
14883,United Kingdom,2011-10-31 11:33:00
14885,United Kingdom,2010-08-31 10:11:00
14887,United Kingdom,2011-09-21 15:32:00
14890,United Kingdom,2010-02-18 09:00:00
14891,United Kingdom,2011-07-14 18:08:00
14892,United Kingdom,2010-01-18 08:58:00
14893,United Kingdom,2010-04-01 09:03:00
14894,United Kingdom,2009-12-02 10:42:00
14895,United Kingdom,2009-12-10 14:22:00
14896,United Kingdom,2010-03-01 14:54:00
14897,United Kingdom,2011-09-12 16:06:00
14898,United Kingdom,2010-07-06 09:12:00
14901,United Kingdom,2010-09-01 11:43:00
14902,United Kingdom,2010-06-04 12:35:00
14904,United Kingdom,2010-10-27 15:40:00
14905,United Kingdom,2010-04-12 14:53:00
14907,United Kingdom,2010-10-12 12:19:00
14908,United Kingdom,2010-09-02 16:39:00
14909,United Kingdom,2010-09-28 16:56:00
14910,United Kingdom,2011-10-16 11:06:00
14911,EIRE,2009-12-18 14:22:00
14912,Italy,2011-04-07 11:06:00
14913,United Kingdom,2010-08-11 08:40:00
14915,United Kingdom,2009-12-03 10:17:00
14916,United Kingdom,2010-10-04 14:33:00
14917,United Kingdom,2010-04-22 11:28:00
14921,United Kingdom,2011-11-09 13:17:00
14924,United Kingdom,2010-03-10 12:51:00
14928,United Kingdom,2010-03-22 09:14:00
14929,United Kingdom,2010-10-14 12:22:00
14930,Channel Islands,2010-08-26 11:43:00
14931,Channel Islands,2011-11-17 09:25:00
14933,Channel Islands,2010-09-22 10:44:00
14934,Channel Islands,2010-09-24 12:08:00
14936,Channel Islands,2010-09-21 13:21:00
14942,United Kingdom,2009-12-10 10:32:00
14944,United Kingdom,2010-02-17 08:49:00
14947,United Kingdom,2010-03-25 11:29:00
14948,United Kingdom,2011-05-04 14:52:00
14949,United Kingdom,2010-03-01 09:24:00
14950,United Kingdom,2011-11-20 13:48:00
14952,United Kingdom,2009-12-03 15:34:00
14953,United Kingdom,2010-09-30 12:16:00
14955,United Kingdom,2009-12-07 11:35:00
14956,United Kingdom,2010-10-14 16:40:00
14957,United Kingdom,2011-03-31 17:59:00
14958,United Kingdom,2010-03-23 13:26:00
14961,United Kingdom,2009-12-04 11:32:00
14962,United Kingdom,2010-05-17 12:52:00
14963,United Kingdom,2010-10-07 13:28:00
14964,United Kingdom,2011-04-06 14:13:00
14965,United Kingdom,2011-09-04 13:15:00
14966,United Kingdom,2009-12-15 13:48:00
14968,United Kingdom,2010-09-07 13:28:00
14970,United Kingdom,2010-02-14 13:38:00
14973,United Kingdom,2011-04-28 12:22:00
14975,United Kingdom,2011-10-13 14:08:00
14976,United Kingdom,2011-01-17 11:09:00
14977,United Kingdom,2009-12-14 10:37:00
14978,United Kingdom,2010-04-28 10:50:00
14980,United Kingdom,2009-12-02 14:09:00
14981,United Kingdom,2011-04-07 13:45:00
14984,United Kingdom,2011-06-12 11:04:00
14985,United Kingdom,2010-12-16 19:51:00
14986,United Kingdom,2010-01-24 15:54:00
14987,United Kingdom,2009-12-02 14:56:00
14988,United Kingdom,2010-05-04 12:30:00
14990,United Kingdom,2009-12-09 13:31:00
14991,United Kingdom,2010-10-05 13:01:00
14992,United Kingdom,2010-09-23 17:48:00
14993,United Kingdom,2010-05-25 12:47:00
14994,United Kingdom,2010-03-26 14:16:00
14996,United Kingdom,2010-08-15 13:44:00
14997,United Kingdom,2011-09-12 13:34:00
14998,United Kingdom,2010-10-07 18:48:00
15002,United Kingdom,2010-02-17 11:44:00
15003,United Kingdom,2010-02-03 11:58:00
15004,United Kingdom,2011-07-15 14:05:00
15005,United Kingdom,2009-12-09 14:38:00
15007,United Kingdom,2011-07-03 16:00:00
15008,United Kingdom,2010-03-12 11:13:00
15009,United Kingdom,2011-11-20 11:25:00
15010,United Kingdom,2011-11-04 12:42:00
15012,United Kingdom,2010-05-12 11:49:00
15013,United Kingdom,2010-01-31 12:15:00
15015,United Kingdom,2010-02-08 11:42:00
15016,United Kingdom,2010-10-13 13:32:00
15017,United Kingdom,2011-11-06 10:33:00
15018,United Kingdom,2011-04-01 09:56:00
15021,United Kingdom,2010-07-29 16:35:00
15022,United Kingdom,2011-11-13 14:44:00
15023,United Kingdom,2010-02-03 15:45:00
15024,United Kingdom,2010-10-11 16:14:00
15025,United Kingdom,2010-05-20 13:28:00
15026,United Kingdom,2010-11-29 13:50:00
15027,United Kingdom,2010-05-25 09:46:00
15028,United Kingdom,2011-10-28 11:33:00
15030,United Kingdom,2010-06-06 12:39:00
15031,United Kingdom,2009-12-08 13:38:00
15033,United Kingdom,2011-01-14 13:28:00
15034,United Kingdom,2010-05-11 13:30:00
15037,United Kingdom,2010-11-28 12:14:00
15038,United Kingdom,2010-10-31 12:52:00
15039,United Kingdom,2009-12-21 11:51:00
15040,United Kingdom,2010-06-16 11:40:00
15041,United Kingdom,2010-09-21 13:16:00
15043,United Kingdom,2010-07-21 17:31:00
15044,United Kingdom,2009-12-23 11:21:00
15045,United Kingdom,2011-07-11 11:33:00
15046,United Kingdom,2010-01-14 14:29:00
15047,United Kingdom,2011-03-15 10:49:00
15048,United Kingdom,2011-08-15 10:02:00
15049,United Kingdom,2011-03-11 12:13:00
15050,United Kingdom,2010-08-16 12:00:00
15051,United Kingdom,2010-06-24 12:11:00
15052,United Kingdom,2011-01-24 15:52:00
15053,United Kingdom,2011-07-06 13:06:00
15054,United Kingdom,2011-10-30 14:33:00
15056,United Kingdom,2010-07-07 15:58:00
15057,United Kingdom,2010-03-24 11:51:00
15058,United Kingdom,2010-02-24 14:07:00
15059,United Kingdom,2010-01-15 15:13:00
15060,United Kingdom,2011-11-30 14:03:00
15061,United Kingdom,2009-12-16 12:17:00
15062,United Kingdom,2010-07-01 14:49:00
15067,United Kingdom,2010-04-11 15:54:00
15068,United Kingdom,2010-10-17 16:08:00
15069,United Kingdom,2011-06-13 14:16:00
15070,United Kingdom,2009-12-15 13:49:00
15071,United Kingdom,2010-05-18 12:45:00
15072,United Kingdom,2010-08-17 15:46:00
15073,United Kingdom,2010-10-22 15:37:00
15074,United Kingdom,2011-08-26 14:45:00
15076,United Kingdom,2011-06-20 08:23:00
15078,United Kingdom,2010-02-16 13:57:00
15079,United Kingdom,2009-12-08 11:22:00
15081,United Kingdom,2010-06-22 10:25:00
15082,United Kingdom,2010-02-09 10:23:00
15083,United Kingdom,2011-03-28 12:18:00
15084,United Kingdom,2010-11-25 11:58:00
15086,United Kingdom,2010-03-24 13:56:00
15088,United Kingdom,2011-11-18 13:14:00
15089,United Kingdom,2011-08-23 13:40:00
15090,United Kingdom,2011-02-04 14:03:00
15091,United Kingdom,2010-02-03 11:46:00
15092,United Kingdom,2010-09-03 12:33:00
15093,United Kingdom,2010-01-12 14:33:00
15094,United Kingdom,2010-03-05 12:56:00
15095,United Kingdom,2010-04-22 08:03:00
15098,United Kingdom,2011-06-10 15:33:00
15099,United Kingdom,2011-09-16 13:13:00
15100,United Kingdom,2010-11-24 11:08:00
15102,United Kingdom,2010-06-11 10:16:00
15105,United Kingdom,2011-09-14 11:42:00
15106,United Kingdom,2011-05-12 08:41:00
15107,United Kingdom,2010-09-14 10:47:00
15108,European Community,2011-07-21 10:24:00
15109,United Kingdom,2010-05-09 13:44:00
15110,United Kingdom,2010-08-11 15:49:00
15111,United Kingdom,2010-04-26 13:12:00
15114,United Kingdom,2011-05-06 14:22:00
15115,United Kingdom,2009-12-07 11:20:00
15116,United Kingdom,2011-11-22 12:25:00
15117,United Kingdom,2010-03-15 13:40:00
15119,United Kingdom,2011-04-08 09:08:00
15121,United Kingdom,2011-02-24 12:41:00
15122,United Kingdom,2010-07-29 10:14:00
15123,United Kingdom,2010-03-16 09:49:00
15124,United Kingdom,2010-02-26 10:49:00
15125,United Kingdom,2010-03-31 13:29:00
15126,United Kingdom,2010-01-21 17:09:00
15128,United Kingdom,2011-05-04 12:32:00
15129,United Kingdom,2010-04-08 17:15:00
15130,United Kingdom,2011-06-23 10:15:00
15131,United Kingdom,2010-11-10 12:07:00
15132,United Kingdom,2011-10-14 14:00:00
15133,United Kingdom,2010-07-07 12:31:00
15134,United Kingdom,2011-05-10 13:18:00
15135,United Kingdom,2010-06-01 13:33:00
15136,United Kingdom,2011-12-07 12:26:00
15137,United Kingdom,2010-07-07 09:41:00
15139,United Kingdom,2011-01-07 12:44:00
15140,United Kingdom,2011-03-20 14:37:00
15141,United Kingdom,2010-06-11 11:45:00
15142,United Kingdom,2010-10-25 15:36:00
15143,United Kingdom,2011-04-28 12:03:00
15144,United Kingdom,2010-02-24 12:51:00
15145,United Kingdom,2011-04-26 16:40:00
15147,United Kingdom,2011-04-13 15:57:00
15148,United Kingdom,2011-11-29 08:21:00
15149,United Kingdom,2010-02-28 11:14:00
15151,United Kingdom,2010-07-18 12:19:00
15152,United Kingdom,2010-01-07 15:15:00
15153,United Kingdom,2011-11-08 17:09:00
15154,United Kingdom,2010-08-18 17:43:00
15155,United Kingdom,2010-11-21 12:59:00
15157,United Kingdom,2010-05-19 13:29:00
15158,United Kingdom,2011-10-25 13:53:00
15159,United Kingdom,2010-10-21 16:33:00
15160,United Kingdom,2010-11-04 12:24:00
15161,United Kingdom,2010-11-16 16:08:00
15164,United Kingdom,2010-06-07 14:55:00
15167,United Kingdom,2011-01-23 12:41:00
15169,United Kingdom,2009-12-13 11:16:00
15170,United Kingdom,2010-10-29 10:34:00
15171,United Kingdom,2011-01-12 15:36:00
15172,United Kingdom,2011-04-17 11:56:00
15177,United Kingdom,2010-10-10 12:48:00
15179,United Kingdom,2010-01-22 10:51:00
15181,United Kingdom,2009-12-08 19:02:00
15182,United Kingdom,2010-02-21 12:03:00
15183,United Kingdom,2010-05-04 11:31:00
15184,United Kingdom,2011-11-10 13:41:00
15185,United Kingdom,2011-09-30 14:06:00
15186,United Kingdom,2010-08-22 15:00:00
15187,United Kingdom,2011-05-11 13:49:00
15188,United Kingdom,2009-12-14 13:30:00
15189,United Kingdom,2010-07-18 13:37:00
15191,United Kingdom,2010-09-02 15:37:00
15192,United Kingdom,2010-01-29 10:13:00
15193,United Kingdom,2011-10-10 08:23:00
15194,United Kingdom,2009-12-17 14:37:00
15196,United Kingdom,2009-12-13 11:14:00
15197,United Kingdom,2009-12-11 12:56:00
15198,United Kingdom,2010-04-01 14:15:00
15199,United Kingdom,2010-05-13 10:14:00
15200,United Kingdom,2010-08-02 09:38:00
15203,United Kingdom,2009-12-08 18:06:00
15205,United Kingdom,2011-08-04 16:07:00
15206,United Kingdom,2011-07-17 11:26:00
15207,United Kingdom,2010-10-15 12:30:00
15208,United Kingdom,2010-10-12 12:17:00
15209,United Kingdom,2009-12-09 17:26:00
15210,United Kingdom,2010-11-26 09:09:00
15211,United Kingdom,2011-10-10 13:31:00
15214,United Kingdom,2011-10-07 09:56:00
15215,United Kingdom,2010-05-04 12:59:00
15218,United Kingdom,2010-01-26 11:33:00
15219,United Kingdom,2011-06-16 16:57:00
15220,United Kingdom,2011-08-16 14:28:00
15221,United Kingdom,2010-10-29 10:28:00
15222,United Kingdom,2010-01-14 15:24:00
15223,United Kingdom,2009-12-05 11:19:00
15224,United Kingdom,2010-01-15 16:14:00
15225,United Kingdom,2011-04-19 14:51:00
15227,United Kingdom,2010-05-18 10:09:00
15228,United Kingdom,2010-07-28 10:21:00
15231,United Kingdom,2010-03-28 15:12:00
15232,United Kingdom,2011-08-18 16:27:00
15235,United Kingdom,2010-11-16 12:48:00
15236,United Kingdom,2011-02-14 10:52:00
15237,United Kingdom,2011-05-20 14:47:00
15238,United Kingdom,2011-11-10 14:28:00
15239,United Kingdom,2011-09-22 09:53:00
15240,United Kingdom,2010-09-14 14:14:00
15241,United Kingdom,2010-10-05 08:50:00
15244,United Kingdom,2011-10-05 13:19:00
15245,United Kingdom,2010-04-23 14:23:00
15246,United Kingdom,2011-04-15 14:45:00
15247,United Kingdom,2010-08-19 10:13:00
15248,United Kingdom,2010-08-20 14:13:00
15249,United Kingdom,2010-07-15 13:19:00
15251,United Kingdom,2010-02-17 12:03:00
15252,United Kingdom,2010-10-14 12:05:00
15253,United Kingdom,2010-05-02 11:17:00
15255,United Kingdom,2010-10-21 14:02:00
15257,United Kingdom,2010-10-21 14:03:00
15259,United Kingdom,2010-01-26 09:41:00
15260,United Kingdom,2009-12-06 11:45:00
15261,United Kingdom,2010-11-23 09:13:00
15262,United Kingdom,2010-08-08 15:55:00
15264,United Kingdom,2010-06-27 13:29:00
15266,United Kingdom,2010-10-10 13:03:00
15267,United Kingdom,2011-07-07 11:36:00
15268,United Kingdom,2010-08-18 10:32:00
15270,United Kingdom,2009-12-17 15:06:00
15271,United Kingdom,2010-08-05 14:57:00
15272,United Kingdom,2010-09-15 17:07:00
15274,United Kingdom,2011-12-05 16:57:00
15275,United Kingdom,2011-11-02 11:20:00
15276,United Kingdom,2010-11-10 16:06:00
15277,United Kingdom,2010-10-10 16:02:00
15278,United Kingdom,2010-05-27 10:03:00
15279,United Kingdom,2010-03-19 13:22:00
15280,United Kingdom,2010-05-17 14:17:00
15281,United Kingdom,2010-10-08 12:14:00
15283,United Kingdom,2010-07-09 15:46:00
15286,United Kingdom,2011-10-21 11:08:00
15287,United Kingdom,2009-12-02 12:13:00
15288,United Kingdom,2010-04-23 12:49:00
15289,United Kingdom,2010-03-28 11:45:00
15290,United Kingdom,2010-02-24 10:15:00
15291,United Kingdom,2009-12-11 10:31:00
15292,United Kingdom,2011-05-22 15:00:00
15294,United Kingdom,2010-10-25 11:45:00
15295,United Kingdom,2010-02-23 13:03:00
15296,United Kingdom,2010-01-21 13:48:00
15297,United Kingdom,2011-11-29 16:32:00
15298,United Kingdom,2009-12-08 17:04:00
15299,United Kingdom,2011-03-21 12:06:00
15301,United Kingdom,2010-10-28 09:20:00
15302,United Kingdom,2009-12-09 13:11:00
15304,United Kingdom,2010-10-14 10:24:00
15306,United Kingdom,2010-04-23 12:12:00
15310,United Kingdom,2010-08-18 11:38:00
15311,United Kingdom,2009-12-04 14:24:00
15312,United Kingdom,2010-11-01 08:58:00
15313,United Kingdom,2011-08-21 16:02:00
15314,United Kingdom,2010-10-07 15:41:00
15319,United Kingdom,2011-03-01 12:48:00
15320,United Kingdom,2011-10-26 13:27:00
15321,United Kingdom,2010-02-25 09:16:00
15322,United Kingdom,2010-08-20 13:10:00
15323,United Kingdom,2010-02-16 09:21:00
15324,United Kingdom,2010-01-07 14:37:00
15325,United Kingdom,2010-05-04 15:48:00
15326,United Kingdom,2009-12-18 16:04:00
15329,United Kingdom,2010-05-14 14:31:00
15332,Lithuania,2010-12-05 12:00:00
15334,United Kingdom,2011-06-19 13:51:00
15336,United Kingdom,2010-11-03 12:39:00
15339,United Kingdom,2010-03-26 17:24:00
15341,United Kingdom,2010-09-16 16:41:00
15344,United Kingdom,2011-09-26 14:48:00
15345,United Kingdom,2011-10-25 11:28:00
15346,United Kingdom,2010-10-04 15:11:00
15347,United Kingdom,2010-09-28 12:50:00
15348,United Kingdom,2011-09-28 13:17:00
15351,United Kingdom,2010-10-03 12:18:00
15353,United Kingdom,2009-12-02 11:33:00
15354,United Kingdom,2010-04-15 16:17:00
15355,United Kingdom,2011-10-17 15:22:00
15356,United Kingdom,2010-11-14 11:39:00
15358,United Kingdom,2009-12-07 12:19:00
15359,United Kingdom,2010-01-29 10:51:00
15361,United Kingdom,2010-06-14 13:27:00
15365,United Kingdom,2010-08-12 14:57:00
15366,United Kingdom,2010-06-07 10:49:00
15367,United Kingdom,2009-12-10 14:20:00
15369,United Kingdom,2009-12-08 07:43:00
15370,United Kingdom,2010-10-25 12:08:00
15372,United Kingdom,2010-02-16 13:33:00
15373,United Kingdom,2010-05-02 11:57:00
15374,United Kingdom,2010-03-25 12:03:00
15376,United Kingdom,2011-05-01 13:45:00
15377,United Kingdom,2010-11-22 08:55:00
15378,United Kingdom,2010-09-03 11:30:00
15379,United Kingdom,2011-01-06 14:07:00
15380,United Kingdom,2009-12-10 15:35:00
15381,United Kingdom,2010-05-05 14:35:00
15382,United Kingdom,2010-05-07 12:09:00
15384,United Kingdom,2010-04-26 12:38:00
15387,United Kingdom,2010-08-04 16:05:00
15389,United Kingdom,2010-06-02 15:01:00
15392,United Kingdom,2010-11-08 08:58:00
15393,United Kingdom,2011-03-03 16:58:00
15394,United Kingdom,2009-12-15 19:05:00
15396,United Kingdom,2010-05-05 09:04:00
15397,United Kingdom,2011-02-23 09:25:00
15398,United Kingdom,2011-11-23 16:47:00
15399,United Kingdom,2011-11-17 15:04:00
15400,United Kingdom,2010-10-15 12:00:00
15401,United Kingdom,2010-05-20 10:56:00
15402,United Kingdom,2010-08-17 14:02:00
15406,United Kingdom,2010-09-12 13:06:00
15407,United Kingdom,2011-02-07 13:18:00
15410,United Kingdom,2010-05-20 09:53:00
15411,United Kingdom,2011-06-10 12:30:00
15412,United Kingdom,2011-06-21 15:24:00
15413,United Kingdom,2009-12-08 15:10:00
15414,United Kingdom,2011-04-11 13:45:00
15416,United Kingdom,2010-08-18 09:47:00
15417,United Kingdom,2011-09-15 15:26:00
15418,United Kingdom,2010-05-02 11:31:00
15420,United Kingdom,2010-05-30 15:45:00
15421,United Kingdom,2009-12-07 15:10:00
15422,United Kingdom,2010-11-25 17:00:00
15423,United Kingdom,2010-03-28 13:42:00
15424,United Kingdom,2010-09-02 17:17:00
15425,United Kingdom,2010-03-21 11:32:00
15426,United Kingdom,2010-09-23 19:50:00
15428,United Kingdom,2010-11-17 13:46:00
15429,United Kingdom,2011-09-25 13:42:00
15430,United Kingdom,2010-08-29 10:42:00
15433,United Kingdom,2011-03-17 14:12:00
15434,United Kingdom,2010-09-30 12:01:00
15436,United Kingdom,2011-10-23 16:19:00
15438,United Kingdom,2011-07-31 14:19:00
15440,United Kingdom,2011-10-16 12:16:00
15441,United Kingdom,2009-12-09 14:55:00
15442,United Kingdom,2011-04-05 12:24:00
15443,United Kingdom,2010-03-26 11:42:00
15444,United Kingdom,2011-11-30 17:37:00
15446,United Kingdom,2010-03-21 11:15:00
15447,United Kingdom,2010-04-20 09:47:00
15448,United Kingdom,2011-01-31 10:42:00
15451,United Kingdom,2010-10-01 13:40:00
15452,United Kingdom,2010-08-24 12:03:00
15453,United Kingdom,2011-06-05 12:37:00
15454,United Kingdom,2010-12-12 14:21:00
15456,United Kingdom,2010-01-13 13:22:00
15457,United Kingdom,2011-03-22 15:31:00
15459,United Kingdom,2010-07-30 14:31:00
15460,United Kingdom,2010-12-20 16:08:00
15462,United Kingdom,2011-06-05 15:36:00
15463,United Kingdom,2011-11-10 12:57:00
15465,United Kingdom,2009-12-10 09:42:00
15466,United Kingdom,2009-12-03 12:28:00
15467,United Kingdom,2011-07-10 14:42:00
15468,United Kingdom,2010-11-12 09:39:00
15469,United Kingdom,2011-08-11 16:54:00
15471,United Kingdom,2010-06-07 12:17:00
15473,United Kingdom,2010-09-21 09:14:00
15474,United Kingdom,2010-04-23 11:14:00
15476,United Kingdom,2010-11-12 11:33:00
15478,United Kingdom,2011-10-14 11:09:00
15480,Malta,2010-08-27 15:14:00
15482,United Kingdom,2009-12-02 16:59:00
15483,United Kingdom,2010-01-24 15:42:00
15484,United Kingdom,2010-06-17 16:16:00
15485,United Kingdom,2009-12-01 17:50:00
15486,United Kingdom,2010-06-30 13:15:00
15487,United Kingdom,2010-01-29 12:07:00
15488,United Kingdom,2010-05-05 13:03:00
15489,United Kingdom,2010-01-15 16:58:00
15491,United Kingdom,2011-06-13 11:49:00
15493,United Kingdom,2010-04-06 11:42:00
15494,United Kingdom,2011-08-10 15:29:00
15495,United Kingdom,2010-11-25 13:46:00
15497,United Kingdom,2009-12-18 15:08:00
15498,United Kingdom,2009-12-16 17:27:00
15501,United Kingdom,2010-10-20 12:47:00
15502,United Kingdom,2010-06-03 11:12:00
15505,United Kingdom,2011-08-05 15:07:00
15506,United Kingdom,2010-08-19 12:38:00
15507,United Kingdom,2011-06-21 11:19:00
15508,United Kingdom,2011-06-03 15:32:00
15511,United Kingdom,2011-09-15 15:05:00
15512,United Kingdom,2010-02-01 13:23:00
15513,United Kingdom,2010-03-25 11:09:00
15514,United Kingdom,2009-12-04 16:37:00
15516,United Kingdom,2011-10-24 11:38:00
15518,United Kingdom,2010-07-08 13:35:00
15519,United Kingdom,2010-11-21 14:35:00
15520,United Kingdom,2011-12-08 10:58:00
15521,United Kingdom,2010-07-25 10:14:00
15522,United Kingdom,2011-09-13 12:26:00
15523,United Kingdom,2009-12-02 15:17:00
15525,United Kingdom,2010-11-22 12:10:00
15526,United Kingdom,2011-11-06 15:01:00
15527,United Kingdom,2009-12-15 17:31:00
15529,United Kingdom,2011-04-06 10:46:00
15530,United Kingdom,2011-06-23 17:20:00
15532,United Kingdom,2010-11-28 15:18:00
15533,United Kingdom,2011-09-18 13:40:00
15535,United Kingdom,2010-09-16 20:04:00
15538,United Kingdom,2010-02-14 12:38:00
15539,United Kingdom,2011-12-02 13:36:00
15540,United Kingdom,2010-11-29 11:10:00
15542,United Kingdom,2009-12-02 11:53:00
15544,United Kingdom,2010-01-28 14:39:00
15545,United Kingdom,2010-12-03 17:28:00
15546,United Kingdom,2010-04-12 11:45:00
15547,United Kingdom,2010-03-25 11:32:00
15549,United Kingdom,2010-06-14 14:50:00
15550,United Kingdom,2009-12-14 10:27:00
15551,United Kingdom,2010-11-10 14:03:00
15553,United Kingdom,2011-10-10 14:02:00
15555,United Kingdom,2010-04-11 15:54:00
15556,United Kingdom,2011-11-15 16:08:00
15557,United Kingdom,2011-11-11 12:46:00
15558,United Kingdom,2010-03-10 15:25:00
15561,United Kingdom,2010-02-14 12:22:00
15563,United Kingdom,2010-01-28 11:36:00
15566,United Kingdom,2009-12-15 14:53:00
15568,United Kingdom,2011-09-27 14:37:00
15569,United Kingdom,2010-02-28 10:55:00
15570,United Kingdom,2010-05-19 13:36:00
15571,United Kingdom,2010-03-23 12:41:00
15572,United Kingdom,2010-10-20 13:40:00
15573,United Kingdom,2010-02-25 11:41:00
15574,United Kingdom,2010-09-01 14:37:00
15575,United Kingdom,2010-03-30 12:50:00
15577,United Kingdom,2009-12-13 16:17:00
15579,United Kingdom,2010-10-03 14:37:00
15580,United Kingdom,2010-02-07 11:21:00
15581,United Kingdom,2009-12-02 12:19:00
15582,United Kingdom,2011-08-31 14:52:00
15584,United Kingdom,2010-11-05 11:34:00
15585,United Kingdom,2011-06-16 08:38:00
15587,United Kingdom,2010-08-05 08:44:00
15590,United Kingdom,2010-04-12 10:09:00
15591,United Kingdom,2010-02-04 09:20:00
15592,United Kingdom,2011-10-24 08:59:00
15593,United Kingdom,2011-09-30 11:46:00
15594,United Kingdom,2011-04-19 10:08:00
15596,United Kingdom,2010-07-28 11:46:00
15597,United Kingdom,2010-05-13 13:10:00
15598,United Kingdom,2010-10-08 09:20:00
15599,United Kingdom,2011-05-19 13:05:00
15600,United Kingdom,2010-04-25 11:50:00
15601,United Kingdom,2009-12-01 14:53:00
15602,United Kingdom,2010-07-16 08:33:00
15603,United Kingdom,2011-09-22 10:04:00
15605,United Kingdom,2010-01-14 14:03:00
15606,United Kingdom,2010-04-29 15:39:00
15607,United Kingdom,2010-01-15 12:38:00
15608,United Kingdom,2011-08-11 09:56:00
15611,United Kingdom,2010-03-22 10:04:00
15612,United Kingdom,2011-10-09 12:49:00
15614,United Kingdom,2010-03-23 11:13:00
15615,United Kingdom,2009-12-16 12:16:00
15617,United Kingdom,2010-07-20 13:16:00
15618,United Kingdom,2011-07-26 10:13:00
15620,United Kingdom,2011-05-03 11:22:00
15621,United Kingdom,2011-11-18 11:49:00
15622,United Kingdom,2010-04-22 11:51:00
15623,United Kingdom,2010-01-19 10:41:00
15625,United Kingdom,2010-06-15 15:23:00
15627,United Kingdom,2010-09-08 14:14:00
15628,United Kingdom,2009-12-13 13:39:00
15629,United Kingdom,2010-06-25 11:39:00
15630,United Kingdom,2011-10-25 15:36:00
15632,United Kingdom,2011-03-10 08:29:00
15633,United Kingdom,2010-03-10 15:22:00
15636,United Kingdom,2011-09-11 11:17:00
15637,United Kingdom,2010-03-09 10:02:00
15638,United Kingdom,2010-04-25 15:45:00
15639,United Kingdom,2010-09-14 09:05:00
15640,United Kingdom,2010-02-15 17:26:00
15641,United Kingdom,2009-12-06 15:31:00
15643,United Kingdom,2011-06-01 07:38:00
15645,United Kingdom,2010-10-10 12:51:00
15646,United Kingdom,2010-10-25 13:06:00
15648,United Kingdom,2011-03-17 18:59:00
15649,United Kingdom,2010-11-29 16:34:00
15650,United Kingdom,2010-03-21 11:46:00
15651,United Kingdom,2010-04-22 13:26:00
15652,United Kingdom,2010-10-04 17:07:00
15655,United Kingdom,2011-04-10 15:25:00
15656,United Kingdom,2011-06-14 13:48:00
15658,United Kingdom,2010-07-28 12:34:00
15659,United Kingdom,2010-02-24 13:32:00
15660,United Kingdom,2010-05-20 17:43:00
15661,United Kingdom,2010-07-19 15:15:00
15662,United Kingdom,2009-12-01 13:49:00
15664,United Kingdom,2011-10-20 10:57:00
15666,United Kingdom,2010-08-01 15:41:00
15668,United Kingdom,2011-05-06 10:39:00
15669,United Kingdom,2011-08-28 11:19:00
15670,United Kingdom,2010-06-01 15:34:00
15671,United Kingdom,2011-03-14 09:37:00
15674,United Kingdom,2010-05-10 10:11:00
15675,United Kingdom,2011-09-19 13:48:00
15677,United Kingdom,2010-10-14 15:19:00
15678,United Kingdom,2011-10-18 09:25:00
15679,United Kingdom,2011-11-15 16:19:00
15680,United Kingdom,2010-03-30 15:48:00
15681,United Kingdom,2011-03-04 13:46:00
15682,United Kingdom,2010-01-21 14:37:00
15686,United Kingdom,2010-10-15 13:50:00
15687,United Kingdom,2011-02-01 13:15:00
15691,United Kingdom,2011-04-01 15:13:00
15694,United Kingdom,2010-04-23 14:03:00
15695,United Kingdom,2011-03-18 08:32:00
15696,United Kingdom,2010-01-24 14:36:00
15697,United Kingdom,2010-01-19 09:10:00
15700,United Kingdom,2011-06-20 16:53:00
15701,United Kingdom,2011-08-21 12:36:00
15705,United Kingdom,2011-05-22 15:37:00
15706,United Kingdom,2011-09-25 12:45:00
15707,United Kingdom,2011-10-06 15:53:00
15708,United Kingdom,2010-10-10 11:33:00
15709,United Kingdom,2011-03-01 10:38:00
15710,United Kingdom,2010-10-18 17:05:00
15711,United Kingdom,2010-06-01 12:14:00
15712,United Kingdom,2009-12-01 11:17:00
15713,United Kingdom,2010-03-30 10:26:00
15714,United Kingdom,2010-09-12 14:22:00
15715,United Kingdom,2010-06-02 09:54:00
15716,United Kingdom,2009-12-07 12:42:00
15717,United Kingdom,2010-06-24 13:43:00
15719,United Kingdom,2010-02-25 11:50:00
15720,United Kingdom,2011-11-15 14:48:00
15722,United Kingdom,2010-08-29 13:49:00
15723,United Kingdom,2010-05-14 12:55:00
15724,United Kingdom,2011-05-22 14:40:00
15725,United Kingdom,2011-11-24 14:51:00
15726,United Kingdom,2010-11-14 16:12:00
15727,United Kingdom,2010-06-03 11:44:00
15728,United Kingdom,2010-09-21 14:46:00
15730,United Kingdom,2010-11-23 10:41:00
15732,United Kingdom,2010-03-22 11:53:00
15734,United Kingdom,2011-05-23 14:59:00
15735,United Kingdom,2010-10-14 13:38:00
15736,United Kingdom,2010-09-30 14:19:00
15737,United Kingdom,2011-04-11 10:01:00
15738,United Kingdom,2009-12-10 15:52:00
15741,United Kingdom,2010-03-31 11:55:00
15744,United Kingdom,2011-09-23 09:52:00
15745,United Kingdom,2011-09-27 10:24:00
15747,United Kingdom,2010-01-18 11:21:00
15748,United Kingdom,2010-09-16 16:55:00
15749,United Kingdom,2011-01-11 12:55:00
15750,United Kingdom,2009-12-01 17:19:00
15751,United Kingdom,2009-12-06 13:08:00
15752,United Kingdom,2010-11-03 14:22:00
15753,United Kingdom,2011-02-08 12:41:00
15754,United Kingdom,2010-02-22 13:31:00
15755,United Kingdom,2010-08-16 11:27:00
15757,United Kingdom,2010-08-04 12:22:00
15759,United Kingdom,2009-12-02 10:08:00
15762,United Kingdom,2011-10-05 16:15:00
15764,United Kingdom,2010-10-01 14:07:00
15766,United Kingdom,2010-01-26 15:55:00
15768,United Kingdom,2010-02-17 14:35:00
15769,United Kingdom,2010-05-12 10:45:00
15771,United Kingdom,2010-01-15 12:14:00
15773,United Kingdom,2010-10-26 15:27:00
15775,United Kingdom,2010-03-18 07:32:00
15777,United Kingdom,2010-10-18 15:45:00
15779,United Kingdom,2010-09-02 16:40:00
15781,United Kingdom,2011-07-25 12:25:00
15782,United Kingdom,2010-10-05 15:43:00
15783,United Kingdom,2011-11-29 09:50:00
15785,United Kingdom,2010-01-29 12:32:00
15786,United Kingdom,2010-10-18 08:11:00
15787,United Kingdom,2011-11-13 14:55:00
15788,United Kingdom,2010-07-19 12:48:00
15789,United Kingdom,2010-03-26 11:21:00
15790,United Kingdom,2011-11-29 14:53:00
15791,United Kingdom,2011-05-19 15:15:00
15792,United Kingdom,2010-03-31 09:42:00
15793,United Kingdom,2009-12-01 12:54:00
15794,United Kingdom,2009-12-02 15:10:00
15795,United Kingdom,2010-02-14 12:57:00
15796,United Kingdom,2010-03-31 13:10:00
15797,United Kingdom,2010-01-27 13:12:00
15799,United Kingdom,2010-10-17 14:26:00
15800,United Kingdom,2010-09-12 16:17:00
15801,United Kingdom,2011-10-10 15:42:00
15803,United Kingdom,2011-10-19 14:56:00
15804,United Kingdom,2011-08-23 09:57:00
15805,United Kingdom,2010-02-15 15:00:00
15806,United Kingdom,2011-03-08 09:24:00
15807,United Kingdom,2010-10-27 13:04:00
15808,United Kingdom,2009-12-15 14:10:00
15809,United Kingdom,2011-05-19 18:02:00
15810,United Kingdom,2010-03-22 10:08:00
15811,United Kingdom,2011-02-15 10:46:00
15812,United Kingdom,2010-06-03 08:49:00
15813,United Kingdom,2011-04-14 09:09:00
15814,United Kingdom,2011-10-20 18:08:00
15815,United Kingdom,2011-10-07 12:42:00
15818,United Kingdom,2010-04-30 12:58:00
15819,United Kingdom,2011-10-21 14:50:00
15820,United Kingdom,2011-01-24 12:00:00
15821,United Kingdom,2011-10-26 15:48:00
15822,United Kingdom,2009-12-06 15:12:00
15823,United Kingdom,2010-12-02 15:08:00
15826,United Kingdom,2010-05-20 17:00:00
15827,United Kingdom,2010-01-08 11:25:00
15829,United Kingdom,2011-07-22 10:23:00
15830,United Kingdom,2011-11-02 10:40:00
15831,United Kingdom,2011-10-12 13:14:00
15833,United Kingdom,2009-12-02 11:59:00
15834,United Kingdom,2010-10-11 14:05:00
15835,United Kingdom,2011-07-25 12:50:00
15837,United Kingdom,2011-10-06 09:01:00
15838,United Kingdom,2010-03-09 11:57:00
15841,United Kingdom,2009-12-10 08:29:00
15842,United Kingdom,2010-06-30 09:06:00
15845,United Kingdom,2011-02-25 10:39:00
15847,United Kingdom,2010-09-22 14:42:00
15850,United Kingdom,2010-06-21 14:14:00
15851,United Kingdom,2010-07-01 12:34:00
15852,United Kingdom,2010-07-01 10:16:00
15854,United Kingdom,2010-11-02 18:51:00
15855,United Kingdom,2011-03-21 12:32:00
15856,United Kingdom,2009-12-18 17:30:00
15857,United Kingdom,2011-11-21 12:18:00
15858,United Kingdom,2010-01-25 12:50:00
15860,United Kingdom,2009-12-06 12:31:00
15861,United Kingdom,2011-10-25 12:12:00
15862,United Kingdom,2009-12-17 11:43:00
15864,United Kingdom,2011-09-02 10:31:00
15867,United Kingdom,2010-01-22 12:46:00
15869,United Kingdom,2010-03-23 16:50:00
15870,United Kingdom,2011-11-07 10:58:00
15873,United Kingdom,2010-07-27 12:02:00
15874,United Kingdom,2010-01-07 13:56:00
15875,United Kingdom,2010-03-03 16:51:00
15877,United Kingdom,2011-12-08 11:53:00
15878,United Kingdom,2010-05-27 12:17:00
15880,United Kingdom,2010-12-05 13:00:00
15881,United Kingdom,2010-12-10 13:32:00
15882,United Kingdom,2009-12-10 15:33:00
15883,United Kingdom,2011-11-06 14:50:00
15885,United Kingdom,2010-10-19 11:32:00
15886,United Kingdom,2010-04-20 15:03:00
15887,United Kingdom,2010-09-05 13:41:00
15889,United Kingdom,2009-12-10 12:21:00
15890,United Kingdom,2010-04-14 08:43:00
15891,United Kingdom,2011-04-27 12:35:00
15898,United Kingdom,2009-12-11 16:11:00
15899,United Kingdom,2010-12-06 10:36:00
15900,United Kingdom,2010-05-26 11:27:00
15901,United Kingdom,2010-06-14 12:39:00
15902,United Kingdom,2010-11-24 16:57:00
15903,United Kingdom,2010-10-04 10:52:00
15904,United Kingdom,2011-12-01 14:50:00
15905,United Kingdom,2010-06-14 16:00:00
15906,United Kingdom,2010-11-30 13:26:00
15907,United Kingdom,2011-06-16 12:45:00
15908,United Kingdom,2010-07-15 19:21:00
15910,United Kingdom,2010-03-04 12:13:00
15911,United Kingdom,2009-12-09 13:26:00
15912,United Kingdom,2011-04-20 17:10:00
15916,United Kingdom,2010-12-08 13:07:00
15917,United Kingdom,2009-12-02 14:55:00
15918,United Kingdom,2011-06-02 11:42:00
15919,United Kingdom,2010-12-06 11:26:00
15920,United Kingdom,2009-12-14 13:10:00
15921,United Kingdom,2010-11-08 10:24:00
15922,United Kingdom,2010-12-01 13:51:00
15923,United Kingdom,2010-12-02 12:16:00
15928,United Kingdom,2010-02-21 15:16:00
15929,United Kingdom,2010-03-05 14:56:00
15930,United Kingdom,2011-10-03 14:52:00
15932,United Kingdom,2011-02-23 14:50:00
15933,United Kingdom,2011-09-14 12:05:00
15934,United Kingdom,2010-10-06 12:08:00
15935,United Kingdom,2011-04-14 13:27:00
15936,United Kingdom,2010-08-29 11:42:00
15938,United Kingdom,2010-06-01 09:42:00
15939,United Kingdom,2010-11-30 12:07:00
15943,United Kingdom,2010-01-31 11:04:00
15944,United Kingdom,2010-08-11 14:39:00
15945,United Kingdom,2010-12-09 13:14:00
15946,United Kingdom,2010-07-25 12:16:00
15949,United Kingdom,2011-11-23 09:09:00
15950,United Kingdom,2010-01-26 11:39:00
15951,United Kingdom,2011-12-01 08:34:00
15952,United Kingdom,2011-10-02 12:47:00
15953,United Kingdom,2010-10-17 12:47:00
15954,United Kingdom,2010-04-29 13:35:00
15955,United Kingdom,2010-02-23 16:36:00
15956,United Kingdom,2010-06-06 13:06:00
15957,United Kingdom,2010-10-15 12:11:00
15958,United Kingdom,2010-10-18 10:26:00
15960,United Kingdom,2010-09-30 15:50:00
15963,United Kingdom,2011-10-25 13:05:00
15965,United Kingdom,2010-02-14 12:28:00
15967,United Kingdom,2010-07-19 12:13:00
15968,United Kingdom,2010-11-16 13:04:00
15969,United Kingdom,2010-07-05 13:10:00
15971,United Kingdom,2009-12-08 09:46:00
15972,United Kingdom,2010-09-09 12:58:00
15973,United Kingdom,2010-12-08 11:42:00
15974,United Kingdom,2011-03-07 15:40:00
15975,United Kingdom,2011-09-16 13:33:00
15976,United Kingdom,2010-06-06 14:01:00
15978,United Kingdom,2011-09-23 15:21:00
15980,United Kingdom,2010-06-01 14:44:00
15981,United Kingdom,2010-03-29 10:07:00
15983,United Kingdom,2009-12-13 11:28:00
15984,United Kingdom,2009-12-16 14:41:00
15985,United Kingdom,2010-05-27 15:51:00
15987,United Kingdom,2010-11-25 12:56:00
15989,United Kingdom,2010-11-29 12:03:00
15990,United Kingdom,2010-04-26 11:02:00
15992,United Kingdom,2011-12-06 11:00:00
15993,United Kingdom,2011-11-23 12:45:00
15994,United Kingdom,2010-03-14 11:55:00
15995,United Kingdom,2010-10-21 13:57:00
15996,United Kingdom,2010-11-07 15:49:00
15998,United Kingdom,2009-12-11 11:26:00
16000,United Kingdom,2011-12-07 12:15:00
16002,United Kingdom,2010-03-24 13:08:00
16003,United Kingdom,2010-10-31 12:36:00
16004,United Kingdom,2010-01-25 13:56:00
16005,United Kingdom,2010-09-15 13:21:00
16007,United Kingdom,2010-06-14 13:18:00
16008,United Kingdom,2010-04-29 13:41:00
16009,United Kingdom,2011-07-03 11:26:00
16010,United Kingdom,2010-10-24 10:54:00
16011,United Kingdom,2009-12-10 14:48:00
16012,United Kingdom,2010-06-28 11:39:00
16013,United Kingdom,2010-03-08 12:10:00
16014,United Kingdom,2011-02-21 17:42:00
16015,United Kingdom,2011-10-21 12:56:00
16016,United Kingdom,2011-05-27 13:53:00
16017,United Kingdom,2010-01-17 12:17:00
16018,United Kingdom,2011-10-31 14:13:00
16019,United Kingdom,2009-12-14 14:12:00
16020,United Kingdom,2011-10-05 13:54:00
16022,United Kingdom,2011-03-24 13:16:00
16023,United Kingdom,2011-10-24 16:34:00
16026,United Kingdom,2011-10-27 13:53:00
16027,United Kingdom,2010-04-18 15:57:00
16029,United Kingdom,2010-01-15 10:37:00
16031,United Kingdom,2011-04-06 14:23:00
16032,United Kingdom,2010-08-19 19:03:00
16033,United Kingdom,2010-12-14 13:18:00
16034,United Kingdom,2010-10-29 13:35:00
16035,United Kingdom,2010-05-28 15:09:00
16036,United Kingdom,2011-09-13 14:53:00
16037,United Kingdom,2011-02-08 12:14:00
16038,United Kingdom,2011-12-02 12:40:00
16039,United Kingdom,2010-10-12 10:44:00
16040,United Kingdom,2010-09-10 13:38:00
16041,United Kingdom,2011-07-21 16:28:00
16042,United Kingdom,2010-11-25 18:14:00
16043,United Kingdom,2010-08-15 11:26:00
16045,United Kingdom,2010-10-19 10:23:00
16047,EIRE,2010-01-26 16:34:00
16048,United Kingdom,2010-12-01 15:27:00
16049,United Kingdom,2010-11-21 16:15:00
16050,United Kingdom,2011-06-19 11:44:00
16053,United Kingdom,2010-10-22 11:41:00
16057,United Kingdom,2010-07-08 11:33:00
16058,United Kingdom,2010-10-29 16:48:00
16059,United Kingdom,2010-07-27 10:07:00
16060,United Kingdom,2010-10-05 10:08:00
16061,United Kingdom,2010-10-04 15:29:00
16062,United Kingdom,2010-06-21 13:32:00
16065,United Kingdom,2010-10-05 12:58:00
16067,United Kingdom,2010-03-28 15:40:00
16071,United Kingdom,2010-02-22 14:48:00
16072,United Kingdom,2010-06-08 16:47:00
16074,United Kingdom,2010-11-14 13:19:00
16076,United Kingdom,2011-08-11 14:39:00
16078,United Kingdom,2010-02-08 13:29:00
16079,United Kingdom,2011-10-30 13:06:00
16080,United Kingdom,2010-11-19 08:18:00
16081,United Kingdom,2010-02-03 12:46:00
16084,United Kingdom,2011-02-13 16:05:00
16085,United Kingdom,2010-03-31 10:41:00
16086,United Kingdom,2009-12-02 13:20:00
16087,United Kingdom,2010-02-01 12:03:00
16091,United Kingdom,2011-05-25 09:18:00
16092,United Kingdom,2010-05-09 16:11:00
16094,United Kingdom,2010-05-17 14:14:00
16096,United Kingdom,2010-04-30 12:25:00
16098,United Kingdom,2010-02-16 10:26:00
16099,United Kingdom,2010-10-18 14:48:00
16101,United Kingdom,2010-05-27 12:50:00
16103,United Kingdom,2010-02-09 13:20:00
16104,United Kingdom,2010-01-31 10:08:00
16105,United Kingdom,2010-04-14 13:27:00
16106,United Kingdom,2011-10-05 10:37:00
16107,United Kingdom,2011-07-22 12:41:00
16108,United Kingdom,2010-10-01 15:10:00
16109,United Kingdom,2010-01-10 10:37:00
16110,United Kingdom,2011-03-22 13:54:00
16111,United Kingdom,2010-10-07 19:51:00
16112,United Kingdom,2011-01-05 11:47:00
16115,United Kingdom,2010-06-17 12:21:00
16117,United Kingdom,2010-11-02 12:02:00
16119,United Kingdom,2010-05-02 13:24:00
16120,United Kingdom,2011-10-11 14:17:00
16121,United Kingdom,2010-11-14 11:41:00
16122,United Kingdom,2010-11-30 10:25:00
16123,United Kingdom,2011-10-19 09:18:00
16124,United Kingdom,2010-10-17 12:56:00
16125,United Kingdom,2009-12-14 15:38:00
16126,United Kingdom,2010-03-11 14:51:00
16127,United Kingdom,2009-12-13 12:19:00
16128,United Kingdom,2010-07-16 16:30:00
16129,United Kingdom,2010-07-20 12:32:00
16130,United Kingdom,2010-04-01 13:58:00
16131,United Kingdom,2010-04-22 09:50:00
16132,United Kingdom,2010-03-22 10:25:00
16133,United Kingdom,2010-03-31 12:22:00
16134,United Kingdom,2010-06-17 09:48:00
16135,United Kingdom,2010-05-05 09:35:00
16136,United Kingdom,2011-03-07 09:52:00
16137,United Kingdom,2010-01-28 15:04:00
16138,United Kingdom,2010-06-28 10:36:00
16139,United Kingdom,2009-12-17 11:24:00
16140,United Kingdom,2010-09-24 12:03:00
16141,United Kingdom,2011-09-12 13:11:00
16143,United Kingdom,2009-12-10 09:44:00
16144,United Kingdom,2011-04-07 10:09:00
16145,United Kingdom,2010-05-04 13:31:00
16146,United Kingdom,2011-07-05 14:20:00
16147,United Kingdom,2010-11-04 14:56:00
16149,United Kingdom,2011-07-20 14:54:00
16150,United Kingdom,2009-12-17 15:33:00
16152,United Kingdom,2011-03-16 09:47:00
16155,United Kingdom,2010-06-18 11:23:00
16156,United Kingdom,2010-10-07 10:37:00
16158,United Kingdom,2010-01-22 16:46:00
16161,United Kingdom,2010-05-14 11:50:00
16162,United Kingdom,2011-04-01 15:03:00
16163,United Kingdom,2009-12-02 10:00:00
16166,United Kingdom,2010-01-17 14:16:00
16167,United Kingdom,2010-04-01 17:23:00
16168,United Kingdom,2009-12-03 12:38:00
16169,United Kingdom,2011-12-01 15:28:00
16170,United Kingdom,2010-06-11 13:00:00
16172,United Kingdom,2010-07-19 14:21:00
16173,United Kingdom,2011-09-02 15:23:00
16174,United Kingdom,2010-06-22 12:13:00
16175,United Kingdom,2010-05-25 12:01:00
16176,United Kingdom,2010-03-29 14:52:00
16177,United Kingdom,2010-07-05 13:20:00
16180,United Kingdom,2010-06-23 13:21:00
16181,United Kingdom,2011-09-27 13:38:00
16182,United Kingdom,2010-08-22 15:20:00
16183,United Kingdom,2010-10-28 14:43:00
16184,United Kingdom,2011-07-29 15:46:00
16185,United Kingdom,2011-04-21 11:59:00
16186,United Kingdom,2010-04-27 09:42:00
16187,United Kingdom,2011-02-28 13:34:00
16188,United Kingdom,2010-10-27 11:50:00
16189,United Kingdom,2011-09-15 15:21:00
16190,United Kingdom,2010-07-01 11:37:00
16191,United Kingdom,2010-06-11 10:47:00
16193,United Kingdom,2011-04-17 11:45:00
16195,United Kingdom,2009-12-16 14:09:00
16196,United Kingdom,2010-08-08 11:40:00
16197,United Kingdom,2010-06-29 09:07:00
16199,United Kingdom,2010-07-11 11:53:00
16200,United Kingdom,2009-12-17 17:16:00
16201,United Kingdom,2011-10-25 15:07:00
16202,United Kingdom,2009-12-15 12:29:00
16203,United Kingdom,2010-07-23 13:09:00
16205,United Kingdom,2010-06-15 11:58:00
16206,United Kingdom,2010-07-28 15:39:00
16208,United Kingdom,2010-03-09 12:53:00
16209,United Kingdom,2010-06-11 11:58:00
16210,United Kingdom,2009-12-02 12:54:00
16212,United Kingdom,2010-02-07 15:26:00
16215,United Kingdom,2011-09-20 10:18:00
16218,United Kingdom,2010-09-12 11:47:00
16219,United Kingdom,2010-07-27 11:44:00
16221,United Kingdom,2011-03-09 10:51:00
16222,United Kingdom,2009-12-18 14:31:00
16224,United Kingdom,2010-11-17 13:14:00
16225,United Kingdom,2010-02-15 09:19:00
16227,United Kingdom,2011-04-28 13:33:00
16228,United Kingdom,2010-11-04 18:54:00
16232,United Kingdom,2010-06-07 14:04:00
16233,United Kingdom,2010-01-21 15:44:00
16234,United Kingdom,2010-08-20 14:33:00
16235,United Kingdom,2010-08-26 12:10:00
16238,United Kingdom,2010-10-13 12:36:00
16239,United Kingdom,2010-10-06 12:10:00
16240,United Kingdom,2011-09-23 13:44:00
16241,United Kingdom,2011-05-11 11:47:00
16242,United Kingdom,2010-06-06 10:57:00
16243,United Kingdom,2011-10-16 12:09:00
16245,United Kingdom,2011-08-10 09:34:00
16246,United Kingdom,2010-02-08 12:32:00
16247,United Kingdom,2011-06-22 14:23:00
16248,United Kingdom,2011-10-09 11:32:00
16249,United Kingdom,2011-04-14 13:50:00
16252,United Kingdom,2010-11-22 11:57:00
16253,United Kingdom,2010-01-19 11:20:00
16254,United Kingdom,2010-03-17 15:43:00
16255,United Kingdom,2010-03-14 12:18:00
16256,United Kingdom,2010-08-03 08:58:00
16258,United Kingdom,2010-03-10 14:19:00
16259,United Kingdom,2010-04-13 16:57:00
16261,United Kingdom,2011-09-25 13:23:00
16264,United Kingdom,2010-09-19 16:14:00
16265,United Kingdom,2011-02-18 13:32:00
16266,United Kingdom,2010-02-04 16:21:00
16267,United Kingdom,2010-04-27 14:10:00
16268,United Kingdom,2011-09-29 18:30:00
16269,United Kingdom,2010-09-28 11:50:00
16271,United Kingdom,2010-03-07 12:03:00
16272,United Kingdom,2011-08-15 10:53:00
16275,United Kingdom,2010-03-08 14:41:00
16276,United Kingdom,2011-06-16 09:34:00
16278,United Kingdom,2011-08-31 17:12:00
16279,United Kingdom,2010-07-15 12:09:00
16281,United Kingdom,2011-09-28 14:57:00
16282,United Kingdom,2009-12-21 11:52:00
16283,United Kingdom,2011-08-11 12:00:00
16284,United Kingdom,2011-10-20 13:54:00
16285,United Kingdom,2010-03-03 16:03:00
16287,United Kingdom,2010-01-19 09:46:00
16288,United Kingdom,2010-08-26 14:45:00
16289,United Kingdom,2010-09-03 14:02:00
16290,United Kingdom,2010-06-13 11:19:00
16291,Portugal,2010-01-26 16:26:00
16292,United Kingdom,2010-06-13 09:50:00
16293,United Kingdom,2009-12-11 09:58:00
16295,United Kingdom,2011-10-12 13:17:00
16296,United Kingdom,2009-12-18 12:03:00
16298,United Kingdom,2011-10-19 09:58:00
16299,United Kingdom,2010-08-19 17:46:00
16300,United Kingdom,2010-02-02 11:40:00
16301,United Kingdom,2009-12-03 10:20:00
16303,United Kingdom,2010-03-18 14:12:00
16307,United Kingdom,2010-10-06 14:31:00
16308,United Kingdom,2009-12-15 15:48:00
16310,United Kingdom,2010-10-21 14:47:00
16311,United Kingdom,2011-10-21 13:13:00
16312,United Kingdom,2010-10-03 14:15:00
16314,United Kingdom,2010-09-07 09:31:00
16316,United Kingdom,2010-08-03 14:38:00
16317,United Kingdom,2010-05-04 10:17:00
16320,Unspecified,2010-07-13 09:35:00
16321,Australia,2011-01-20 12:11:00
16322,United Kingdom,2011-11-03 14:33:00
16324,United Kingdom,2011-08-03 12:58:00
16325,United Kingdom,2010-04-15 16:34:00
16326,United Kingdom,2010-01-28 13:23:00
16327,United Kingdom,2010-02-15 12:10:00
16329,United Kingdom,2010-03-04 15:07:00
16330,United Kingdom,2010-09-27 12:31:00
16331,United Kingdom,2010-03-17 10:34:00
16332,United Kingdom,2010-04-29 13:41:00
16333,United Kingdom,2011-02-14 11:22:00
16335,United Kingdom,2010-02-21 11:29:00
16336,United Kingdom,2010-03-18 08:05:00
16337,United Kingdom,2011-11-03 10:03:00
16340,United Kingdom,2010-06-06 13:26:00
16341,United Kingdom,2010-09-22 14:01:00
16344,United Kingdom,2010-02-09 12:16:00
16346,United Kingdom,2010-11-19 15:55:00
16347,United Kingdom,2010-04-01 11:48:00
16348,United Kingdom,2011-06-01 17:42:00
16350,United Kingdom,2010-10-07 16:33:00
16351,United Kingdom,2009-12-17 18:35:00
16352,United Kingdom,2011-11-02 08:44:00
16353,United Kingdom,2009-12-15 16:27:00
16356,United Kingdom,2011-04-26 12:12:00
16357,United Kingdom,2011-11-06 16:04:00
16358,United Kingdom,2010-11-10 11:36:00
16359,United Kingdom,2010-02-16 10:39:00
16360,United Kingdom,2011-09-12 13:50:00
16361,United Kingdom,2011-11-15 12:25:00
16362,United Kingdom,2010-09-28 09:24:00
16364,United Kingdom,2011-11-28 11:27:00
16365,United Kingdom,2010-08-20 14:53:00
16366,United Kingdom,2009-12-16 10:39:00
16367,United Kingdom,2010-12-12 12:01:00
16369,United Kingdom,2010-04-07 16:52:00
16370,United Kingdom,2011-09-18 15:55:00
16372,United Kingdom,2010-10-26 12:54:00
16374,United Kingdom,2011-03-22 13:46:00
16375,United Kingdom,2010-08-26 14:25:00
16376,United Kingdom,2011-12-01 11:38:00
16378,United Kingdom,2011-02-02 12:42:00
16379,United Kingdom,2011-09-22 09:33:00
16381,United Kingdom,2010-11-09 09:56:00
16382,United Kingdom,2010-06-07 12:42:00
16384,United Kingdom,2010-04-28 14:01:00
16385,United Kingdom,2010-11-15 13:27:00
16389,United Kingdom,2011-09-22 15:54:00
16390,United Kingdom,2010-01-29 15:25:00
16392,United Kingdom,2010-05-27 11:17:00
16393,United Kingdom,2010-02-19 12:50:00
16394,United Kingdom,2011-06-21 13:22:00
16395,United Kingdom,2009-12-06 12:26:00
16397,United Kingdom,2010-03-21 15:36:00
16400,United Kingdom,2010-03-08 14:04:00
16401,United Kingdom,2010-06-16 14:11:00
16402,United Kingdom,2011-03-20 12:25:00
16407,United Kingdom,2010-10-03 14:07:00
16409,United Kingdom,2010-07-02 14:15:00
16411,United Kingdom,2010-11-21 13:13:00
16412,United Kingdom,2010-11-11 11:52:00
16413,United Kingdom,2010-11-29 12:49:00
16414,United Kingdom,2010-04-25 11:24:00
16415,United Kingdom,2010-02-01 12:30:00
16416,United Kingdom,2010-10-14 13:12:00
16419,United Kingdom,2010-02-09 13:26:00
16422,United Kingdom,2010-01-24 11:58:00
16424,United Kingdom,2011-06-01 13:40:00
16425,United Kingdom,2011-02-10 14:30:00
16426,United Kingdom,2011-09-08 12:04:00
16427,United Kingdom,2011-03-21 17:10:00
16428,United Kingdom,2010-07-30 12:10:00
16430,United Kingdom,2010-06-03 14:24:00
16431,United Kingdom,2011-02-15 14:08:00
16432,United Kingdom,2011-10-06 13:59:00
16434,United Kingdom,2010-01-17 14:51:00
16435,United Kingdom,2010-07-15 12:00:00
16437,United Kingdom,2010-10-06 12:34:00
16438,United Kingdom,2011-09-18 13:31:00
16440,United Kingdom,2011-05-09 12:25:00
16441,United Kingdom,2011-10-03 17:48:00
16442,United Kingdom,2009-12-13 11:05:00
16443,United Kingdom,2010-07-07 11:57:00
16444,United Kingdom,2010-03-24 14:06:00
16445,United Kingdom,2010-10-24 12:39:00
16447,United Kingdom,2010-02-17 14:09:00
16449,United Kingdom,2011-05-26 10:25:00
16450,United Kingdom,2010-02-21 15:46:00
16453,United Kingdom,2010-06-09 13:15:00
16455,United Kingdom,2010-03-30 10:31:00
16456,United Kingdom,2010-03-29 11:16:00
16458,United Kingdom,2010-06-22 11:59:00
16459,United Kingdom,2009-12-10 12:42:00
16460,United Kingdom,2011-09-19 10:15:00
16461,United Kingdom,2010-04-28 11:54:00
16462,United Kingdom,2011-06-07 11:07:00
16466,United Kingdom,2010-03-07 14:31:00
16467,United Kingdom,2009-12-02 11:59:00
16469,United Kingdom,2011-09-13 15:57:00
16470,United Kingdom,2009-12-11 12:21:00
16471,United Kingdom,2010-05-20 11:41:00
16473,United Kingdom,2010-11-30 16:29:00
16474,United Kingdom,2011-07-17 14:51:00
16475,United Kingdom,2011-06-30 15:35:00
16477,United Kingdom,2010-12-03 12:48:00
16478,United Kingdom,2011-10-05 12:02:00
16479,United Kingdom,2011-11-29 13:40:00
16480,United Kingdom,2011-09-25 11:40:00
16483,United Kingdom,2011-05-31 13:08:00
16485,United Kingdom,2010-02-21 12:31:00
16488,United Kingdom,2011-08-17 09:05:00
16489,United Kingdom,2010-09-29 15:02:00
16491,United Kingdom,2010-10-22 15:42:00
16492,United Kingdom,2010-06-17 08:20:00
16494,United Kingdom,2011-02-16 12:49:00
16495,United Kingdom,2011-03-08 16:38:00
16496,United Kingdom,2010-10-04 12:34:00
16497,United Kingdom,2009-12-03 14:11:00
16498,United Kingdom,2011-06-30 19:52:00
16499,United Kingdom,2010-06-28 16:07:00
16500,United Kingdom,2010-06-14 14:54:00
16501,United Kingdom,2010-11-21 14:10:00
16503,United Kingdom,2011-01-13 12:32:00
16509,United Kingdom,2011-02-16 09:25:00
16510,United Kingdom,2010-01-17 12:30:00
16511,United Kingdom,2010-11-07 15:30:00
16513,United Kingdom,2011-12-01 12:55:00
16515,United Kingdom,2010-11-04 12:34:00
16519,United Kingdom,2010-08-11 14:34:00
16520,United Kingdom,2010-03-02 16:50:00
16521,United Kingdom,2010-10-20 12:53:00
16523,United Kingdom,2010-03-02 15:37:00
16524,United Kingdom,2010-01-17 13:16:00
16525,United Kingdom,2009-12-07 12:41:00
16529,United Kingdom,2011-06-02 17:23:00
16531,United Kingdom,2010-10-26 13:10:00
16532,United Kingdom,2010-03-29 10:26:00
16533,United Kingdom,2011-10-02 15:07:00
16535,United Kingdom,2010-01-28 15:26:00
16538,United Kingdom,2010-06-16 16:59:00
16539,United Kingdom,2010-07-08 11:44:00
16541,United Kingdom,2009-12-04 13:22:00
16542,United Kingdom,2011-10-17 10:47:00
16543,United Kingdom,2010-04-27 11:38:00
16546,United Kingdom,2010-12-02 12:07:00
16549,United Kingdom,2010-04-18 15:48:00
16550,United Kingdom,2009-12-15 12:08:00
16551,United Kingdom,2010-02-08 15:48:00
16553,United Kingdom,2010-02-23 15:47:00
16554,United Kingdom,2010-03-25 11:23:00
16555,United Kingdom,2010-07-22 13:43:00
16556,United Kingdom,2009-12-07 10:51:00
16558,United Kingdom,2010-04-25 15:09:00
16559,United Kingdom,2010-11-07 13:52:00
16562,United Kingdom,2010-08-20 11:45:00
16565,United Kingdom,2010-06-02 12:47:00
16566,United Kingdom,2011-02-20 10:29:00
16568,United Kingdom,2010-03-08 14:51:00
16569,United Kingdom,2010-02-04 16:40:00
16570,United Kingdom,2010-10-01 14:31:00
16571,United Kingdom,2010-10-04 12:06:00
16572,United Kingdom,2011-03-09 12:04:00
16577,United Kingdom,2010-02-11 09:45:00
16579,United Kingdom,2010-10-10 11:58:00
16581,United Kingdom,2011-06-10 10:05:00
16583,United Kingdom,2010-12-01 12:03:00
16584,United Kingdom,2010-07-28 10:45:00
16585,United Kingdom,2010-01-13 13:31:00
16586,United Kingdom,2011-04-05 09:32:00
16588,United Kingdom,2010-07-22 17:30:00
16589,United Kingdom,2011-08-25 10:00:00
16592,United Kingdom,2010-01-24 13:51:00
16593,United Kingdom,2009-12-05 10:44:00
16596,United Kingdom,2009-12-10 13:09:00
16598,United Kingdom,2011-02-27 11:42:00
16600,United Kingdom,2009-12-18 12:59:00
16601,United Kingdom,2010-03-26 13:39:00
16602,United Kingdom,2010-11-16 09:13:00
16603,United Kingdom,2011-09-09 13:02:00
16606,United Kingdom,2010-10-31 13:57:00
16607,United Kingdom,2010-04-29 14:01:00
16609,United Kingdom,2011-04-01 10:11:00
16610,United Kingdom,2011-05-04 13:13:00
16611,United Kingdom,2010-03-10 16:07:00
16612,United Kingdom,2009-12-03 15:54:00
16614,United Kingdom,2010-05-10 15:18:00
16616,United Kingdom,2011-11-24 16:31:00
16617,United Kingdom,2011-04-18 10:35:00
16618,United Kingdom,2011-01-21 11:55:00
16621,United Kingdom,2011-03-07 11:32:00
16623,United Kingdom,2010-04-26 14:04:00
16624,United Kingdom,2011-05-26 14:20:00
16625,United Kingdom,2010-09-13 14:26:00
16626,United Kingdom,2011-08-04 13:10:00
16628,United Kingdom,2010-03-08 12:24:00
16629,United Kingdom,2011-09-27 10:34:00
16631,United Kingdom,2010-04-15 08:35:00
16632,United Kingdom,2010-05-07 16:46:00
16633,United Kingdom,2011-09-22 15:39:00
16634,United Kingdom,2010-03-29 12:32:00
16635,United Kingdom,2010-10-29 09:41:00
16637,United Kingdom,2011-04-28 10:20:00
16638,United Kingdom,2010-08-18 13:33:00
16639,United Kingdom,2010-10-26 18:23:00
16641,United Kingdom,2010-01-07 12:22:00
16643,United Kingdom,2010-10-13 09:47:00
16644,United Kingdom,2011-05-11 12:53:00
16645,United Kingdom,2009-12-04 09:49:00
16647,United Kingdom,2011-05-19 09:31:00
16650,United Kingdom,2010-07-12 11:00:00
16652,United Kingdom,2010-08-26 09:23:00
16653,United Kingdom,2011-09-29 13:38:00
16654,United Kingdom,2010-04-06 13:29:00
16655,United Kingdom,2010-05-09 16:10:00
16656,United Kingdom,2010-02-07 14:39:00
16657,United Kingdom,2011-11-16 12:18:00
16658,United Kingdom,2010-03-30 16:24:00
16660,United Kingdom,2010-10-13 11:38:00
16661,United Kingdom,2010-05-10 14:02:00
16662,United Kingdom,2010-11-10 16:56:00
16663,United Kingdom,2009-12-10 13:12:00
16666,United Kingdom,2010-03-28 15:13:00
16667,United Kingdom,2011-10-02 15:26:00
16668,United Kingdom,2010-07-05 14:39:00
16669,United Kingdom,2011-09-22 14:13:00
16670,United Kingdom,2010-11-11 17:07:00
16671,United Kingdom,2011-06-28 11:20:00
16672,United Kingdom,2011-04-20 14:06:00
16673,United Kingdom,2010-01-29 14:22:00
16674,United Kingdom,2011-10-16 11:31:00
16675,United Kingdom,2010-08-18 13:11:00
16676,United Kingdom,2010-11-02 19:19:00
16678,United Kingdom,2011-03-02 09:24:00
16680,United Kingdom,2010-06-23 09:30:00
16684,United Kingdom,2009-12-07 12:58:00
16685,United Kingdom,2011-10-09 13:58:00
16686,United Kingdom,2010-11-15 14:41:00
16687,United Kingdom,2010-11-14 11:46:00
16688,United Kingdom,2011-10-10 12:23:00
16690,United Kingdom,2011-09-28 15:02:00
16693,United Kingdom,2010-10-24 11:35:00
16697,United Kingdom,2011-04-12 17:12:00
16698,United Kingdom,2011-03-31 13:33:00
16699,United Kingdom,2010-05-18 14:31:00
16700,United Kingdom,2010-01-25 14:25:00
16701,United Kingdom,2009-12-17 13:14:00
16702,United Kingdom,2009-12-07 16:40:00
16704,United Kingdom,2010-02-05 14:14:00
16705,United Kingdom,2010-01-31 10:39:00
16706,United Kingdom,2011-08-17 15:53:00
16707,United Kingdom,2010-03-09 15:16:00
16709,United Kingdom,2010-10-22 11:43:00
16710,United Kingdom,2009-12-06 13:49:00
16711,United Kingdom,2009-12-02 13:22:00
16712,United Kingdom,2010-11-03 15:54:00
16713,United Kingdom,2009-12-15 12:57:00
16714,United Kingdom,2011-01-26 13:40:00
16715,United Kingdom,2011-09-22 18:15:00
16717,United Kingdom,2010-11-24 10:50:00
16718,United Kingdom,2009-12-06 13:07:00
16719,United Kingdom,2009-12-13 10:59:00
16720,United Kingdom,2009-12-17 17:54:00
16722,United Kingdom,2010-03-18 15:53:00
16723,United Kingdom,2010-09-22 11:05:00
16725,United Kingdom,2010-11-15 15:11:00
16726,United Kingdom,2011-02-18 13:26:00
16727,United Kingdom,2010-03-28 12:18:00
16729,United Kingdom,2011-04-12 14:22:00
16731,United Kingdom,2010-03-01 15:05:00
16732,United Kingdom,2009-12-08 13:04:00
16733,United Kingdom,2010-06-28 10:12:00
16735,United Kingdom,2011-09-02 10:20:00
16736,United Kingdom,2010-07-22 10:09:00
16740,United Kingdom,2010-11-09 13:34:00
16741,United Kingdom,2010-03-24 15:15:00
16742,United Kingdom,2010-01-26 11:45:00
16743,United Kingdom,2010-04-22 13:21:00
16744,United Kingdom,2011-06-19 15:13:00
16745,United Kingdom,2011-02-01 11:31:00
16746,United Kingdom,2009-12-04 13:00:00
16747,United Kingdom,2011-10-03 10:18:00
16748,United Kingdom,2010-04-30 10:26:00
16749,United Kingdom,2010-04-27 13:06:00
16750,United Kingdom,2011-08-10 14:49:00
16754,United Kingdom,2010-03-08 11:32:00
16755,United Kingdom,2010-02-03 10:22:00
16756,United Kingdom,2010-08-15 13:03:00
16758,United Kingdom,2011-10-05 14:47:00
16759,United Kingdom,2011-11-09 09:07:00
16760,United Kingdom,2010-10-05 15:55:00
16761,United Kingdom,2011-09-04 11:15:00
16762,United Kingdom,2011-10-25 10:17:00
16763,United Kingdom,2011-05-25 11:52:00
16764,United Kingdom,2011-07-19 17:17:00
16765,United Kingdom,2010-11-22 13:42:00
16767,United Kingdom,2010-10-17 10:46:00
16768,United Kingdom,2009-12-07 11:47:00
16769,United Kingdom,2011-03-24 13:41:00
16770,United Kingdom,2010-08-22 16:08:00
16771,United Kingdom,2010-02-04 12:08:00
16773,United Kingdom,2009-12-06 15:01:00
16774,United Kingdom,2010-02-16 16:53:00
16775,United Kingdom,2010-11-03 16:05:00
16777,United Kingdom,2010-06-27 11:20:00
16779,United Kingdom,2009-12-06 12:42:00
16780,United Kingdom,2010-10-28 19:41:00
16781,United Kingdom,2010-02-08 13:56:00
16782,United Kingdom,2010-06-06 12:07:00
16783,United Kingdom,2010-09-29 11:53:00
16784,United Kingdom,2010-10-31 12:34:00
16786,United Kingdom,2010-11-11 08:25:00
16787,United Kingdom,2010-09-12 10:49:00
16788,United Kingdom,2010-06-07 15:31:00
16790,United Kingdom,2011-11-06 14:06:00
16791,United Kingdom,2010-03-09 13:26:00
16792,United Kingdom,2011-03-02 14:39:00
16794,United Kingdom,2010-05-23 15:52:00
16796,United Kingdom,2011-09-11 14:01:00
16797,United Kingdom,2009-12-02 13:33:00
16798,United Kingdom,2010-03-07 12:06:00
16799,United Kingdom,2010-09-12 12:46:00
16800,United Kingdom,2011-11-28 14:06:00
16801,United Kingdom,2011-03-11 13:56:00
16802,United Kingdom,2009-12-09 13:00:00
16803,United Kingdom,2011-10-05 14:28:00
16804,United Kingdom,2011-03-14 15:48:00
16805,United Kingdom,2009-12-14 15:17:00
16806,United Kingdom,2011-08-28 15:27:00
16807,United Kingdom,2011-07-20 12:00:00
16808,United Kingdom,2011-03-10 19:05:00
16809,United Kingdom,2011-05-15 12:53:00
16811,United Kingdom,2011-12-05 11:39:00
16812,United Kingdom,2010-11-26 10:24:00
16813,United Kingdom,2011-08-18 13:44:00
16814,United Kingdom,2010-04-11 12:45:00
16816,United Kingdom,2010-12-16 17:01:00
16817,United Kingdom,2010-10-20 12:31:00
16818,United Kingdom,2011-05-18 11:42:00
16819,United Kingdom,2010-08-31 17:31:00
16823,United Kingdom,2010-03-22 17:32:00
16825,United Kingdom,2011-11-01 11:51:00
16827,United Kingdom,2010-04-29 19:07:00
16832,United Kingdom,2010-10-07 08:35:00
16834,United Kingdom,2011-04-26 09:37:00
16835,United Kingdom,2010-06-29 10:06:00
16836,United Kingdom,2011-08-15 12:38:00
16837,United Kingdom,2011-04-08 08:48:00
16838,United Kingdom,2010-02-14 15:27:00
16839,United Kingdom,2010-02-11 15:02:00
16841,United Kingdom,2010-04-28 10:58:00
16843,United Kingdom,2010-02-28 13:07:00
16844,United Kingdom,2010-05-06 09:16:00
16846,United Kingdom,2011-10-20 13:55:00
16848,United Kingdom,2010-11-28 12:37:00
16849,United Kingdom,2011-06-06 09:16:00
16850,United Kingdom,2011-01-10 11:09:00
16852,United Kingdom,2011-06-16 15:49:00
16857,United Kingdom,2010-09-23 10:49:00
16858,United Kingdom,2009-12-15 11:09:00
16859,United Kingdom,2010-03-04 12:37:00
16860,United Kingdom,2010-02-15 13:46:00
16861,United Kingdom,2010-07-19 11:44:00
16862,United Kingdom,2010-01-07 12:57:00
16864,United Kingdom,2010-04-20 11:56:00
16868,United Kingdom,2010-04-25 11:31:00
16869,United Kingdom,2011-10-19 12:34:00
16871,United Kingdom,2011-03-29 11:39:00
16872,United Kingdom,2010-09-02 17:36:00
16873,United Kingdom,2010-05-10 14:34:00
16875,United Kingdom,2010-09-28 17:11:00
16877,United Kingdom,2011-07-10 16:18:00
16880,United Kingdom,2010-08-03 13:54:00
16881,United Kingdom,2011-10-04 10:33:00
16882,United Kingdom,2011-04-14 14:36:00
16883,United Kingdom,2010-04-18 11:20:00
16884,United Kingdom,2010-06-01 12:45:00
16885,United Kingdom,2011-10-19 14:22:00
16887,United Kingdom,2009-12-01 13:41:00
16888,United Kingdom,2010-02-01 17:21:00
16889,United Kingdom,2010-05-23 10:46:00
16890,United Kingdom,2010-05-24 12:03:00
16891,United Kingdom,2009-12-04 12:37:00
16892,United Kingdom,2010-06-03 15:17:00
16893,United Kingdom,2010-11-28 15:14:00
16894,United Kingdom,2010-06-22 14:26:00
16895,United Kingdom,2010-09-27 11:13:00
16899,United Kingdom,2011-05-16 15:53:00
16900,United Kingdom,2011-10-07 13:17:00
16901,United Kingdom,2009-12-10 16:30:00
16902,United Kingdom,2011-08-15 14:17:00
16903,United Kingdom,2010-10-20 14:42:00
16904,United Kingdom,2010-11-16 17:03:00
16905,United Kingdom,2010-01-28 12:20:00
16906,United Kingdom,2010-05-13 13:23:00
16907,United Kingdom,2010-07-01 17:30:00
16908,United Kingdom,2009-12-17 13:35:00
16910,United Kingdom,2011-09-09 14:14:00
16911,United Kingdom,2010-03-14 12:18:00
16912,United Kingdom,2009-12-09 12:32:00
16913,United Kingdom,2010-02-26 12:06:00
16914,United Kingdom,2011-11-03 15:27:00
16915,United Kingdom,2010-09-02 12:26:00
16916,United Kingdom,2010-10-20 12:56:00
16917,United Kingdom,2010-03-17 15:24:00
16918,United Kingdom,2009-12-03 12:27:00
16919,United Kingdom,2010-09-20 12:05:00
16921,United Kingdom,2010-09-23 14:08:00
16923,United Kingdom,2010-03-07 11:27:00
16924,United Kingdom,2011-11-18 12:53:00
16926,United Kingdom,2010-12-03 13:42:00
16927,United Kingdom,2010-12-13 11:57:00
16928,United Kingdom,2010-09-29 13:57:00
16929,United Kingdom,2011-07-07 12:39:00
16930,United Kingdom,2011-11-13 16:13:00
16931,United Kingdom,2010-11-07 13:24:00
16933,United Kingdom,2010-03-11 13:46:00
16934,United Kingdom,2010-05-30 12:44:00
16935,United Kingdom,2010-10-14 13:09:00
16938,United Kingdom,2010-05-04 14:07:00
16939,United Kingdom,2010-08-08 12:24:00
16940,United Kingdom,2009-12-08 13:08:00
16941,United Kingdom,2010-04-07 11:13:00
16942,United Kingdom,2011-04-26 11:59:00
16943,United Kingdom,2011-03-23 15:19:00
16945,United Kingdom,2010-05-11 10:50:00
16946,United Kingdom,2010-03-02 10:49:00
16947,United Kingdom,2010-05-27 13:25:00
16948,United Kingdom,2010-10-06 13:08:00
16949,United Kingdom,2011-01-27 12:11:00
16950,United Kingdom,2010-06-27 12:32:00
16952,United Kingdom,2011-08-22 12:58:00
16954,United Kingdom,2010-06-13 13:06:00
16955,United Kingdom,2010-01-31 11:38:00
16958,United Kingdom,2010-09-30 14:25:00
16959,United Kingdom,2011-09-13 15:03:00
16960,United Kingdom,2010-03-02 13:36:00
16961,United Kingdom,2010-11-16 16:37:00
16963,United Kingdom,2011-06-05 13:48:00
16964,United Kingdom,2009-12-06 12:53:00
16966,United Kingdom,2011-10-26 10:33:00
16967,United Kingdom,2011-06-03 14:24:00
16969,United Kingdom,2011-06-01 12:10:00
16971,United Kingdom,2011-11-01 15:06:00
16972,United Kingdom,2010-11-22 10:59:00
16975,United Kingdom,2010-07-22 11:38:00
16977,United Kingdom,2010-05-02 10:46:00
16979,United Kingdom,2011-07-15 08:59:00
16980,United Kingdom,2011-02-21 12:58:00
16983,United Kingdom,2010-11-28 12:54:00
16984,United Kingdom,2010-03-07 15:34:00
16985,United Kingdom,2009-12-10 13:34:00
16986,United Kingdom,2010-02-04 14:46:00
16987,United Kingdom,2011-10-16 16:09:00
16988,United Kingdom,2010-11-25 09:22:00
16989,United Kingdom,2011-09-02 13:55:00
16990,United Kingdom,2011-05-05 08:30:00
16992,United Kingdom,2010-06-25 10:10:00
16993,United Kingdom,2010-05-12 13:55:00
16996,United Kingdom,2010-10-18 12:24:00
16997,United Kingdom,2011-02-03 15:17:00
16998,United Kingdom,2010-09-21 14:39:00
16999,United Kingdom,2011-11-16 13:53:00
17001,United Kingdom,2010-07-16 09:51:00
17002,United Kingdom,2011-02-22 11:46:00
17003,United Kingdom,2010-05-10 11:20:00
17004,United Kingdom,2010-11-12 13:17:00
17006,United Kingdom,2010-11-12 13:43:00
17007,United Kingdom,2010-12-17 13:58:00
17008,United Kingdom,2010-10-06 15:19:00
17014,United Kingdom,2011-11-07 14:51:00
17015,United Kingdom,2011-11-11 10:45:00
17017,United Kingdom,2009-12-03 13:22:00
17018,United Kingdom,2009-12-05 10:27:00
17019,United Kingdom,2010-10-05 11:34:00
17020,United Kingdom,2010-06-15 13:06:00
17021,United Kingdom,2010-04-29 20:05:00
17022,United Kingdom,2011-11-08 17:09:00
17023,United Kingdom,2010-01-11 15:09:00
17024,United Kingdom,2011-09-01 15:21:00
17025,United Kingdom,2010-12-01 15:45:00
17026,United Kingdom,2010-12-05 12:47:00
17027,United Kingdom,2010-02-24 13:54:00
17029,United Kingdom,2010-07-01 08:39:00
17030,United Kingdom,2011-10-07 08:49:00
17031,United Kingdom,2010-06-07 15:39:00
17032,United Kingdom,2010-06-10 12:16:00
17033,United Kingdom,2010-11-07 12:55:00
17034,United Kingdom,2010-07-14 12:55:00
17035,United Kingdom,2011-04-08 11:23:00
17036,United Kingdom,2010-11-21 14:26:00
17040,United Kingdom,2010-06-07 15:08:00
17041,United Kingdom,2010-04-18 14:28:00
17042,United Kingdom,2011-05-27 10:15:00
17043,United Kingdom,2010-05-18 13:36:00
17044,United Kingdom,2010-10-20 15:21:00
17045,United Kingdom,2010-10-06 14:52:00
17046,United Kingdom,2010-08-12 12:39:00
17047,United Kingdom,2011-05-18 16:50:00
17048,United Kingdom,2010-08-27 11:50:00
17049,United Kingdom,2010-03-04 10:23:00
17050,United Kingdom,2010-01-26 14:54:00
17052,United Kingdom,2011-11-11 14:50:00
17054,United Kingdom,2011-05-16 12:57:00
17059,United Kingdom,2010-06-14 13:03:00
17061,United Kingdom,2011-04-26 13:12:00
17063,United Kingdom,2009-12-01 12:36:00
17064,United Kingdom,2011-06-10 10:26:00
17065,United Kingdom,2010-03-12 11:40:00
17067,United Kingdom,2009-12-08 12:04:00
17068,United Kingdom,2010-03-28 14:26:00
17069,United Kingdom,2010-05-06 15:05:00
17070,United Kingdom,2011-08-17 17:01:00
17071,United Kingdom,2011-04-14 12:35:00
17073,United Kingdom,2011-08-22 14:37:00
17075,United Kingdom,2009-12-14 11:24:00
17076,United Kingdom,2010-12-10 10:08:00
17079,United Kingdom,2011-09-22 15:34:00
17080,United Kingdom,2010-07-05 13:15:00
17081,United Kingdom,2010-05-23 12:56:00
17082,United Kingdom,2009-12-15 11:25:00
17083,United Kingdom,2010-03-31 15:42:00
17084,United Kingdom,2011-11-04 14:49:00
17085,United Kingdom,2009-12-06 12:16:00
17086,United Kingdom,2011-10-07 11:22:00
17088,United Kingdom,2011-06-10 09:23:00
17089,United Kingdom,2010-11-18 15:33:00
17090,United Kingdom,2010-07-19 16:02:00
17091,United Kingdom,2010-02-15 10:56:00
17092,United Kingdom,2010-02-02 16:42:00
17094,United Kingdom,2011-01-21 13:09:00
17095,United Kingdom,2010-10-05 09:45:00
17096,United Kingdom,2010-07-14 10:18:00
17097,Spain,2011-08-16 15:54:00
17098,United Kingdom,2010-11-23 12:13:00
17101,United Kingdom,2011-10-19 12:30:00
17103,United Kingdom,2009-12-17 14:08:00
17104,United Kingdom,2010-10-12 12:21:00
17106,United Kingdom,2010-11-15 14:11:00
17107,United Kingdom,2010-06-03 19:05:00
17108,United Kingdom,2010-02-14 12:22:00
17109,United Kingdom,2011-04-21 15:51:00
17110,United Kingdom,2011-06-27 12:58:00
17111,United Kingdom,2010-10-10 15:21:00
17113,United Kingdom,2010-05-14 13:59:00
17114,United Kingdom,2011-07-24 11:58:00
17115,United Kingdom,2009-12-05 12:13:00
17117,United Kingdom,2011-02-24 13:54:00
17119,United Kingdom,2011-10-11 11:03:00
17121,United Kingdom,2010-11-02 11:47:00
17122,United Kingdom,2010-07-28 09:34:00
17123,United Kingdom,2010-09-26 12:06:00
17125,United Kingdom,2011-10-20 14:41:00
17126,United Kingdom,2010-10-03 13:47:00
17127,United Kingdom,2009-12-04 15:18:00
17128,United Kingdom,2011-01-09 12:02:00
17131,United Kingdom,2011-10-23 15:07:00
17132,United Kingdom,2010-09-13 16:31:00
17133,United Kingdom,2010-04-11 11:22:00
17134,United Kingdom,2010-09-23 18:32:00
17135,United Kingdom,2010-10-26 13:51:00
17136,United Kingdom,2010-02-15 13:13:00
17137,United Kingdom,2010-01-31 12:27:00
17138,United Kingdom,2010-03-09 10:18:00
17139,United Kingdom,2010-02-11 08:51:00
17142,United Kingdom,2010-06-24 13:01:00
17143,United Kingdom,2010-07-12 13:26:00
17145,United Kingdom,2010-07-06 16:14:00
17146,United Kingdom,2010-02-02 09:39:00
17147,United Kingdom,2010-03-23 13:52:00
17150,United Kingdom,2010-11-28 11:27:00
17151,United Kingdom,2009-12-04 14:56:00
17152,United Kingdom,2010-10-10 12:40:00
17153,United Kingdom,2011-11-15 13:42:00
17155,United Kingdom,2010-05-24 14:28:00
17157,United Kingdom,2009-12-08 19:00:00
17158,United Kingdom,2010-03-07 15:50:00
17159,United Kingdom,2011-06-21 09:49:00
17160,United Kingdom,2010-01-22 09:44:00
17162,United Kingdom,2011-06-02 09:02:00
17165,United Kingdom,2009-12-11 09:18:00
17168,United Kingdom,2010-07-29 12:33:00
17169,United Kingdom,2011-06-09 13:16:00
17170,United Kingdom,2010-11-15 16:23:00
17171,United Kingdom,2010-02-16 12:02:00
17172,United Kingdom,2011-09-22 09:36:00
17173,United Kingdom,2011-08-15 10:28:00
17175,United Kingdom,2011-07-21 18:08:00
17176,United Kingdom,2010-01-31 15:49:00
17178,United Kingdom,2009-12-08 16:20:00
17179,United Kingdom,2010-05-26 11:22:00
17180,United Kingdom,2010-09-09 17:46:00
17181,United Kingdom,2011-10-13 14:48:00
17182,United Kingdom,2010-10-13 10:09:00
17183,United Kingdom,2011-10-16 15:32:00
17185,United Kingdom,2010-04-20 13:49:00
17188,United Kingdom,2009-12-08 19:16:00
17189,United Kingdom,2009-12-02 11:45:00
17190,United Kingdom,2010-03-05 13:21:00
17191,United Kingdom,2010-12-06 14:43:00
17193,United Kingdom,2010-11-18 16:57:00
17194,United Kingdom,2011-03-11 12:05:00
17201,United Kingdom,2010-02-10 12:26:00
17203,United Kingdom,2010-11-16 13:03:00
17204,United Kingdom,2010-09-27 12:21:00
17206,United Kingdom,2011-10-17 13:25:00
17207,United Kingdom,2010-02-25 19:08:00
17208,United Kingdom,2010-11-09 12:50:00
17209,United Kingdom,2009-12-03 11:10:00
17211,United Kingdom,2010-10-17 13:10:00
17212,United Kingdom,2010-08-10 09:22:00
17213,United Kingdom,2009-12-21 12:38:00
17214,United Kingdom,2010-12-15 15:14:00
17217,United Kingdom,2010-03-30 13:35:00
17218,United Kingdom,2010-01-25 16:12:00
17219,United Kingdom,2010-10-19 11:29:00
17220,United Kingdom,2010-01-20 11:57:00
17221,United Kingdom,2010-04-11 15:34:00
17222,United Kingdom,2010-03-08 17:27:00
17223,United Kingdom,2010-11-29 17:19:00
17224,United Kingdom,2010-07-26 13:30:00
17226,United Kingdom,2010-02-12 14:31:00
17227,United Kingdom,2010-01-15 15:05:00
17228,United Kingdom,2010-12-02 16:00:00
17229,United Kingdom,2011-07-20 12:38:00
17230,United Kingdom,2009-12-08 13:41:00
17231,United Kingdom,2009-12-07 16:38:00
17232,United Kingdom,2011-11-25 12:24:00
17233,United Kingdom,2010-09-17 13:20:00
17235,United Kingdom,2010-06-04 17:01:00
17236,United Kingdom,2010-03-07 13:00:00
17237,United Kingdom,2010-11-23 11:45:00
17238,United Kingdom,2009-12-11 11:10:00
17239,United Kingdom,2011-01-31 09:41:00
17241,United Kingdom,2010-07-09 11:52:00
17242,United Kingdom,2010-01-24 10:27:00
17243,United Kingdom,2009-12-01 15:36:00
17244,United Kingdom,2010-11-21 13:53:00
17245,United Kingdom,2010-01-19 15:39:00
17250,United Kingdom,2011-03-23 16:45:00
17251,United Kingdom,2009-12-15 10:36:00
17254,United Kingdom,2011-11-24 14:09:00
17255,United Kingdom,2010-09-19 15:53:00
17256,United Kingdom,2011-01-31 14:53:00
17258,United Kingdom,2010-02-12 15:51:00
17259,United Kingdom,2010-06-28 13:52:00
17262,United Kingdom,2010-04-28 15:09:00
17266,United Kingdom,2010-03-09 10:42:00
17267,United Kingdom,2011-08-04 17:19:00
17268,United Kingdom,2010-04-12 16:01:00
17271,United Kingdom,2009-12-03 13:49:00
17272,United Kingdom,2011-03-22 12:05:00
17275,United Kingdom,2010-11-21 13:26:00
17277,United Kingdom,2011-01-21 12:37:00
17278,United Kingdom,2011-04-12 13:10:00
17279,United Kingdom,2011-10-13 11:58:00
17280,United Kingdom,2010-09-27 16:46:00
17281,United Kingdom,2010-07-27 15:02:00
17282,United Kingdom,2010-09-09 19:23:00
17284,United Kingdom,2011-01-07 14:31:00
17285,United Kingdom,2010-03-21 13:38:00
17287,United Kingdom,2009-12-03 12:50:00
17288,United Kingdom,2010-11-14 13:33:00
17289,United Kingdom,2010-03-12 11:48:00
17290,United Kingdom,2009-12-13 13:28:00
17293,United Kingdom,2009-12-11 13:36:00
17294,United Kingdom,2010-02-08 14:21:00
17295,United Kingdom,2011-10-06 12:22:00
17298,United Kingdom,2010-11-30 17:55:00
17299,United Kingdom,2011-09-11 13:22:00
17300,United Kingdom,2010-11-14 10:56:00
17302,United Kingdom,2011-05-15 11:29:00
17304,United Kingdom,2010-06-23 16:23:00
17305,United Kingdom,2010-03-01 12:47:00
17306,United Kingdom,2010-11-01 11:38:00
17307,United Kingdom,2010-03-18 12:41:00
17308,United Kingdom,2010-09-13 09:35:00
17309,United Kingdom,2010-11-23 13:47:00
17310,United Kingdom,2010-11-17 16:00:00
17311,United Kingdom,2010-02-03 12:38:00
17314,United Kingdom,2010-04-09 10:24:00
17315,United Kingdom,2011-01-04 10:38:00
17317,United Kingdom,2011-09-11 12:45:00
17320,United Kingdom,2010-09-27 16:39:00
17321,United Kingdom,2010-05-11 12:10:00
17322,United Kingdom,2010-10-20 13:29:00
17323,United Kingdom,2010-01-10 11:58:00
17324,United Kingdom,2010-03-01 13:22:00
17327,United Kingdom,2010-10-26 09:54:00
17328,United Kingdom,2010-02-04 17:11:00
17329,United Kingdom,2009-12-08 16:57:00
17332,United Kingdom,2010-02-21 14:41:00
17333,United Kingdom,2011-09-15 10:11:00
17334,United Kingdom,2011-02-04 09:03:00
17336,United Kingdom,2010-08-24 15:37:00
17337,United Kingdom,2011-04-03 15:07:00
17338,United Kingdom,2010-11-10 15:00:00
17340,United Kingdom,2010-11-04 18:53:00
17341,United Kingdom,2011-07-06 12:33:00
17342,United Kingdom,2010-02-16 16:50:00
17343,United Kingdom,2010-05-23 10:57:00
17344,United Kingdom,2009-12-11 12:31:00
17345,United Kingdom,2009-12-01 16:17:00
17346,United Kingdom,2010-04-28 13:53:00
17347,United Kingdom,2011-09-14 13:12:00
17348,United Kingdom,2010-09-28 10:49:00
17349,United Kingdom,2010-06-18 14:08:00
17350,United Kingdom,2010-06-10 10:23:00
17351,United Kingdom,2009-12-10 18:43:00
17354,United Kingdom,2010-10-07 13:22:00
17355,United Kingdom,2010-11-18 13:18:00
17356,United Kingdom,2010-01-20 12:14:00
17357,United Kingdom,2011-11-15 16:30:00
17358,United Kingdom,2010-02-24 16:42:00
17362,United Kingdom,2010-04-08 15:40:00
17364,United Kingdom,2010-07-23 13:32:00
17365,United Kingdom,2010-05-10 11:55:00
17366,United Kingdom,2010-09-09 19:46:00
17368,United Kingdom,2010-11-28 15:12:00
17370,United Kingdom,2011-06-23 11:50:00
17371,United Kingdom,2011-11-22 13:25:00
17372,United Kingdom,2009-12-18 13:03:00
17373,United Kingdom,2010-10-17 13:35:00
17374,United Kingdom,2010-11-09 17:14:00
17375,United Kingdom,2011-01-31 16:02:00
17377,United Kingdom,2009-12-02 12:39:00
17378,United Kingdom,2010-11-30 18:46:00
17379,United Kingdom,2011-11-28 13:56:00
17380,United Kingdom,2010-06-23 11:24:00
17381,United Kingdom,2010-06-09 12:55:00
17382,United Kingdom,2011-10-05 13:05:00
17386,United Kingdom,2010-11-19 13:40:00
17388,United Kingdom,2010-05-11 10:56:00
17389,United Kingdom,2009-12-04 12:06:00
17390,United Kingdom,2010-10-15 11:29:00
17392,United Kingdom,2010-09-15 16:17:00
17395,United Kingdom,2010-07-19 15:34:00
17396,United Kingdom,2010-09-24 13:04:00
17397,United Kingdom,2011-11-17 13:58:00
17398,United Kingdom,2011-03-29 13:04:00
17400,United Kingdom,2009-12-17 15:41:00
17402,United Kingdom,2010-09-27 15:18:00
17403,United Kingdom,2010-09-15 12:29:00
17404,Sweden,2010-01-07 11:31:00
17405,United Kingdom,2011-12-08 17:12:00
17406,United Kingdom,2010-04-26 10:48:00
17408,United Kingdom,2010-07-27 13:17:00
17409,United Kingdom,2010-10-13 16:09:00
17410,United Kingdom,2011-11-02 12:23:00
17411,United Kingdom,2009-12-03 12:02:00
17412,United Kingdom,2009-12-02 13:51:00
17414,United Kingdom,2010-06-23 13:36:00
17416,United Kingdom,2009-12-14 16:29:00
17417,United Kingdom,2010-06-09 10:00:00
17419,United Kingdom,2010-03-29 11:42:00
17420,United Kingdom,2010-11-03 13:09:00
17422,United Kingdom,2011-05-03 10:49:00
17425,United Kingdom,2011-11-20 15:30:00
17426,United Kingdom,2010-09-13 12:23:00
17428,United Kingdom,2009-12-09 11:01:00
17429,United Kingdom,2010-11-08 13:28:00
17430,United Kingdom,2010-12-09 13:05:00
17431,United Kingdom,2011-01-30 14:36:00
17433,United Kingdom,2011-09-12 14:24:00
17434,United Kingdom,2011-11-16 15:08:00
17436,United Kingdom,2010-04-25 11:53:00
17437,United Kingdom,2010-06-28 11:11:00
17438,United Kingdom,2010-06-16 10:37:00
17440,United Kingdom,2011-07-06 11:54:00
17441,United Kingdom,2009-12-07 13:32:00
17442,United Kingdom,2010-05-17 13:45:00
17443,Canada,2011-05-04 10:47:00
17444,Canada,2011-07-15 12:05:00
17448,United Kingdom,2010-03-07 14:39:00
17449,United Kingdom,2011-03-01 17:32:00
17450,United Kingdom,2010-12-07 09:23:00
17451,United Kingdom,2011-08-26 11:54:00
17454,United Kingdom,2010-05-11 12:06:00
17455,United Kingdom,2011-05-20 12:31:00
17457,United Kingdom,2010-01-08 10:34:00
17458,United Kingdom,2010-11-23 11:43:00
17459,United Kingdom,2011-10-10 17:00:00
17460,United Kingdom,2010-01-22 13:25:00
17461,United Kingdom,2011-11-10 12:01:00
17462,United Kingdom,2011-10-10 13:56:00
17463,United Kingdom,2010-04-29 17:57:00
17465,United Kingdom,2009-12-03 13:26:00
17468,United Kingdom,2010-11-29 17:25:00
17469,United Kingdom,2010-01-14 10:56:00
17470,United Kingdom,2010-08-25 14:58:00
17471,United Kingdom,2010-08-22 11:53:00
17472,United Kingdom,2010-03-21 13:27:00
17473,United Kingdom,2010-10-27 11:45:00
17474,United Kingdom,2010-04-19 10:43:00
17476,United Kingdom,2009-12-02 12:09:00
17478,United Kingdom,2010-10-27 15:01:00
17480,United Kingdom,2011-09-23 11:39:00
17481,United Kingdom,2011-11-03 16:37:00
17482,United Kingdom,2010-05-10 14:10:00
17484,United Kingdom,2010-03-25 16:17:00
17490,United Kingdom,2010-11-16 18:47:00
17491,United Kingdom,2010-04-28 11:57:00
17495,United Kingdom,2011-11-01 12:06:00
17496,United Kingdom,2010-01-14 13:36:00
17497,United Kingdom,2010-11-14 14:17:00
17502,United Kingdom,2011-11-10 16:39:00
17503,United Kingdom,2011-11-01 11:12:00
17504,United Kingdom,2010-03-28 15:33:00
17505,United Kingdom,2010-04-13 16:33:00
17507,United Kingdom,2011-03-23 11:48:00
17508,Greece,2009-12-07 11:46:00
17509,United Kingdom,2011-10-07 14:28:00
17510,United Kingdom,2010-10-15 10:20:00
17511,United Kingdom,2009-12-02 10:52:00
17512,United Kingdom,2010-06-07 15:51:00
17514,United Kingdom,2010-02-08 14:00:00
17515,United Kingdom,2011-01-25 14:33:00
17516,United Kingdom,2010-11-26 12:50:00
17517,United Kingdom,2011-02-04 11:48:00
17519,United Kingdom,2010-04-15 08:33:00
17521,United Kingdom,2010-10-01 11:49:00
17522,United Kingdom,2011-05-05 16:31:00
17523,United Kingdom,2011-11-20 13:40:00
17525,United Kingdom,2010-12-15 12:05:00
17526,United Kingdom,2010-01-21 09:40:00
17528,United Kingdom,2011-09-29 13:04:00
17529,United Kingdom,2010-01-11 12:29:00
17530,United Kingdom,2010-12-09 20:01:00
17531,United Kingdom,2010-03-31 12:57:00
17534,United Kingdom,2010-02-25 16:55:00
17535,United Kingdom,2011-03-04 15:20:00
17536,United Kingdom,2010-01-26 12:00:00
17537,United Kingdom,2011-02-09 13:37:00
17539,United Kingdom,2009-12-13 12:36:00
17540,United Kingdom,2010-04-19 09:47:00
17542,United Kingdom,2011-03-15 11:45:00
17543,United Kingdom,2010-06-08 12:41:00
17544,United Kingdom,2010-11-14 14:47:00
17545,United Kingdom,2010-11-14 15:23:00
17547,United Kingdom,2010-11-29 09:41:00
17548,United Kingdom,2010-11-08 16:19:00
17549,United Kingdom,2011-11-16 09:59:00
17550,United Kingdom,2010-04-25 13:28:00
17552,United Kingdom,2010-03-22 09:19:00
17553,United Kingdom,2010-04-08 09:44:00
17554,United Kingdom,2011-08-09 10:16:00
17555,United Kingdom,2011-11-20 12:22:00
17556,United Kingdom,2010-11-25 17:00:00
17560,United Kingdom,2010-05-19 09:49:00
17561,United Kingdom,2010-06-27 13:25:00
17562,United Kingdom,2011-06-19 13:06:00
17564,United Kingdom,2011-09-20 14:00:00
17565,United Kingdom,2010-05-02 11:54:00
17567,United Kingdom,2010-12-02 15:18:00
17568,United Kingdom,2010-03-16 16:45:00
17569,United Kingdom,2011-01-11 14:15:00
17571,United Kingdom,2010-06-15 12:50:00
17572,United Kingdom,2009-12-15 10:00:00
17573,United Kingdom,2011-09-07 10:36:00
17574,United Kingdom,2011-04-11 09:47:00
17576,United Kingdom,2009-12-03 16:54:00
17577,United Kingdom,2010-02-09 10:10:00
17578,United Kingdom,2010-06-30 11:49:00
17579,United Kingdom,2010-05-10 14:28:00
17580,United Kingdom,2010-11-28 11:08:00
17581,United Kingdom,2009-12-03 12:34:00
17582,United Kingdom,2010-03-26 12:23:00
17584,United Kingdom,2010-04-19 14:09:00
17585,United Kingdom,2010-09-20 14:49:00
17586,United Kingdom,2010-03-30 13:12:00
17587,United Kingdom,2010-03-21 14:16:00
17588,United Kingdom,2011-04-21 10:31:00
17589,United Kingdom,2010-03-28 14:47:00
17590,United Kingdom,2011-10-30 14:05:00
17591,United Kingdom,2010-01-17 16:09:00
17593,United Kingdom,2009-12-05 12:01:00
17596,United Kingdom,2010-06-23 10:43:00
17597,United Kingdom,2010-08-22 14:35:00
17599,United Kingdom,2010-08-19 12:50:00
17602,United Kingdom,2010-03-30 17:25:00
17603,United Kingdom,2010-04-01 11:51:00
17604,United Kingdom,2010-06-16 12:16:00
17605,United Kingdom,2010-04-28 14:45:00
17607,United Kingdom,2010-11-28 13:11:00
17608,United Kingdom,2011-11-06 13:00:00
17609,United Kingdom,2011-01-16 16:23:00
17610,United Kingdom,2009-12-06 16:07:00
17611,United Kingdom,2009-12-01 13:29:00
17612,United Kingdom,2010-06-18 10:18:00
17613,United Kingdom,2011-04-01 09:06:00
17616,United Kingdom,2010-12-07 10:04:00
17621,United Kingdom,2010-12-20 13:31:00
17622,United Kingdom,2010-04-20 13:38:00
17623,United Kingdom,2010-07-08 10:15:00
17624,United Kingdom,2009-12-20 12:35:00
17625,United Kingdom,2011-03-27 12:21:00
17627,United Kingdom,2010-08-18 11:27:00
17628,United Kingdom,2011-09-19 15:21:00
17629,United Kingdom,2011-04-03 11:36:00
17631,United Kingdom,2009-12-09 14:15:00
17633,United Kingdom,2011-08-11 15:43:00
17634,United Kingdom,2011-01-06 12:45:00
17635,United Kingdom,2010-10-11 15:12:00
17637,United Kingdom,2011-08-16 13:25:00
17638,United Kingdom,2010-03-02 14:32:00
17639,United Kingdom,2010-08-13 11:59:00
17640,United Kingdom,2010-06-27 13:43:00
17642,United Kingdom,2011-08-12 09:11:00
17643,United Kingdom,2010-07-22 13:07:00
17644,United Kingdom,2010-02-16 08:44:00
17646,United Kingdom,2010-01-28 14:29:00
17648,United Kingdom,2011-05-31 11:22:00
17649,United Kingdom,2010-08-27 10:23:00
17650,United Kingdom,2011-11-18 14:52:00
17651,United Kingdom,2011-06-15 15:57:00
17652,United Kingdom,2011-06-02 12:08:00
17653,United Kingdom,2011-11-03 12:46:00
17655,United Kingdom,2010-11-22 17:11:00
17656,United Kingdom,2011-08-03 10:45:00
17658,United Kingdom,2011-05-12 15:23:00
17659,United Kingdom,2010-11-18 14:20:00
17660,United Kingdom,2011-07-21 13:37:00
17662,United Kingdom,2009-12-17 09:54:00
17663,United Kingdom,2010-08-26 12:51:00
17664,United Kingdom,2010-03-29 17:17:00
17666,United Kingdom,2010-08-02 15:10:00
17667,United Kingdom,2010-07-28 13:00:00
17668,United Kingdom,2011-11-01 14:45:00
17669,United Kingdom,2010-09-03 13:13:00
17670,United Kingdom,2011-04-26 09:12:00
17671,United Kingdom,2011-07-05 12:03:00
17672,United Kingdom,2010-01-26 17:20:00
17673,United Kingdom,2010-06-07 10:59:00
17674,United Kingdom,2011-09-26 13:35:00
17675,United Kingdom,2009-12-21 10:22:00
17676,United Kingdom,2010-08-19 12:35:00
17677,United Kingdom,2009-12-16 11:24:00
17679,United Kingdom,2009-12-03 17:32:00
17681,United Kingdom,2010-03-21 11:47:00
17682,United Kingdom,2010-03-08 09:49:00
17685,United Kingdom,2010-12-02 14:42:00
17686,United Kingdom,2010-06-24 09:49:00
17687,United Kingdom,2010-10-15 12:30:00
17689,United Kingdom,2010-08-22 13:54:00
17690,United Kingdom,2010-03-17 12:17:00
17691,United Kingdom,2010-06-11 11:50:00
17692,United Kingdom,2010-06-17 11:14:00
17693,United Kingdom,2011-07-25 15:48:00
17694,United Kingdom,2010-05-26 08:27:00
17695,United Kingdom,2011-06-21 12:35:00
17696,United Kingdom,2010-03-22 14:50:00
17698,United Kingdom,2011-03-24 11:34:00
17699,United Kingdom,2010-08-20 09:39:00
17700,United Kingdom,2010-03-09 12:10:00
17702,United Kingdom,2010-11-04 12:09:00
17703,United Kingdom,2011-08-22 15:05:00
17705,United Kingdom,2010-05-12 09:47:00
17706,United Kingdom,2010-01-19 12:13:00
17707,United Kingdom,2009-12-07 12:19:00
17708,United Kingdom,2010-11-02 08:57:00
17709,United Kingdom,2010-04-15 14:48:00
17711,United Kingdom,2011-11-29 11:40:00
17713,United Kingdom,2010-06-09 09:33:00
17714,United Kingdom,2010-07-14 10:41:00
17716,United Kingdom,2010-03-05 13:52:00
17717,United Kingdom,2010-10-14 12:54:00
17718,United Kingdom,2011-04-21 13:39:00
17719,United Kingdom,2011-04-20 09:35:00
17720,United Kingdom,2010-05-10 09:58:00
17721,United Kingdom,2010-02-18 15:18:00
17723,United Kingdom,2011-05-09 14:44:00
17724,United Kingdom,2011-07-24 13:26:00
17725,United Kingdom,2011-06-13 12:38:00
17726,United Kingdom,2010-07-15 12:32:00
17728,United Kingdom,2011-10-05 08:17:00
17730,United Kingdom,2010-04-29 11:48:00
17731,United Kingdom,2010-02-09 12:37:00
17732,United Kingdom,2010-09-08 16:29:00
17734,United Kingdom,2010-03-07 13:55:00
17735,United Kingdom,2010-11-03 09:16:00
17736,United Kingdom,2011-10-28 09:00:00
17737,United Kingdom,2011-10-12 14:42:00
17738,United Kingdom,2010-03-19 10:07:00
17739,United Kingdom,2009-12-07 10:48:00
17740,United Kingdom,2010-01-11 13:11:00
17741,United Kingdom,2010-05-28 12:11:00
17742,United Kingdom,2010-02-09 10:03:00
17743,United Kingdom,2010-09-17 14:54:00
17744,United Kingdom,2011-01-13 14:55:00
17745,United Kingdom,2010-06-02 09:03:00
17746,United Kingdom,2010-04-08 12:54:00
17749,United Kingdom,2011-06-14 15:45:00
17750,United Kingdom,2011-07-15 17:29:00
17751,United Kingdom,2010-10-14 13:57:00
17752,United Kingdom,2010-12-15 16:19:00
17753,United Kingdom,2010-08-17 13:45:00
17754,United Kingdom,2009-12-11 15:52:00
17756,United Kingdom,2010-11-19 12:45:00
17757,United Kingdom,2010-07-15 15:11:00
17758,United Kingdom,2010-10-08 12:08:00
17759,United Kingdom,2010-05-05 11:40:00
17760,United Kingdom,2010-12-01 15:08:00
17761,United Kingdom,2011-11-07 10:23:00
17763,United Kingdom,2010-02-24 13:32:00
17764,United Kingdom,2011-10-20 11:03:00
17766,United Kingdom,2010-11-23 14:29:00
17767,United Kingdom,2010-10-25 16:22:00
17768,United Kingdom,2009-12-02 12:26:00
17769,United Kingdom,2010-01-19 11:33:00
17771,United Kingdom,2010-09-29 16:35:00
17772,United Kingdom,2010-11-12 11:31:00
17773,United Kingdom,2010-07-13 14:07:00
17774,United Kingdom,2010-03-16 12:00:00
17776,United Kingdom,2010-11-18 12:14:00
17777,United Kingdom,2011-11-15 12:02:00
17778,United Kingdom,2010-02-16 12:44:00
17779,United Kingdom,2011-09-13 11:24:00
17782,United Kingdom,2010-11-22 11:15:00
17783,United Kingdom,2011-09-28 16:07:00
17784,United Kingdom,2010-06-07 16:08:00
17786,United Kingdom,2011-01-26 14:35:00
17787,United Kingdom,2011-01-20 12:20:00
17788,United Kingdom,2011-08-02 10:38:00
17789,United Kingdom,2011-03-03 13:14:00
17790,United Kingdom,2010-11-05 11:43:00
17791,United Kingdom,2011-11-10 12:09:00
17792,United Kingdom,2010-08-18 13:08:00
17793,United Kingdom,2011-11-14 14:24:00
17794,United Kingdom,2010-01-22 10:18:00
17795,United Kingdom,2011-06-13 12:36:00
17796,United Kingdom,2010-10-14 13:37:00
17797,United Kingdom,2010-01-27 12:14:00
17799,United Kingdom,2010-06-17 14:53:00
17800,United Kingdom,2011-08-14 12:41:00
17801,United Kingdom,2010-01-17 11:31:00
17802,United Kingdom,2010-04-19 13:28:00
17804,United Kingdom,2010-06-25 13:35:00
17807,United Kingdom,2010-01-04 14:00:00
17808,United Kingdom,2010-05-07 16:26:00
17809,United Kingdom,2010-08-02 13:15:00
17810,United Kingdom,2010-02-09 10:47:00
17811,United Kingdom,2010-11-15 11:49:00
17813,United Kingdom,2011-09-29 15:57:00
17815,United Kingdom,2010-11-11 14:39:00
17816,United Kingdom,2009-12-15 15:27:00
17817,United Kingdom,2010-10-20 17:12:00
17819,United Kingdom,2010-05-05 11:43:00
17822,United Kingdom,2010-05-28 12:15:00
17823,United Kingdom,2010-10-14 16:14:00
17824,United Kingdom,2011-10-19 14:14:00
17825,United Kingdom,2009-12-14 12:13:00
17827,United Kingdom,2011-04-11 16:56:00
17829,United Arab Emirates,2010-02-22 15:39:00
17834,United Kingdom,2010-09-20 15:32:00
17837,United Kingdom,2011-06-29 16:44:00
17838,United Kingdom,2010-03-24 10:15:00
17841,United Kingdom,2009-12-07 15:27:00
17842,United Kingdom,2010-04-16 14:23:00
17845,United Kingdom,2010-05-12 13:04:00
17847,United Kingdom,2010-03-04 12:57:00
17848,United Kingdom,2009-12-06 13:19:00
17849,United Kingdom,2010-03-14 15:17:00
17850,United Kingdom,2009-12-05 16:01:00
17851,United Kingdom,2009-12-03 17:46:00
17852,United Kingdom,2011-11-28 12:31:00
17853,United Kingdom,2010-08-20 11:14:00
17854,United Kingdom,2010-07-13 12:38:00
17855,United Kingdom,2010-12-02 09:44:00
17857,United Kingdom,2010-12-09 11:35:00
17858,United Kingdom,2009-12-20 12:47:00
17860,United Kingdom,2010-10-07 13:09:00
17861,United Kingdom,2010-01-05 12:26:00
17862,United Kingdom,2010-11-19 12:09:00
17863,United Kingdom,2010-12-05 13:21:00
17864,United Kingdom,2010-10-08 11:49:00
17865,United Kingdom,2010-01-27 15:39:00
17866,United Kingdom,2009-12-14 16:01:00
17867,United Kingdom,2009-12-23 16:04:00
17869,United Kingdom,2011-05-08 13:24:00
17870,United Kingdom,2011-07-27 17:01:00
17871,United Kingdom,2011-05-19 11:32:00
17873,United Kingdom,2010-02-04 16:48:00
17874,United Kingdom,2011-04-28 13:39:00
17875,United Kingdom,2010-01-20 15:30:00
17879,United Kingdom,2011-06-19 12:36:00
17880,United Kingdom,2009-12-09 16:13:00
17881,United Kingdom,2011-02-08 17:16:00
17882,United Kingdom,2010-11-25 14:40:00
17883,United Kingdom,2010-02-25 20:07:00
17884,United Kingdom,2009-12-04 16:23:00
17885,United Kingdom,2011-11-27 14:40:00
17886,United Kingdom,2011-11-08 10:09:00
17887,United Kingdom,2011-08-02 17:29:00
17888,United Kingdom,2010-02-01 12:13:00
17889,United Kingdom,2010-03-31 10:54:00
17890,United Kingdom,2010-12-13 15:12:00
17892,United Kingdom,2011-07-07 12:56:00
17894,United Kingdom,2010-08-27 14:13:00
17896,United Kingdom,2011-11-16 13:59:00
17897,United Kingdom,2010-05-12 16:03:00
17899,United Kingdom,2011-07-03 14:58:00
17900,United Kingdom,2011-06-02 14:38:00
17901,United Kingdom,2010-07-06 10:54:00
17903,United Kingdom,2010-11-10 15:39:00
17904,United Kingdom,2011-11-18 12:57:00
17905,United Kingdom,2010-01-28 17:54:00
17908,United Kingdom,2010-10-07 14:11:00
17909,United Kingdom,2009-12-02 13:10:00
17910,United Kingdom,2009-12-13 16:04:00
17911,United Kingdom,2011-11-30 14:52:00
17912,United Kingdom,2010-12-10 11:11:00
17913,United Kingdom,2009-12-03 13:02:00
17917,United Kingdom,2010-12-12 12:08:00
17919,United Kingdom,2011-09-12 13:41:00
17920,United Kingdom,2009-12-13 12:50:00
17921,United Kingdom,2010-08-05 18:42:00
17922,United Kingdom,2010-06-14 16:32:00
17923,United Kingdom,2010-06-30 13:41:00
17924,United Kingdom,2010-12-01 10:51:00
17926,United Kingdom,2010-05-09 14:07:00
17928,United Kingdom,2011-10-25 13:52:00
17929,United Kingdom,2009-12-09 11:40:00
17930,United Kingdom,2010-03-19 10:11:00
17931,United Kingdom,2010-03-04 17:40:00
17934,United Kingdom,2011-10-19 11:16:00
17935,United Kingdom,2009-12-04 14:33:00
17937,United Kingdom,2010-12-12 14:43:00
17939,United Kingdom,2011-07-03 12:27:00
17940,United Kingdom,2011-06-28 14:55:00
17941,United Kingdom,2010-01-06 15:37:00
17945,United Kingdom,2010-01-12 11:33:00
17946,United Kingdom,2011-04-20 17:00:00
17948,United Kingdom,2011-07-15 12:58:00
17949,United Kingdom,2009-12-02 11:09:00
17950,United Kingdom,2011-09-28 15:18:00
17951,United Kingdom,2010-10-31 15:15:00
17952,United Kingdom,2010-06-16 11:54:00
17953,United Kingdom,2010-06-17 15:08:00
17954,United Kingdom,2009-12-09 13:22:00
17955,United Kingdom,2011-05-04 12:33:00
17958,United Kingdom,2011-08-15 12:19:00
17960,United Kingdom,2010-03-08 12:22:00
17961,United Kingdom,2009-12-14 14:33:00
17962,United Kingdom,2010-01-13 15:24:00
17964,United Kingdom,2011-11-08 10:44:00
17965,United Kingdom,2010-02-08 13:19:00
17966,United Kingdom,2011-07-11 15:26:00
17967,United Kingdom,2010-10-19 13:19:00
17968,United Kingdom,2010-11-15 15:18:00
17969,United Kingdom,2009-12-18 16:36:00
17970,United Kingdom,2011-05-12 20:03:00
17973,United Kingdom,2011-10-19 10:34:00
17974,United Kingdom,2010-11-10 12:09:00
17975,United Kingdom,2010-10-05 10:39:00
17978,United Kingdom,2009-12-08 13:27:00
17979,United Kingdom,2011-03-25 12:07:00
17980,United Kingdom,2010-11-11 14:42:00
17984,United Kingdom,2009-12-01 11:51:00
17986,United Kingdom,2011-10-14 14:22:00
17987,United Kingdom,2010-06-07 11:23:00
17988,United Kingdom,2009-12-08 12:39:00
17990,United Kingdom,2010-06-16 14:47:00
17991,United Kingdom,2011-04-27 16:39:00
17993,United Kingdom,2010-04-01 14:23:00
17994,United Kingdom,2010-03-29 10:37:00
17996,United Kingdom,2010-06-11 11:48:00
17997,United Kingdom,2011-07-10 15:17:00
17998,United Kingdom,2010-11-24 15:31:00
17999,United Kingdom,2010-11-26 13:16:00
18001,United Kingdom,2009-12-02 15:38:00
18002,United Kingdom,2010-03-30 16:17:00
18004,United Kingdom,2010-12-12 13:47:00
18005,United Kingdom,2011-12-06 11:51:00
18007,United Kingdom,2010-11-12 11:08:00
18008,United Kingdom,2010-04-15 12:22:00
18009,United Kingdom,2010-06-15 13:40:00
18010,United Kingdom,2011-03-28 12:27:00
18012,United Kingdom,2009-12-16 13:16:00
18013,United Kingdom,2011-07-07 14:11:00
18014,United Kingdom,2011-11-11 15:28:00
18016,United Kingdom,2011-01-28 15:21:00
18017,United Kingdom,2011-02-02 13:57:00
18018,United Kingdom,2010-11-05 15:52:00
18020,United Kingdom,2010-06-14 12:31:00
18022,United Kingdom,2010-06-11 13:59:00
18025,United Kingdom,2010-03-30 17:33:00
18026,United Kingdom,2010-07-22 16:21:00
18030,United Kingdom,2011-10-28 13:55:00
18031,United Kingdom,2010-11-26 11:00:00
18034,United Kingdom,2010-11-29 12:36:00
18036,United Kingdom,2009-12-18 12:04:00
18037,United Kingdom,2009-12-01 13:48:00
18038,United Kingdom,2010-06-01 15:59:00
18040,United Kingdom,2011-11-20 14:20:00
18041,United Kingdom,2010-01-14 10:04:00
18042,United Kingdom,2010-06-16 10:53:00
18043,United Kingdom,2010-12-08 12:35:00
18044,United Kingdom,2010-09-16 13:07:00
18047,United Kingdom,2010-11-23 13:11:00
18049,United Kingdom,2010-04-28 13:24:00
18051,United Kingdom,2009-12-21 09:45:00
18053,United Kingdom,2010-07-02 11:42:00
18055,United Kingdom,2010-10-22 13:27:00
18056,United Kingdom,2010-03-31 12:29:00
18057,United Kingdom,2010-01-18 12:42:00
18058,United Kingdom,2010-02-10 09:38:00
18059,United Kingdom,2011-10-26 14:36:00
18060,United Kingdom,2010-05-24 08:34:00
18061,United Kingdom,2009-12-04 11:36:00
18062,United Kingdom,2011-05-03 09:34:00
18063,United Kingdom,2010-03-16 13:05:00
18064,United Kingdom,2010-03-04 13:24:00
18065,United Kingdom,2010-02-12 12:04:00
18066,United Kingdom,2011-09-25 15:30:00
18069,United Kingdom,2010-11-21 15:56:00
18071,United Kingdom,2009-12-05 10:31:00
18073,United Kingdom,2011-05-26 19:38:00
18075,United Kingdom,2010-09-17 13:30:00
18076,United Kingdom,2010-11-24 14:02:00
18077,United Kingdom,2009-12-20 10:43:00
18078,United Kingdom,2010-10-10 16:01:00
18079,United Kingdom,2011-08-05 11:00:00
18080,United Kingdom,2011-04-11 10:10:00
18085,United Kingdom,2010-03-21 11:57:00
18086,United Kingdom,2011-03-10 13:34:00
18087,United Kingdom,2009-12-14 10:01:00
18088,United Kingdom,2011-10-09 13:41:00
18089,United Kingdom,2010-09-19 11:57:00
18092,United Kingdom,2009-12-22 09:35:00
18093,United Kingdom,2010-03-31 10:27:00
18094,United Kingdom,2010-05-09 13:58:00
18096,United Kingdom,2011-11-28 12:44:00
18097,United Kingdom,2010-07-18 15:50:00
18101,United Kingdom,2010-02-03 13:52:00
18102,United Kingdom,2009-12-11 11:22:00
18103,United Kingdom,2010-06-08 13:36:00
18105,United Kingdom,2011-11-02 12:04:00
18106,United Kingdom,2010-02-28 13:55:00
18108,United Kingdom,2010-04-22 09:38:00
18109,United Kingdom,2010-09-27 13:49:00
18110,United Kingdom,2010-10-24 14:21:00
18112,United Kingdom,2010-10-17 13:16:00
18116,United Kingdom,2010-10-24 15:29:00
18118,United Kingdom,2010-11-23 13:36:00
18119,United Kingdom,2010-12-07 11:59:00
18121,United Kingdom,2011-07-08 12:14:00
18122,United Kingdom,2011-09-16 12:34:00
18123,United Kingdom,2010-07-14 12:47:00
18124,United Kingdom,2010-08-24 17:21:00
18125,United Kingdom,2011-01-27 15:02:00
18127,United Kingdom,2010-11-01 13:56:00
18130,United Kingdom,2011-11-11 09:25:00
18131,United Kingdom,2010-03-18 08:48:00
18132,United Kingdom,2010-07-23 16:54:00
18134,United Kingdom,2010-01-14 11:59:00
18135,United Kingdom,2010-10-11 12:34:00
18137,United Kingdom,2010-06-06 13:45:00
18138,United Kingdom,2011-02-17 14:51:00
18139,United Kingdom,2011-11-21 14:06:00
18141,United Kingdom,2010-11-03 11:44:00
18142,United Kingdom,2011-07-05 13:19:00
18144,United Kingdom,2009-12-16 15:57:00
18145,United Kingdom,2009-12-08 12:30:00
18146,United Kingdom,2011-07-22 12:08:00
18149,United Kingdom,2010-03-14 12:41:00
18151,United Kingdom,2011-02-23 08:29:00
18152,United Kingdom,2010-03-03 15:26:00
18154,United Kingdom,2011-10-27 10:40:00
18155,United Kingdom,2011-06-22 11:59:00
18158,United Kingdom,2011-11-30 16:19:00
18160,United Kingdom,2011-05-23 13:41:00
18161,United Kingdom,2011-07-22 13:31:00
18167,United Kingdom,2011-11-16 15:56:00
18168,United Kingdom,2010-02-05 14:57:00
18169,United Kingdom,2011-10-10 12:18:00
18170,United Kingdom,2010-11-30 13:33:00
18171,United Kingdom,2010-08-26 12:17:00
18172,United Kingdom,2010-03-23 10:23:00
18173,United Kingdom,2011-03-10 11:56:00
18176,United Kingdom,2010-12-16 15:45:00
18177,United Kingdom,2010-03-21 15:25:00
18178,United Kingdom,2010-08-04 13:20:00
18179,United Kingdom,2010-07-05 10:48:00
18180,United Kingdom,2011-07-26 08:51:00
18181,United Kingdom,2009-12-04 15:30:00
18183,United Kingdom,2011-03-10 10:08:00
18184,United Kingdom,2011-11-24 15:28:00
18188,United Kingdom,2010-03-26 11:37:00
18190,United Kingdom,2009-12-22 12:05:00
18191,United Kingdom,2010-08-19 17:42:00
18193,United Kingdom,2010-09-23 13:33:00
18194,United Kingdom,2010-06-16 14:47:00
18198,United Kingdom,2011-01-07 13:39:00
18200,United Kingdom,2011-08-25 18:45:00
18203,United Kingdom,2009-12-08 13:19:00
18204,United Kingdom,2011-08-22 09:10:00
18205,United Kingdom,2011-09-26 12:02:00
18209,United Kingdom,2011-11-11 12:07:00
18210,United Kingdom,2011-10-19 15:29:00
18211,United Kingdom,2011-07-26 12:24:00
18214,United Kingdom,2010-06-03 19:47:00
18215,United Kingdom,2010-03-26 13:03:00
18217,United Kingdom,2010-07-01 15:39:00
18218,United Kingdom,2011-03-03 12:24:00
18219,United Kingdom,2009-12-07 13:17:00
18220,United Kingdom,2009-12-15 11:42:00
18221,United Kingdom,2010-11-14 15:46:00
18223,United Kingdom,2009-12-04 12:20:00
18224,United Kingdom,2011-03-21 10:30:00
18225,United Kingdom,2009-12-04 16:52:00
18226,United Kingdom,2010-06-23 12:23:00
18227,United Kingdom,2011-05-06 12:23:00
18228,United Kingdom,2011-09-21 10:48:00
18229,United Kingdom,2009-12-03 14:42:00
18230,United Kingdom,2011-11-10 16:15:00
18231,United Kingdom,2010-03-01 12:04:00
18232,United Kingdom,2011-05-26 16:30:00
18233,United Kingdom,2011-01-18 08:44:00
18235,United Kingdom,2011-08-11 15:56:00
18236,United Kingdom,2010-04-15 13:39:00
18237,United Kingdom,2011-07-28 13:05:00
18239,United Kingdom,2010-10-13 10:11:00
18240,United Kingdom,2011-10-24 13:06:00
18241,United Kingdom,2011-08-08 16:07:00
18242,United Kingdom,2010-03-30 15:21:00
18245,United Kingdom,2010-04-15 14:10:00
18247,United Kingdom,2010-06-08 14:22:00
18248,United Kingdom,2011-08-09 10:19:00
18251,United Kingdom,2010-03-11 10:13:00
18252,United Kingdom,2010-06-09 12:25:00
18255,United Kingdom,2010-09-09 16:31:00
18256,United Kingdom,2010-11-17 08:53:00
18257,United Kingdom,2010-02-18 16:20:00
18258,United Kingdom,2010-05-16 11:35:00
18259,United Kingdom,2010-11-04 16:36:00
18260,United Kingdom,2010-06-27 12:13:00
18263,United Kingdom,2011-04-01 11:48:00
18264,United Kingdom,2010-07-29 10:02:00
18266,United Kingdom,2010-10-01 15:33:00
18268,United Kingdom,2010-01-14 09:33:00
18269,United Kingdom,2010-12-08 13:53:00
18270,United Kingdom,2010-10-03 10:49:00
18272,United Kingdom,2011-04-28 18:11:00
18274,United Kingdom,2011-11-09 17:03:00
18276,United Kingdom,2010-11-12 10:11:00
18277,United Kingdom,2010-08-02 10:26:00
18281,United Kingdom,2010-05-11 10:49:00
18283,United Kingdom,2010-03-28 13:21:00
18286,United Kingdom,2010-08-20 11:57:00
18287,United Kingdom,2010-09-21 12:17:00
