rating_id,f_hour,f_dow,f_month,f_is_weekend,f_days_into_period,f_gender,f_age_band,f_occupation,f_region,f_release_year,f_film_age_years,f_genre_count,f_is_multi_genre,f_mbr_prior_ratings,f_mbr_prior_likes,f_mbr_like_rate,f_mbr_mean_stars,f_mbr_tenure_days,f_mbr_ratings_per_day,f_mbr_is_new,f_film_prior_ratings,f_film_prior_likes,f_film_like_rate,f_film_mean_stars,f_film_days_on_shelf,f_film_is_new,f_genre_prior_ratings,f_genre_like_rate,f_mbr_stars_spread,f_film_stars_spread,f_mbr_recent_rate,f_mbr_days_since_prev,f_occupation_rate,f_age_band_rate,f_region_rate,f_mbr_vs_portfolio,f_film_vs_portfolio,f_mbr_stars_vs_portfolio,f_genre_vs_member
R00695198,0,2,11,0,0,1,25,17,0,1969.0,31.0,1,0,477.0,299.0,0.625728,3.748428,0.0,477.0,0,184.0,148.0,0.790718,4.097826,209.0,0,3.0,0.53205,1.403657,0.995204,0.25,0.00037,0.583566,0.566582,0.603908,0.043998,0.208988,0.14939,-0.093677
R00695199,0,2,11,0,0,1,35,17,9,1993.0,7.0,2,1,134.0,48.0,0.376581,2.992537,1.0,134.0,0,61.0,1.0,0.109325,1.622951,209.0,0,81.0,0.365384,1.248858,0.813088,0.3,1.2e-05,0.583566,0.595411,0.587782,-0.205149,-0.472404,-0.606501,-0.011196
R00695200,0,2,11,0,0,1,35,17,9,1984.0,16.0,2,1,134.0,48.0,0.376581,2.992537,1.0,134.0,0,202.0,57.0,0.298976,2.960396,182.0,0,81.0,0.365384,1.248858,0.999215,0.3,1.2e-05,0.583566,0.595411,0.587782,-0.205149,-0.282754,-0.606501,-0.011196
R00695201,0,2,11,0,0,0,1,10,1,1986.0,14.0,3,1,78.0,51.0,0.644231,3.769231,0.0,78.0,0,690.0,331.0,0.481454,3.353623,210.0,0,20.0,0.624399,0.830864,1.042375,0.5,0.00044,0.56441,0.574904,0.58581,0.062501,-0.100276,0.170193,-0.019832
R00695202,0,2,11,0,0,1,25,17,0,1969.0,31.0,1,0,478.0,300.0,0.626491,3.751046,0.0,478.0,0,126.0,96.0,0.746237,4.063492,209.0,0,4.0,0.561297,1.403354,0.973832,0.3,0.000382,0.583566,0.566582,0.603908,0.044762,0.164508,0.152008,-0.065194
R00695203,0,2,11,0,0,1,25,17,0,1992.0,8.0,1,0,478.0,300.0,0.626491,3.751046,0.0,478.0,0,694.0,544.0,0.780426,4.087896,209.0,0,4.0,0.561297,1.403354,0.949472,0.3,0.000382,0.583566,0.566582,0.603908,0.044762,0.198696,0.152008,-0.065194
R00695204,0,2,11,0,0,1,25,17,0,1965.0,35.0,1,0,478.0,300.0,0.626491,3.751046,0.0,478.0,0,249.0,181.0,0.720233,3.875502,182.0,0,4.0,0.561297,1.403354,0.885267,0.3,0.000382,0.583566,0.566582,0.603908,0.044762,0.138503,0.152008,-0.065194
R00695205,0,2,11,0,0,1,35,12,9,1990.0,10.0,1,0,171.0,98.0,0.573665,3.573099,0.0,171.0,0,450.0,287.0,0.636322,3.78,209.0,0,23.0,0.856593,1.184294,0.834293,0.95,0.00022,0.609999,0.595411,0.587782,-0.008064,0.054592,-0.025939,0.282928
R00695206,0,2,11,0,0,1,18,19,9,1967.0,33.0,2,1,34.0,24.0,0.673495,4.0,0.0,34.0,0,673.0,568.0,0.839388,4.2526,210.0,0,6.0,0.610042,0.907485,0.789095,0.6,0.000359,0.535934,0.564425,0.587782,0.091765,0.257658,0.400962,-0.063453
R00695207,0,2,11,0,0,1,18,19,9,1984.0,16.0,3,1,34.0,24.0,0.673495,4.0,0.0,34.0,0,826.0,665.0,0.801886,4.182809,209.0,0,6.0,0.610042,0.907485,0.965128,0.6,0.000359,0.535934,0.564425,0.587782,0.091765,0.220157,0.400962,-0.063453
R00695208,0,2,11,0,0,1,18,19,9,1998.0,2.0,2,1,34.0,24.0,0.673495,4.0,0.0,34.0,0,17.0,9.0,0.551061,3.470588,193.0,0,6.0,0.610042,0.907485,1.333622,0.6,0.000359,0.535934,0.564425,0.587782,0.091765,-0.030669,0.400962,-0.063453
R00695209,0,2,11,0,0,1,18,19,9,1973.0,27.0,2,1,34.0,24.0,0.673495,4.0,0.0,34.0,0,722.0,550.0,0.758829,4.056787,210.0,0,6.0,0.610042,0.907485,0.824379,0.6,0.000359,0.535934,0.564425,0.587782,0.091765,0.1771,0.400962,-0.063453
R00695210,0,2,11,0,0,0,25,1,9,1998.0,2.0,4,1,74.0,51.0,0.674195,3.824324,0.0,74.0,0,792.0,368.0,0.466394,3.236111,209.0,0,19.0,0.612282,1.044394,1.198087,0.65,0.000405,0.578805,0.566582,0.587782,0.092465,-0.115336,0.225286,-0.061912
R00695211,0,2,11,0,0,0,35,0,9,1982.0,18.0,2,1,51.0,39.0,0.729853,4.294118,0.0,51.0,0,1346.0,1137.0,0.842401,4.322437,209.0,0,8.0,0.749038,0.913818,0.841027,0.65,0.00162,0.551976,0.595411,0.587782,0.148124,0.260671,0.69508,0.019185
R00695212,0,2,11,0,0,0,35,0,9,1950.0,50.0,1,0,51.0,39.0,0.729853,4.294118,0.0,51.0,0,344.0,316.0,0.907249,4.526163,209.0,0,8.0,0.749038,0.913818,0.672907,0.65,0.00162,0.551976,0.595411,0.587782,0.148124,0.32552,0.69508,0.019185
R00695213,0,2,11,0,0,0,35,0,9,1947.0,53.0,2,1,51.0,39.0,0.729853,4.294118,0.0,51.0,0,26.0,17.0,0.631073,3.730769,201.0,0,4.0,0.623797,0.913818,0.857442,0.65,0.00162,0.551976,0.595411,0.587782,0.148124,0.049343,0.69508,-0.106056
R00695214,0,2,11,0,0,0,35,0,9,1958.0,42.0,3,1,51.0,39.0,0.729853,4.294118,0.0,51.0,0,346.0,287.0,0.821175,4.274566,209.0,0,4.0,0.623797,0.913818,0.844767,0.65,0.00162,0.551976,0.595411,0.587782,0.148124,0.239446,0.69508,-0.106056
R00695215,0,2,11,0,0,0,35,0,9,1974.0,26.0,3,1,51.0,39.0,0.729853,4.294118,0.0,51.0,0,874.0,749.0,0.853251,4.347826,210.0,0,8.0,0.749038,0.913818,0.800644,0.65,0.00162,0.551976,0.595411,0.587782,0.148124,0.271522,0.69508,0.019185
R00695216,0,2,11,0,0,0,35,0,9,1962.0,38.0,2,1,51.0,39.0,0.729853,4.294118,0.0,51.0,0,552.0,476.0,0.856349,4.351449,209.0,0,8.0,0.749038,0.913818,0.77298,0.65,0.00162,0.551976,0.595411,0.587782,0.148124,0.274619,0.69508,0.019185
R00695217,0,2,11,0,0,0,35,0,9,1997.0,3.0,4,1,51.0,39.0,0.729853,4.294118,0.0,51.0,0,1698.0,1400.0,0.822796,4.218492,210.0,0,4.0,0.623797,0.913818,0.841342,0.65,0.00162,0.551976,0.595411,0.587782,0.148124,0.241066,0.69508,-0.106056
R00695218,0,2,11,0,0,0,35,0,9,1956.0,44.0,2,1,51.0,39.0,0.729853,4.294118,0.0,51.0,0,86.0,73.0,0.81613,4.209302,209.0,0,4.0,0.623797,0.913818,0.79411,0.65,0.00162,0.551976,0.595411,0.587782,0.148124,0.2344,0.69508,-0.106056
R00695219,0,2,11,0,0,0,35,0,9,1984.0,16.0,2,1,51.0,39.0,0.729853,4.294118,0.0,51.0,0,445.0,377.0,0.84022,4.220225,183.0,0,3.0,0.53205,0.913818,0.810629,0.65,0.00162,0.551976,0.595411,0.587782,0.148124,0.258491,0.69508,-0.197803
R00695220,0,2,11,0,0,1,18,4,0,1995.0,5.0,3,1,493.0,248.0,0.504912,3.279919,2.0,246.5,0,713.0,487.0,0.681353,3.809257,209.0,0,126.0,0.586817,1.317206,0.825657,0.15,0.000926,0.575766,0.564425,0.603908,-0.076817,0.099623,-0.319119,0.081905
R00695221,0,2,11,0,0,1,18,4,0,1993.0,7.0,1,0,493.0,248.0,0.504912,3.279919,2.0,246.5,0,305.0,177.0,0.580381,3.619672,209.0,0,66.0,0.435651,1.317206,0.964759,0.15,0.000926,0.575766,0.564425,0.603908,-0.076817,-0.001349,-0.319119,-0.069262
R00695222,0,2,11,0,0,0,1,10,1,1988.0,12.0,1,0,79.0,51.0,0.637151,3.746835,0.0,79.0,0,171.0,45.0,0.284048,2.725146,209.0,0,28.0,0.524519,0.848951,1.179954,0.5,0.000463,0.56441,0.574904,0.58581,0.055421,-0.297682,0.147797,-0.112632
R00695223,0,2,11,0,0,1,25,12,9,1995.0,5.0,3,1,87.0,19.0,0.262432,2.655172,0.0,87.0,0,624.0,340.0,0.545567,3.533654,209.0,0,26.0,0.341599,1.182512,0.870909,0.3,0.000752,0.609999,0.566582,0.587782,-0.319298,-0.036163,-0.943866,0.079167
R00695224,0,2,11,0,0,1,25,12,9,1993.0,7.0,2,1,87.0,19.0,0.262432,2.655172,0.0,87.0,0,681.0,475.0,0.695499,3.82232,209.0,0,26.0,0.341599,1.182512,0.790454,0.3,0.000752,0.609999,0.566582,0.587782,-0.319298,0.113769,-0.943866,0.079167
R00695225,0,2,11,0,0,1,25,12,9,1997.0,3.0,2,1,87.0,19.0,0.262432,2.655172,0.0,87.0,0,992.0,608.0,0.612531,3.648185,209.0,0,26.0,0.341599,1.182512,1.099953,0.3,0.000752,0.609999,0.566582,0.587782,-0.319298,0.030801,-0.943866,0.079167
R00695226,0,2,11,0,0,1,25,12,9,1997.0,3.0,4,1,87.0,19.0,0.262432,2.655172,0.0,87.0,0,1879.0,1230.0,0.654141,3.755721,209.0,0,26.0,0.341599,1.182512,0.922452,0.3,0.000752,0.609999,0.566582,0.587782,-0.319298,0.072411,-0.943866,0.079167
R00695227,0,2,11,0,0,1,25,12,9,1998.0,2.0,3,1,87.0,19.0,0.262432,2.655172,0.0,87.0,0,648.0,416.0,0.64088,3.802469,209.0,0,26.0,0.341599,1.182512,0.941758,0.3,0.000752,0.609999,0.566582,0.587782,-0.319298,0.05915,-0.943866,0.079167
R00695228,0,2,11,0,0,1,25,12,9,1998.0,2.0,3,1,87.0,19.0,0.262432,2.655172,0.0,87.0,0,575.0,313.0,0.545112,3.546087,209.0,0,26.0,0.341599,1.182512,0.973143,0.3,0.000752,0.609999,0.566582,0.587782,-0.319298,-0.036618,-0.943866,0.079167
R00695229,0,2,11,0,0,1,25,12,9,1998.0,2.0,2,1,87.0,19.0,0.262432,2.655172,0.0,87.0,0,703.0,446.0,0.63354,3.705548,209.0,0,26.0,0.341599,1.182512,0.911479,0.3,0.000752,0.609999,0.566582,0.587782,-0.319298,0.05181,-0.943866,0.079167
R00695230,0,2,11,0,0,1,25,17,0,1985.0,15.0,1,0,481.0,303.0,0.628764,3.758836,0.0,481.0,0,243.0,168.0,0.686199,3.786008,209.0,0,7.0,0.630566,1.402422,0.833636,0.45,0.000255,0.583566,0.566582,0.603908,0.047034,0.104469,0.159798,0.001802
R00695231,0,2,11,0,0,1,25,17,0,1972.0,28.0,1,0,481.0,303.0,0.628764,3.758836,0.0,481.0,0,244.0,176.0,0.714769,3.868852,209.0,0,7.0,0.630566,1.402422,0.877317,0.45,0.000255,0.583566,0.566582,0.603908,0.047034,0.133039,0.159798,0.001802
R00695232,0,2,11,0,0,1,25,17,0,1976.0,24.0,1,0,481.0,303.0,0.628764,3.758836,0.0,481.0,0,282.0,210.0,0.73803,4.021277,209.0,0,7.0,0.630566,1.402422,0.894967,0.45,0.000255,0.583566,0.566582,0.603908,0.047034,0.1563,0.159798,0.001802
R00695233,0,2,11,0,0,1,18,4,9,1997.0,3.0,2,1,835.0,431.0,0.517097,3.506587,1.0,835.0,0,90.0,12.0,0.186086,2.222222,209.0,0,187.0,0.552667,1.061416,1.15256,0.3,0.0011,0.575766,0.564425,0.587782,-0.064633,-0.395644,-0.092451,0.035571
R00695234,0,2,11,0,0,0,25,1,9,1991.0,9.0,2,1,75.0,52.0,0.67794,3.84,0.0,75.0,0,509.0,168.0,0.335856,3.023576,209.0,0,19.0,0.612282,1.046136,1.078197,0.6,0.000451,0.578805,0.566582,0.587782,0.09621,-0.245874,0.240962,-0.065657
R00695235,0,2,11,0,0,0,1,10,1,1984.0,16.0,2,1,80.0,52.0,0.641095,3.75,0.0,80.0,0,203.0,57.0,0.297585,2.960591,182.0,0,29.0,0.536116,0.844097,0.996755,0.45,0.00037,0.56441,0.574904,0.58581,0.059365,-0.284145,0.150962,-0.104979
R00695236,0,2,11,0,0,1,18,19,9,1938.0,62.0,1,0,38.0,27.0,0.679615,3.973684,0.0,38.0,0,297.0,235.0,0.783109,4.188552,210.0,0,10.0,0.635489,0.873193,0.94181,0.55,0.000312,0.535934,0.564425,0.587782,0.097885,0.201379,0.374646,-0.044126
R00695237,0,2,11,0,0,1,18,19,9,1999.0,1.0,1,0,38.0,27.0,0.679615,3.973684,0.0,38.0,0,1077.0,813.0,0.752967,3.950789,209.0,0,10.0,0.635489,0.873193,0.922429,0.55,0.000312,0.535934,0.564425,0.587782,0.097885,0.171237,0.374646,-0.044126
R00695238,0,2,11,0,0,1,18,4,0,1983.0,17.0,2,1,495.0,248.0,0.502921,3.278788,2.0,247.5,0,454.0,219.0,0.484937,3.436123,209.0,0,127.0,0.582595,1.314663,0.859832,0.15,0.000278,0.575766,0.564425,0.603908,-0.078809,-0.096793,-0.32025,0.079675
R00695239,0,2,11,0,0,1,35,17,9,1976.0,24.0,1,0,136.0,48.0,0.371492,2.992647,1.0,136.0,0,43.0,10.0,0.308741,2.72093,209.0,0,83.0,0.357692,1.239641,0.972304,0.25,0.000451,0.583566,0.595411,0.587782,-0.210238,-0.272989,-0.606391,-0.013799
R00695240,0,2,11,0,0,1,35,17,9,1988.0,12.0,1,0,136.0,48.0,0.371492,2.992647,1.0,136.0,0,83.0,20.0,0.284008,2.373494,209.0,0,83.0,0.357692,1.239641,1.267868,0.25,0.000451,0.583566,0.595411,0.587782,-0.210238,-0.297722,-0.606391,-0.013799
R00695241,0,2,11,0,0,1,35,17,9,1986.0,14.0,2,1,136.0,48.0,0.371492,2.992647,1.0,136.0,0,131.0,21.0,0.19567,2.450382,209.0,0,83.0,0.357692,1.239641,1.027958,0.25,0.000451,0.583566,0.595411,0.587782,-0.210238,-0.38606,-0.606391,-0.013799
R00695242,0,2,11,0,0,1,35,17,9,1998.0,2.0,1,0,136.0,48.0,0.371492,2.992647,1.0,136.0,0,130.0,40.0,0.33085,2.838462,209.0,0,83.0,0.357692,1.239641,1.194886,0.25,0.000451,0.583566,0.595411,0.587782,-0.210238,-0.250879,-0.606391,-0.013799
R00695243,0,2,11,0,0,1,35,17,9,1974.0,26.0,1,0,136.0,48.0,0.371492,2.992647,1.0,136.0,0,173.0,84.0,0.491788,3.260116,209.0,0,83.0,0.357692,1.239641,1.297607,0.25,0.000451,0.583566,0.595411,0.587782,-0.210238,-0.089942,-0.606391,-0.013799
R00695244,0,2,11,0,0,1,35,17,9,1986.0,14.0,2,1,136.0,48.0,0.371492,2.992647,1.0,136.0,0,50.0,13.0,0.32227,2.74,208.0,0,7.0,0.577935,1.239641,1.1456,0.25,0.000451,0.583566,0.595411,0.587782,-0.210238,-0.259459,-0.606391,0.206443
R00695245,0,2,11,0,0,1,35,17,9,1978.0,22.0,1,0,136.0,48.0,0.371492,2.992647,1.0,136.0,0,52.0,13.0,0.312199,2.884615,175.0,0,83.0,0.357692,1.239641,1.049796,0.25,0.000451,0.583566,0.595411,0.587782,-0.210238,-0.26953,-0.606391,-0.013799
R00695246,0,2,11,0,0,1,35,17,9,1988.0,12.0,1,0,136.0,48.0,0.371492,2.992647,1.0,136.0,0,82.0,16.0,0.244476,2.536585,114.0,0,83.0,0.357692,1.239641,1.128296,0.25,0.000451,0.583566,0.595411,0.587782,-0.210238,-0.337254,-0.606391,-0.013799
R00695247,0,2,11,0,0,1,25,17,0,1994.0,6.0,3,1,484.0,305.0,0.628993,3.760331,0.0,484.0,0,548.0,292.0,0.533894,3.518248,209.0,0,168.0,0.572115,1.402623,0.973009,0.5,0.000289,0.583566,0.566582,0.603908,0.047264,-0.047836,0.161293,-0.056878
R00695248,0,2,11,0,0,1,25,17,0,1993.0,7.0,1,0,484.0,305.0,0.628993,3.760331,0.0,484.0,0,394.0,270.0,0.682219,3.898477,209.0,0,10.0,0.635489,1.402623,1.049461,0.5,0.000289,0.583566,0.566582,0.603908,0.047264,0.100489,0.161293,0.006496
R00695249,0,2,11,0,0,1,25,17,0,1969.0,31.0,2,1,484.0,305.0,0.628993,3.760331,0.0,484.0,0,247.0,162.0,0.652435,3.785425,209.0,0,32.0,0.454108,1.402623,0.93866,0.5,0.000289,0.583566,0.566582,0.603908,0.047264,0.070706,0.161293,-0.174885
R00695250,0,2,11,0,0,1,25,17,0,1973.0,27.0,1,0,484.0,305.0,0.628993,3.760331,0.0,484.0,0,152.0,97.0,0.634029,3.690789,182.0,0,10.0,0.635489,1.402623,0.836924,0.5,0.000289,0.583566,0.566582,0.603908,0.047264,0.052299,0.161293,0.006496
R00695251,0,2,11,0,0,1,18,19,9,1980.0,20.0,1,0,40.0,29.0,0.691938,3.975,0.0,40.0,0,1185.0,866.0,0.729307,3.961181,210.0,0,12.0,0.665865,0.851102,0.992042,0.65,0.000255,0.535934,0.564425,0.587782,0.110208,0.147577,0.375962,-0.026073
R00695252,0,2,11,0,0,1,25,12,9,1994.0,6.0,4,1,94.0,20.0,0.254535,2.648936,0.0,94.0,0,987.0,590.0,0.597578,3.659574,209.0,0,33.0,0.310683,1.16425,0.929979,0.15,0.000394,0.609999,0.566582,0.587782,-0.327194,0.015849,-0.950102,0.056148
R00695253,0,2,11,0,0,1,25,12,9,1990.0,10.0,2,1,94.0,20.0,0.254535,2.648936,0.0,94.0,0,807.0,443.0,0.549427,3.561338,209.0,0,33.0,0.310683,1.16425,0.950258,0.15,0.000394,0.609999,0.566582,0.587782,-0.327194,-0.032303,-0.950102,0.056148
R00695254,0,2,11,0,0,1,25,12,9,1997.0,3.0,3,1,94.0,20.0,0.254535,2.648936,0.0,94.0,0,1027.0,538.0,0.524524,3.403116,209.0,0,33.0,0.310683,1.16425,1.130747,0.15,0.000394,0.609999,0.566582,0.587782,-0.327194,-0.057205,-0.950102,0.056148
R00695255,0,2,11,0,0,1,25,12,9,1999.0,1.0,1,0,94.0,20.0,0.254535,2.648936,0.0,94.0,0,323.0,223.0,0.68651,3.839009,206.0,0,22.0,0.411199,1.16425,0.994767,0.15,0.000394,0.609999,0.566582,0.587782,-0.327194,0.10478,-0.950102,0.156663
R00695256,0,2,11,0,0,1,18,4,9,1995.0,5.0,3,1,836.0,431.0,0.516487,3.504785,1.0,836.0,0,397.0,199.0,0.50362,3.443325,209.0,0,188.0,0.549904,1.062058,0.941587,0.3,0.000694,0.575766,0.564425,0.587782,-0.065243,-0.078109,-0.094253,0.033417
R00695257,0,2,11,0,0,1,1,10,4,1994.0,6.0,3,1,38.0,10.0,0.339615,2.815789,0.0,38.0,0,162.0,46.0,0.304487,2.925926,206.0,0,2.0,0.570054,0.969407,1.015653,0.15,0.139375,0.56441,0.574904,0.567586,-0.242115,-0.277243,-0.783249,0.230439
R00695258,0,2,11,0,0,1,1,10,4,1970.0,30.0,2,1,38.0,10.0,0.339615,2.815789,0.0,38.0,0,466.0,394.0,0.838872,4.272532,209.0,0,0.0,0.58173,0.969407,0.808204,0.15,0.139375,0.56441,0.574904,0.567586,-0.242115,0.257142,-0.783249,0.242115
R00695259,0,2,11,0,0,0,1,10,1,1981.0,19.0,1,0,81.0,53.0,0.644954,3.765432,0.0,81.0,0,137.0,39.0,0.308596,2.79562,209.0,0,30.0,0.547161,0.85015,1.20303,0.45,0.000463,0.56441,0.574904,0.58581,0.063225,-0.273134,0.166394,-0.097793
R00695260,0,2,11,0,0,0,1,10,1,1983.0,17.0,2,1,81.0,53.0,0.644954,3.765432,0.0,81.0,0,174.0,41.0,0.257961,2.781609,209.0,0,30.0,0.547161,0.85015,1.076662,0.45,0.000463,0.56441,0.574904,0.58581,0.063225,-0.323769,0.166394,-0.097793
R00695261,0,2,11,0,0,1,35,12,9,1995.0,5.0,2,1,172.0,99.0,0.575982,3.575581,0.0,172.0,0,577.0,439.0,0.757183,4.013865,210.0,0,24.0,0.860577,1.181292,0.919544,0.95,0.000914,0.609999,0.595411,0.587782,-0.005747,0.175453,-0.023457,0.284594
R00695262,0,2,11,0,0,1,18,4,0,1996.0,4.0,2,1,496.0,248.0,0.501931,3.27621,2.0,248.0,0,293.0,104.0,0.363871,3.150171,209.0,0,67.0,0.430136,1.314589,1.030909,0.15,0.00059,0.575766,0.564425,0.603908,-0.079799,-0.217858,-0.322828,-0.071794
R00695263,0,2,11,0,0,1,25,11,9,1988.0,12.0,1,0,263.0,106.0,0.410839,3.193916,1.0,263.0,0,947.0,725.0,0.763275,4.036959,210.0,0,41.0,0.490203,1.142192,0.823177,0.3,0.000926,0.576096,0.566582,0.587782,-0.170891,0.181545,-0.405122,0.079364
R00695264,0,2,11,0,0,1,25,11,9,1987.0,13.0,1,0,263.0,106.0,0.410839,3.193916,1.0,263.0,0,216.0,137.0,0.631495,3.740741,209.0,0,41.0,0.490203,1.142192,0.762189,0.3,0.000926,0.576096,0.566582,0.587782,-0.170891,0.049765,-0.405122,0.079364
R00695265,0,2,11,0,0,1,25,11,9,1980.0,20.0,1,0,263.0,106.0,0.410839,3.193916,1.0,263.0,0,719.0,509.0,0.705856,3.901252,209.0,0,122.0,0.372991,1.142192,0.997904,0.3,0.000926,0.576096,0.566582,0.587782,-0.170891,0.124126,-0.405122,-0.037848
R00695266,0,2,11,0,0,1,25,17,0,1996.0,4.0,3,1,488.0,306.0,0.625962,3.752049,0.0,488.0,0,169.0,53.0,0.331385,2.95858,209.0,0,169.0,0.568954,1.403303,1.142793,0.5,0.000243,0.583566,0.566582,0.603908,0.044232,-0.250344,0.153011,-0.057007
R00695267,0,2,11,0,0,1,25,17,0,1990.0,10.0,3,1,488.0,306.0,0.625962,3.752049,0.0,488.0,0,263.0,80.0,0.316294,2.874525,209.0,0,169.0,0.568954,1.403303,1.097628,0.5,0.000243,0.583566,0.566582,0.603908,0.044232,-0.265436,0.153011,-0.057007
R00695268,0,2,11,0,0,1,35,17,9,1982.0,18.0,1,0,144.0,49.0,0.358851,2.958333,1.0,144.0,0,137.0,14.0,0.14081,1.992701,209.0,0,90.0,0.333145,1.235331,1.090746,0.1,0.00037,0.583566,0.595411,0.587782,-0.222879,-0.440919,-0.640705,-0.025706
R00695269,0,2,11,0,0,1,35,17,9,1987.0,13.0,1,0,144.0,49.0,0.358851,2.958333,1.0,144.0,0,34.0,3.0,0.216973,2.029412,209.0,0,90.0,0.333145,1.235331,1.014173,0.1,0.00037,0.583566,0.595411,0.587782,-0.222879,-0.364757,-0.640705,-0.025706
R00695270,0,2,11,0,0,1,35,17,9,1983.0,17.0,2,1,144.0,49.0,0.358851,2.958333,1.0,144.0,0,175.0,42.0,0.261929,2.788571,209.0,0,90.0,0.333145,1.235331,1.077503,0.1,0.00037,0.583566,0.595411,0.587782,-0.222879,-0.319801,-0.640705,-0.025706
R00695271,0,2,11,0,0,1,35,17,9,1982.0,18.0,2,1,144.0,49.0,0.358851,2.958333,1.0,144.0,0,205.0,25.0,0.147377,2.478049,209.0,0,90.0,0.333145,1.235331,0.934831,0.1,0.00037,0.583566,0.595411,0.587782,-0.222879,-0.434353,-0.640705,-0.025706
R00695272,0,2,11,0,0,1,35,17,9,1986.0,14.0,3,1,144.0,49.0,0.358851,2.958333,1.0,144.0,0,44.0,9.0,0.285371,2.386364,168.0,0,15.0,0.517806,1.235331,1.228745,0.1,0.00037,0.583566,0.595411,0.587782,-0.222879,-0.296359,-0.640705,0.158955
R00695273,0,2,11,0,0,1,35,15,2,1997.0,3.0,2,1,115.0,50.0,0.448667,3.4,0.0,115.0,0,60.0,36.0,0.596955,3.533333,203.0,0,8.0,0.599038,0.821452,0.991071,0.3,0.004931,0.615716,0.595411,0.582548,-0.133062,0.015225,-0.199038,0.15037
R00695274,0,2,11,0,0,1,25,17,0,1999.0,1.0,3,1,490.0,306.0,0.623468,3.742857,0.0,490.0,0,633.0,74.0,0.125552,2.113744,209.0,0,171.0,0.562736,1.40814,1.084,0.5,0.000116,0.583566,0.566582,0.603908,0.041738,-0.456178,0.143819,-0.060731
R00695275,0,2,11,0,0,1,1,10,4,1989.0,11.0,3,1,40.0,12.0,0.365015,2.9,0.0,40.0,0,791.0,652.0,0.820649,4.204804,209.0,0,17.0,0.447612,1.019804,0.76327,0.25,0.000289,0.56441,0.574904,0.567586,-0.216715,0.238919,-0.699038,0.082598
R00695276,0,2,11,0,0,1,18,4,9,1996.0,4.0,2,1,837.0,432.0,0.517056,3.505376,1.0,837.0,0,316.0,151.0,0.481649,3.357595,209.0,0,189.0,0.552143,1.061561,1.032068,0.25,0.000706,0.575766,0.564425,0.587782,-0.064674,-0.100081,-0.093662,0.035087
R00695277,0,2,11,0,0,1,18,4,9,1998.0,2.0,3,1,837.0,432.0,0.517056,3.505376,1.0,837.0,0,673.0,387.0,0.575154,3.564636,209.0,0,189.0,0.552143,1.061561,0.960929,0.25,0.000706,0.575766,0.564425,0.587782,-0.064674,-0.006575,-0.093662,0.035087
R00695278,0,2,11,0,0,1,18,4,9,1984.0,16.0,2,1,837.0,432.0,0.517056,3.505376,1.0,837.0,0,781.0,467.0,0.597706,3.678617,209.0,0,189.0,0.552143,1.061561,1.018606,0.25,0.000706,0.575766,0.564425,0.587782,-0.064674,0.015976,-0.093662,0.035087
R00695279,0,2,11,0,0,1,18,4,9,1988.0,12.0,1,0,837.0,432.0,0.517056,3.505376,1.0,837.0,0,131.0,59.0,0.461404,3.381679,209.0,0,58.0,0.571154,1.061561,1.014837,0.25,0.000706,0.575766,0.564425,0.587782,-0.064674,-0.120326,-0.093662,0.054097
R00695280,0,2,11,0,0,1,18,19,9,1960.0,40.0,2,1,41.0,30.0,0.69775,4.0,0.0,41.0,0,928.0,757.0,0.812745,4.211207,209.0,0,4.0,0.686297,0.855399,0.890929,0.65,0.00081,0.535934,0.564425,0.587782,0.11602,0.231016,0.400962,-0.011453
R00695281,0,2,11,0,0,1,18,19,9,1963.0,37.0,1,0,41.0,30.0,0.69775,4.0,0.0,41.0,0,539.0,362.0,0.669657,3.851577,209.0,0,4.0,0.686297,0.855399,0.925946,0.65,0.00081,0.535934,0.564425,0.587782,0.11602,0.087927,0.400962,-0.011453
R00695282,0,2,11,0,0,1,18,19,9,1975.0,25.0,2,1,41.0,30.0,0.69775,4.0,0.0,41.0,0,1286.0,947.0,0.734962,4.070762,210.0,0,14.0,0.653106,0.855399,0.954062,0.65,0.00081,0.535934,0.564425,0.587782,0.11602,0.153232,0.400962,-0.044644
R00695283,0,2,11,0,0,1,25,12,9,1995.0,5.0,3,1,98.0,22.0,0.263461,2.693878,0.0,98.0,0,693.0,481.0,0.692171,3.886003,209.0,0,36.0,0.312099,1.172892,0.921128,0.2,0.000556,0.609999,0.566582,0.587782,-0.318268,0.110442,-0.905161,0.048638
R00695284,0,2,11,0,0,1,25,12,9,1995.0,5.0,3,1,98.0,22.0,0.263461,2.693878,0.0,98.0,0,1009.0,592.0,0.586661,3.631318,209.0,0,36.0,0.312099,1.172892,0.940684,0.2,0.000556,0.609999,0.566582,0.587782,-0.318268,0.004931,-0.905161,0.048638
R00695285,0,2,11,0,0,1,25,12,9,1994.0,6.0,3,1,98.0,22.0,0.263461,2.693878,0.0,98.0,0,785.0,524.0,0.666224,3.757962,209.0,0,36.0,0.312099,1.172892,0.838571,0.2,0.000556,0.609999,0.566582,0.587782,-0.318268,0.084495,-0.905161,0.048638
R00695286,0,2,11,0,0,1,25,12,9,1997.0,3.0,2,1,98.0,22.0,0.263461,2.693878,0.0,98.0,0,755.0,453.0,0.599714,3.629139,209.0,0,36.0,0.312099,1.172892,0.9365,0.2,0.000556,0.609999,0.566582,0.587782,-0.318268,0.017984,-0.905161,0.048638
R00695287,0,2,11,0,0,1,25,12,9,1999.0,1.0,4,1,98.0,22.0,0.263461,2.693878,0.0,98.0,0,1669.0,850.0,0.509804,3.433194,209.0,0,36.0,0.312099,1.172892,1.130174,0.2,0.000556,0.609999,0.566582,0.587782,-0.318268,-0.071926,-0.905161,0.048638
R00695288,0,2,11,0,0,1,25,12,9,1999.0,1.0,2,1,98.0,22.0,0.263461,2.693878,0.0,98.0,0,676.0,326.0,0.483984,3.381657,209.0,0,36.0,0.312099,1.172892,0.971131,0.2,0.000556,0.609999,0.566582,0.587782,-0.318268,-0.097746,-0.905161,0.048638
R00695289,0,2,11,0,0,1,1,10,4,1994.0,6.0,2,1,41.0,12.0,0.358127,2.902439,0.0,41.0,0,114.0,33.0,0.317308,2.719298,209.0,0,3.0,0.598717,1.007409,1.217625,0.3,0.000509,0.56441,0.574904,0.567586,-0.223602,-0.264422,-0.696599,0.24059
R00695290,0,2,11,0,0,1,25,12,9,1991.0,9.0,2,1,104.0,25.0,0.275696,2.711538,0.0,104.0,0,598.0,284.0,0.477018,3.426421,209.0,0,42.0,0.332977,1.165803,0.93274,0.3,1.2e-05,0.609999,0.566582,0.587782,-0.306034,-0.104712,-0.8875,0.057281
R00695291,0,2,11,0,0,0,1,10,1,1988.0,12.0,1,0,83.0,55.0,0.652429,3.783133,0.0,83.0,0,84.0,20.0,0.28105,2.369048,209.0,0,32.0,0.567744,0.850913,1.26095,0.55,0.000509,0.56441,0.574904,0.58581,0.070699,-0.30068,0.184094,-0.084685
R00695292,0,2,11,0,0,1,25,17,0,1995.0,5.0,2,1,491.0,306.0,0.622228,3.739308,0.0,491.0,0,170.0,136.0,0.785609,4.029412,207.0,0,76.0,0.772509,1.408898,0.792809,0.5,0.000428,0.583566,0.566582,0.603908,0.040498,0.203879,0.140269,0.15028
R00695293,0,2,11,0,0,1,25,17,0,1995.0,5.0,3,1,491.0,306.0,0.622228,3.739308,0.0,491.0,0,390.0,228.0,0.584529,3.612821,209.0,0,76.0,0.772509,1.408898,0.917823,0.5,0.000428,0.583566,0.566582,0.603908,0.040498,0.002799,0.140269,0.15028
R00695294,0,2,11,0,0,1,25,17,0,1992.0,8.0,3,1,491.0,306.0,0.622228,3.739308,0.0,491.0,0,886.0,554.0,0.6247,3.717833,210.0,0,76.0,0.772509,1.408898,0.994033,0.5,0.000428,0.583566,0.566582,0.603908,0.040498,0.04297,0.140269,0.15028
R00695295,0,2,11,0,0,1,25,17,0,1999.0,1.0,2,1,491.0,306.0,0.622228,3.739308,0.0,491.0,0,686.0,455.0,0.661864,3.771137,209.0,0,76.0,0.772509,1.408898,1.018108,0.5,0.000428,0.583566,0.566582,0.603908,0.040498,0.080134,0.140269,0.15028
R00695296,0,2,11,0,0,1,35,17,9,1995.0,5.0,2,1,149.0,49.0,0.347707,2.919463,1.0,149.0,0,101.0,19.0,0.229918,2.405941,207.0,0,16.0,0.499313,1.234389,1.24422,0.05,0.000463,0.583566,0.595411,0.587782,-0.234023,-0.351812,-0.679575,0.151606
R00695297,0,2,11,0,0,1,35,17,9,1985.0,15.0,1,0,149.0,49.0,0.347707,2.919463,1.0,149.0,0,202.0,40.0,0.219536,2.440594,209.0,0,94.0,0.320573,1.234389,1.125288,0.05,0.000463,0.583566,0.595411,0.587782,-0.234023,-0.362194,-0.679575,-0.027133
R00695298,0,2,11,0,0,1,35,17,9,1987.0,13.0,1,0,149.0,49.0,0.347707,2.919463,1.0,149.0,0,195.0,53.0,0.289762,2.635897,209.0,0,94.0,0.320573,1.234389,1.116654,0.05,0.000463,0.583566,0.595411,0.587782,-0.234023,-0.291968,-0.679575,-0.027133
R00695299,0,2,11,0,0,1,35,17,9,1988.0,12.0,1,0,149.0,49.0,0.347707,2.919463,1.0,149.0,0,174.0,23.0,0.161187,2.252874,209.0,0,94.0,0.320573,1.234389,1.047366,0.05,0.000463,0.583566,0.595411,0.587782,-0.234023,-0.420543,-0.679575,-0.027133
R00695300,0,2,11,0,0,1,35,17,9,1989.0,11.0,2,1,149.0,49.0,0.347707,2.919463,1.0,149.0,0,208.0,24.0,0.140822,2.288462,209.0,0,94.0,0.320573,1.234389,0.996852,0.05,0.000463,0.583566,0.595411,0.587782,-0.234023,-0.440908,-0.679575,-0.027133
R00695301,0,2,11,0,0,1,35,17,9,1983.0,17.0,2,1,149.0,49.0,0.347707,2.919463,1.0,149.0,0,120.0,18.0,0.189248,2.475,208.0,0,94.0,0.320573,1.234389,1.040533,0.05,0.000463,0.583566,0.595411,0.587782,-0.234023,-0.392482,-0.679575,-0.027133
R00695302,0,2,11,0,0,1,35,17,9,1981.0,19.0,1,0,155.0,50.0,0.341202,2.870968,1.0,155.0,0,26.0,7.0,0.367915,2.615385,201.0,0,99.0,0.306133,1.253175,1.416304,0.1,1.2e-05,0.583566,0.595411,0.587782,-0.240528,-0.213815,-0.72807,-0.035069
R00695303,0,2,11,0,0,0,35,1,9,1998.0,2.0,1,0,9.0,5.0,0.570512,3.333333,0.0,9.0,0,169.0,38.0,0.248512,2.763314,208.0,0,2.0,0.570054,1.333333,0.998616,0.625,0.001343,0.578805,0.595411,0.587782,-0.011218,-0.333217,-0.265705,-0.000458
R00695304,0,2,11,0,0,0,35,1,9,1986.0,14.0,3,1,9.0,5.0,0.570512,3.333333,0.0,9.0,0,110.0,46.0,0.434269,3.290909,209.0,0,1.0,0.613904,1.333333,0.917957,0.625,0.001343,0.578805,0.595411,0.587782,-0.011218,-0.147461,-0.265705,0.043392
R00695305,0,2,11,0,0,0,35,1,9,2000.0,0.0,1,0,9.0,5.0,0.570512,3.333333,0.0,9.0,0,279.0,96.0,0.353886,3.046595,208.0,0,2.0,0.498626,1.333333,0.954886,0.625,0.001343,0.578805,0.595411,0.587782,-0.011218,-0.227844,-0.265705,-0.071887
R00695306,0,2,11,0,0,1,18,4,9,1997.0,3.0,2,1,841.0,435.0,0.518149,3.50654,1.0,841.0,0,158.0,97.0,0.611652,3.702532,209.0,0,59.0,0.563109,1.059588,0.910623,0.4,0.000278,0.575766,0.564425,0.587782,-0.063581,0.029922,-0.092498,0.044961
R00695307,0,2,11,0,0,1,25,17,0,1996.0,4.0,2,1,495.0,310.0,0.625209,3.745455,0.0,495.0,0,114.0,60.0,0.531593,3.482456,209.0,0,80.0,0.7824,1.405564,0.870898,0.65,0.00015,0.583566,0.566582,0.603908,0.043479,-0.050136,0.146416,0.157191
R00695308,0,2,11,0,0,1,25,11,9,1989.0,11.0,1,0,266.0,107.0,0.410003,3.191729,1.0,266.0,0,451.0,309.0,0.682464,3.86918,209.0,0,43.0,0.490559,1.139222,0.921872,0.3,0.000602,0.576096,0.566582,0.587782,-0.171727,0.100734,-0.407309,0.080556
R00695309,0,2,11,0,0,1,25,11,9,1984.0,16.0,1,0,266.0,107.0,0.410003,3.191729,1.0,266.0,0,352.0,229.0,0.648299,3.798295,209.0,0,43.0,0.490559,1.139222,0.886578,0.3,0.000602,0.576096,0.566582,0.587782,-0.171727,0.066569,-0.407309,0.080556
R00695310,0,2,11,0,0,0,35,0,9,1995.0,5.0,4,1,60.0,47.0,0.749733,4.3,0.0,60.0,0,267.0,151.0,0.566239,3.543071,209.0,0,8.0,0.649038,0.881287,0.920541,0.65,0.001366,0.551976,0.595411,0.587782,0.168003,-0.01549,0.700962,-0.100695
R00695311,0,2,11,0,0,0,35,0,9,1990.0,10.0,3,1,60.0,47.0,0.749733,4.3,0.0,60.0,0,634.0,423.0,0.665605,3.76183,209.0,0,8.0,0.649038,0.881287,0.932278,0.65,0.001366,0.551976,0.595411,0.587782,0.168003,0.083875,0.700962,-0.100695
R00695312,0,2,11,0,0,0,35,0,9,1962.0,38.0,2,1,60.0,47.0,0.749733,4.3,0.0,60.0,0,260.0,189.0,0.720517,3.884615,209.0,0,12.0,0.790865,0.881287,0.851556,0.65,0.001366,0.551976,0.595411,0.587782,0.168003,0.138788,0.700962,0.041132
R00695313,0,2,11,0,0,0,35,0,9,1998.0,2.0,3,1,60.0,47.0,0.749733,4.3,0.0,60.0,0,613.0,388.0,0.631969,3.794454,209.0,0,12.0,0.790865,0.881287,1.034559,0.65,0.001366,0.551976,0.595411,0.587782,0.168003,0.050239,0.700962,0.041132
R00695314,0,2,11,0,0,0,35,0,9,1956.0,44.0,3,1,60.0,47.0,0.749733,4.3,0.0,60.0,0,70.0,40.0,0.572936,3.571429,201.0,0,4.0,0.561297,0.881287,0.903508,0.65,0.001366,0.551976,0.595411,0.587782,0.168003,-0.008794,0.700962,-0.188435
R00695315,0,2,11,0,0,0,35,0,9,1955.0,45.0,1,0,60.0,47.0,0.749733,4.3,0.0,60.0,0,20.0,11.0,0.561899,3.6,195.0,0,12.0,0.790865,0.881287,0.734847,0.65,0.001366,0.551976,0.595411,0.587782,0.168003,-0.019831,0.700962,0.041132
R00695316,0,2,11,0,0,0,35,0,9,1988.0,12.0,3,1,60.0,47.0,0.749733,4.3,0.0,60.0,0,1309.0,811.0,0.619213,3.672269,209.0,0,0.0,0.58173,0.881287,0.977362,0.65,0.001366,0.551976,0.595411,0.587782,0.168003,0.037484,0.700962,-0.168003
R00695317,0,2,11,0,0,0,35,0,9,1950.0,50.0,2,1,60.0,47.0,0.749733,4.3,0.0,60.0,0,105.0,75.0,0.70069,3.895238,209.0,0,8.0,0.649038,0.881287,0.791909,0.65,0.001366,0.551976,0.595411,0.587782,0.168003,0.11896,0.700962,-0.100695
R00695318,0,2,11,0,0,1,25,17,0,1994.0,6.0,2,1,496.0,310.0,0.623978,3.743952,0.0,496.0,0,115.0,34.0,0.322683,2.730435,209.0,0,80.0,0.651965,1.404545,1.218136,0.65,0.000382,0.583566,0.566582,0.603908,0.042248,-0.259047,0.144914,0.027987
R00695319,0,2,11,0,0,1,25,17,0,1993.0,7.0,3,1,496.0,310.0,0.623978,3.743952,0.0,496.0,0,390.0,106.0,0.281047,2.794872,209.0,0,172.0,0.559678,1.404545,1.092621,0.65,0.000382,0.583566,0.566582,0.603908,0.042248,-0.300683,0.144914,-0.0643
R00695320,0,2,11,0,0,1,25,17,0,1994.0,6.0,3,1,496.0,310.0,0.623978,3.743952,0.0,496.0,0,163.0,47.0,0.308461,2.932515,206.0,0,80.0,0.651965,1.404545,1.016,0.65,0.000382,0.583566,0.566582,0.603908,0.042248,-0.273268,0.144914,0.027987
R00695321,0,2,11,0,0,1,25,17,0,1995.0,5.0,4,1,496.0,310.0,0.623978,3.743952,0.0,496.0,0,149.0,15.0,0.136526,2.234899,209.0,0,172.0,0.559678,1.404545,0.999257,0.65,0.000382,0.583566,0.566582,0.603908,0.042248,-0.445203,0.144914,-0.0643
R00695322,0,2,11,0,0,1,25,17,0,1997.0,3.0,3,1,496.0,310.0,0.623978,3.743952,0.0,496.0,0,390.0,146.0,0.380549,3.053846,209.0,0,172.0,0.559678,1.404545,1.109249,0.65,0.000382,0.583566,0.566582,0.603908,0.042248,-0.201181,0.144914,-0.0643
R00695323,0,2,11,0,0,1,1,10,4,1994.0,6.0,3,1,42.0,13.0,0.370014,2.928571,0.0,42.0,0,1618.0,1229.0,0.75827,4.094561,210.0,0,4.0,0.623797,1.00931,0.995829,0.3,0.000625,0.56441,0.574904,0.567586,-0.211716,0.176541,-0.670467,0.253783
R00695324,0,2,11,0,0,1,25,12,9,1995.0,5.0,2,1,105.0,25.0,0.27334,2.714286,0.0,105.0,0,573.0,329.0,0.574326,3.56719,209.0,0,43.0,0.326923,1.160577,1.02044,0.3,0.000417,0.609999,0.566582,0.587782,-0.30839,-0.007404,-0.884752,0.053583
R00695325,0,2,11,0,0,1,25,12,9,1992.0,8.0,2,1,105.0,25.0,0.27334,2.714286,0.0,105.0,0,45.0,26.0,0.57861,3.6,191.0,0,43.0,0.326923,1.160577,1.041367,0.3,0.000417,0.609999,0.566582,0.587782,-0.30839,-0.00312,-0.884752,0.053583
R00695326,0,2,11,0,0,1,25,12,9,1993.0,7.0,3,1,105.0,25.0,0.27334,2.714286,0.0,105.0,0,475.0,334.0,0.700166,3.949474,209.0,0,43.0,0.326923,1.160577,0.961126,0.3,0.000417,0.609999,0.566582,0.587782,-0.30839,0.118436,-0.884752,0.053583
R00695327,0,2,11,0,0,1,25,12,9,1993.0,7.0,2,1,105.0,25.0,0.27334,2.714286,0.0,105.0,0,379.0,195.0,0.516575,3.511873,209.0,0,43.0,0.326923,1.160577,0.983635,0.3,0.000417,0.609999,0.566582,0.587782,-0.30839,-0.065155,-0.884752,0.053583
R00695328,0,2,11,0,0,1,25,11,9,1986.0,14.0,3,1,268.0,108.0,0.410646,3.190299,1.0,268.0,0,840.0,512.0,0.609132,3.655952,209.0,0,48.0,0.449679,1.138366,1.010404,0.25,0.000266,0.576096,0.566582,0.587782,-0.171084,0.027403,-0.40874,0.039034
R00695329,0,2,11,0,0,1,25,11,9,1983.0,17.0,1,0,268.0,108.0,0.410646,3.190299,1.0,268.0,0,171.0,107.0,0.622846,3.725146,209.0,0,45.0,0.49089,1.138366,0.830986,0.25,0.000266,0.576096,0.566582,0.587782,-0.171084,0.041116,-0.40874,0.080245
R00695330,0,2,11,0,0,1,25,11,9,1986.0,14.0,3,1,268.0,108.0,0.410646,3.190299,1.0,268.0,0,532.0,298.0,0.560626,3.588346,156.0,0,48.0,0.449679,1.138366,0.837163,0.25,0.000266,0.576096,0.566582,0.587782,-0.171084,-0.021103,-0.40874,0.039034
R00695331,0,2,11,0,0,1,18,4,0,1996.0,4.0,1,0,497.0,248.0,0.500945,3.275654,2.0,248.5,0,71.0,20.0,0.325069,3.042254,196.0,0,68.0,0.424759,1.313324,0.829672,0.15,0.001238,0.575766,0.564425,0.603908,-0.080785,-0.25666,-0.323384,-0.076185
R00695332,0,2,11,0,0,0,1,10,1,1989.0,11.0,1,0,84.0,56.0,0.65605,3.785714,0.0,84.0,0,95.0,13.0,0.186736,2.136842,209.0,0,33.0,0.57735,0.84616,1.184199,0.6,0.00103,0.56441,0.574904,0.58581,0.07432,-0.394994,0.186676,-0.078699
R00695333,0,2,11,0,0,0,1,10,1,1984.0,16.0,2,1,84.0,56.0,0.65605,3.785714,0.0,84.0,0,158.0,38.0,0.264593,2.493671,209.0,0,33.0,0.57735,0.84616,1.189335,0.6,0.00103,0.56441,0.574904,0.58581,0.07432,-0.317137,0.186676,-0.078699
R00695334,0,2,11,0,0,0,1,10,1,1988.0,12.0,1,0,84.0,56.0,0.65605,3.785714,0.0,84.0,0,83.0,16.0,0.241903,2.518072,114.0,0,33.0,0.57735,0.84616,1.133939,0.6,0.00103,0.56441,0.574904,0.58581,0.07432,-0.339827,0.186676,-0.078699
R00695335,0,2,11,0,0,0,35,1,9,1994.0,6.0,1,0,12.0,7.0,0.582532,3.416667,0.0,12.0,0,51.0,25.0,0.507631,3.45098,207.0,0,3.0,0.598717,1.320248,1.142988,0.545455,0.000509,0.578805,0.595411,0.587782,0.000802,-0.074099,-0.182371,0.016186
R00695336,0,2,11,0,0,0,35,1,9,1986.0,14.0,3,1,12.0,7.0,0.582532,3.416667,0.0,12.0,0,233.0,84.0,0.37135,3.137339,209.0,0,3.0,0.53205,1.320248,0.930193,0.545455,0.000509,0.578805,0.595411,0.587782,0.000802,-0.21038,-0.182371,-0.050481
R00695337,0,2,11,0,0,0,35,1,9,1999.0,1.0,1,0,12.0,7.0,0.582532,3.416667,0.0,12.0,0,181.0,58.0,0.336688,2.928177,207.0,0,0.0,0.58173,1.320248,1.107649,0.545455,0.000509,0.578805,0.595411,0.587782,0.000802,-0.245042,-0.182371,-0.000802
R00695338,0,2,11,0,0,1,25,17,0,1994.0,6.0,2,1,501.0,310.0,0.617896,3.720559,0.0,501.0,0,102.0,10.0,0.148954,2.215686,201.0,0,82.0,0.638093,1.419059,1.034952,0.4,0.000231,0.583566,0.566582,0.603908,0.036166,-0.432776,0.121521,0.020197
R00695339,0,2,11,0,0,1,25,17,0,1997.0,3.0,2,1,501.0,310.0,0.617896,3.720559,0.0,501.0,0,98.0,14.0,0.190734,2.183673,207.0,0,82.0,0.638093,1.419059,1.137011,0.4,0.000231,0.583566,0.566582,0.603908,0.036166,-0.390996,0.121521,0.020197
R00695340,0,2,11,0,0,1,25,17,0,1998.0,2.0,4,1,501.0,310.0,0.617896,3.720559,0.0,501.0,0,252.0,66.0,0.276442,2.797619,208.0,0,1.0,0.613904,1.419059,1.09595,0.4,0.000231,0.583566,0.566582,0.603908,0.036166,-0.305288,0.121521,-0.003992
R00695341,0,2,11,0,0,1,18,4,9,1995.0,5.0,2,1,842.0,435.0,0.517542,3.505938,1.0,842.0,0,205.0,48.0,0.253368,2.8,209.0,0,192.0,0.558729,1.059103,1.004381,0.4,0.000845,0.575766,0.564425,0.587782,-0.064188,-0.328362,-0.0931,0.041187
R00695342,0,2,11,0,0,1,18,4,9,1993.0,7.0,3,1,842.0,435.0,0.517542,3.505938,1.0,842.0,0,368.0,155.0,0.426265,3.241848,209.0,0,192.0,0.558729,1.059103,1.028765,0.4,0.000845,0.575766,0.564425,0.587782,-0.064188,-0.155465,-0.0931,0.041187
R00695343,0,2,11,0,0,1,18,4,9,1991.0,9.0,2,1,842.0,435.0,0.517542,3.505938,1.0,842.0,0,50.0,7.0,0.225496,1.98,206.0,0,60.0,0.555288,1.059103,1.086094,0.4,0.000845,0.575766,0.564425,0.587782,-0.064188,-0.356234,-0.0931,0.037746
R00695344,0,2,11,0,0,1,18,4,0,1926.0,74.0,1,0,498.0,248.0,0.499962,3.271084,2.0,249.0,0,27.0,14.0,0.537968,3.444444,199.0,0,69.0,0.419516,1.315954,1.165343,0.15,0.001134,0.575766,0.564425,0.603908,-0.081768,-0.043762,-0.327954,-0.080447
R00695345,0,2,11,0,0,1,18,4,0,1998.0,2.0,3,1,498.0,248.0,0.499962,3.271084,2.0,249.0,0,256.0,94.0,0.376794,3.023438,209.0,0,188.0,0.569904,1.315954,1.100176,0.15,0.001134,0.575766,0.564425,0.603908,-0.081768,-0.204936,-0.327954,0.069942
R00695346,0,2,11,0,0,1,25,12,9,1997.0,3.0,3,1,109.0,26.0,0.272568,2.706422,0.0,109.0,0,667.0,304.0,0.457998,3.313343,209.0,0,47.0,0.321708,1.175458,1.021149,0.35,0.000289,0.609999,0.566582,0.587782,-0.309162,-0.123732,-0.892616,0.04914
R00695347,0,2,11,0,0,1,25,12,9,1998.0,2.0,3,1,109.0,26.0,0.272568,2.706422,0.0,109.0,0,274.0,140.0,0.513919,3.430657,206.0,0,47.0,0.321708,1.175458,1.034412,0.35,0.000289,0.609999,0.566582,0.587782,-0.309162,-0.067811,-0.892616,0.04914
R00695348,0,2,11,0,0,1,25,12,9,1990.0,10.0,3,1,109.0,26.0,0.272568,2.706422,0.0,109.0,0,575.0,271.0,0.473562,3.34087,209.0,0,47.0,0.321708,1.175458,1.08041,0.35,0.000289,0.609999,0.566582,0.587782,-0.309162,-0.108168,-0.892616,0.04914
R00695349,0,2,11,0,0,0,35,0,9,1939.0,61.0,2,1,68.0,53.0,0.749759,4.294118,0.0,68.0,0,100.0,83.0,0.8034,4.12,209.0,0,6.0,0.610042,0.875463,0.765245,0.75,0.000463,0.551976,0.595411,0.587782,0.16803,0.22167,0.69508,-0.139717
R00695350,0,2,11,0,0,0,35,0,9,1977.0,23.0,2,1,68.0,53.0,0.749759,4.294118,0.0,68.0,0,1003.0,801.0,0.79604,4.152542,210.0,0,6.0,0.610042,0.875463,0.96894,0.75,0.000463,0.551976,0.595411,0.587782,0.16803,0.21431,0.69508,-0.139717
R00695351,0,2,11,0,0,0,35,0,9,1955.0,45.0,2,1,68.0,53.0,0.749759,4.294118,0.0,68.0,0,134.0,102.0,0.746444,3.962687,207.0,0,5.0,0.587103,0.875463,0.841168,0.75,0.000463,0.551976,0.595411,0.587782,0.16803,0.164714,0.69508,-0.162656
R00695352,0,2,11,0,0,0,35,0,9,1941.0,59.0,2,1,68.0,53.0,0.749759,4.294118,0.0,68.0,0,104.0,84.0,0.784317,4.153846,207.0,0,6.0,0.610042,0.875463,0.90691,0.75,0.000463,0.551976,0.595411,0.587782,0.16803,0.202587,0.69508,-0.139717
R00695353,0,2,11,0,0,0,35,0,9,1940.0,60.0,2,1,68.0,53.0,0.749759,4.294118,0.0,68.0,0,133.0,108.0,0.792971,4.067669,209.0,0,6.0,0.610042,0.875463,0.787071,0.75,0.000463,0.551976,0.595411,0.587782,0.16803,0.211241,0.69508,-0.139717
R00695354,0,2,11,0,0,1,18,19,9,1987.0,13.0,4,1,44.0,33.0,0.713942,4.045455,0.0,44.0,0,398.0,268.0,0.670685,3.791457,209.0,0,15.0,0.665954,0.851591,1.142697,0.75,0.000868,0.535934,0.564425,0.587782,0.132212,0.088955,0.446416,-0.047988
R00695355,0,2,11,0,0,1,25,12,9,1996.0,4.0,3,1,112.0,28.0,0.282103,2.723214,0.0,112.0,0,921.0,482.0,0.524095,3.45494,209.0,0,50.0,0.338399,1.1742,0.971013,0.4,0.000243,0.609999,0.566582,0.587782,-0.299627,-0.057635,-0.875824,0.056296
R00695356,0,2,11,0,0,1,35,17,9,1995.0,5.0,2,1,156.0,50.0,0.339171,2.865385,1.0,156.0,0,126.0,26.0,0.238991,2.452381,198.0,0,100.0,0.3034,1.251084,1.244717,0.1,0.00088,0.583566,0.595411,0.587782,-0.242559,-0.342739,-0.733653,-0.035772
R00695357,0,2,11,0,0,1,35,17,9,1997.0,3.0,1,0,156.0,50.0,0.339171,2.865385,1.0,156.0,0,90.0,9.0,0.156674,2.133333,209.0,0,100.0,0.3034,1.251084,1.056199,0.1,0.00088,0.583566,0.595411,0.587782,-0.242559,-0.425056,-0.733653,-0.035772
R00695358,0,2,11,0,0,1,35,17,9,1989.0,11.0,1,0,156.0,50.0,0.339171,2.865385,1.0,156.0,0,96.0,14.0,0.194266,2.15625,209.0,0,100.0,0.3034,1.251084,1.193106,0.1,0.00088,0.583566,0.595411,0.587782,-0.242559,-0.387463,-0.733653,-0.035772
R00695359,0,2,11,0,0,1,35,17,9,1984.0,16.0,2,1,156.0,50.0,0.339171,2.865385,1.0,156.0,0,159.0,38.0,0.263045,2.496855,209.0,0,100.0,0.3034,1.251084,1.186264,0.1,0.00088,0.583566,0.595411,0.587782,-0.242559,-0.318684,-0.733653,-0.035772
R00695360,0,2,11,0,0,0,35,0,9,1997.0,3.0,2,1,73.0,58.0,0.764479,4.30137,0.0,73.0,0,13.0,3.0,0.39923,3.0,209.0,0,10.0,0.680944,0.85504,1.037749,0.85,0.000208,0.551976,0.595411,0.587782,0.18275,-0.182499,0.702332,-0.083536
R00695361,0,2,11,0,0,1,18,4,9,1998.0,2.0,3,1,845.0,437.0,0.518064,3.506509,1.0,845.0,0,122.0,43.0,0.372991,2.97541,209.0,0,61.0,0.547682,1.057637,1.141347,0.5,0.000359,0.575766,0.564425,0.587782,-0.063666,-0.208739,-0.092529,0.029618
R00695362,0,2,11,0,0,1,18,4,9,1990.0,10.0,3,1,845.0,437.0,0.518064,3.506509,1.0,845.0,0,103.0,52.0,0.512876,3.514563,200.0,0,194.0,0.563013,1.057637,0.974072,0.5,0.000359,0.575766,0.564425,0.587782,-0.063666,-0.068854,-0.092529,0.044949
R00695363,0,2,11,0,0,1,25,17,0,1986.0,14.0,3,1,504.0,310.0,0.614304,3.704365,0.0,504.0,0,397.0,228.0,0.574525,3.652393,209.0,0,33.0,0.444017,1.430223,0.98353,0.3,0.000405,0.583566,0.566582,0.603908,0.032574,-0.007205,0.105327,-0.170287
R00695364,0,2,11,0,0,1,25,17,0,1985.0,15.0,3,1,504.0,310.0,0.614304,3.704365,0.0,504.0,0,485.0,255.0,0.527124,3.482474,208.0,0,33.0,0.444017,1.430223,1.092713,0.3,0.000405,0.583566,0.566582,0.603908,0.032574,-0.054606,0.105327,-0.170287
R00695365,0,2,11,0,0,1,25,17,0,1984.0,16.0,3,1,504.0,310.0,0.614304,3.704365,0.0,504.0,0,836.0,395.0,0.474034,3.425837,209.0,0,84.0,0.6248,1.430223,0.860067,0.3,0.000405,0.583566,0.566582,0.603908,0.032574,-0.107696,0.105327,0.010496
R00695366,0,2,11,0,0,1,25,17,0,1988.0,12.0,2,1,504.0,310.0,0.614304,3.704365,0.0,504.0,0,1096.0,626.0,0.571282,3.585766,210.0,0,84.0,0.6248,1.430223,0.942671,0.3,0.000405,0.583566,0.566582,0.603908,0.032574,-0.010447,0.105327,0.010496
R00695367,0,2,11,0,0,1,25,17,0,1988.0,12.0,2,1,504.0,310.0,0.614304,3.704365,0.0,504.0,0,1079.0,761.0,0.703924,3.862836,209.0,0,84.0,0.6248,1.430223,0.866266,0.3,0.000405,0.583566,0.566582,0.603908,0.032574,0.122194,0.105327,0.010496
R00695368,0,2,11,0,0,1,25,17,0,1958.0,42.0,3,1,504.0,310.0,0.614304,3.704365,0.0,504.0,0,186.0,106.0,0.57061,3.580645,209.0,0,175.0,0.550699,1.430223,0.936966,0.3,0.000405,0.583566,0.566582,0.603908,0.032574,-0.01112,0.105327,-0.063605
R00695369,0,2,11,0,0,0,1,10,1,1983.0,17.0,1,0,87.0,57.0,0.64627,3.770115,0.0,87.0,0,71.0,10.0,0.204587,2.056338,208.0,0,36.0,0.562099,0.840103,1.254707,0.7,0.000579,0.56441,0.574904,0.58581,0.064541,-0.377142,0.171077,-0.084171
R00695370,0,2,11,0,0,1,1,10,4,1996.0,4.0,3,1,43.0,14.0,0.381468,2.953488,0.0,43.0,0,1284.0,723.0,0.563257,3.518692,209.0,0,18.0,0.432692,1.010491,1.117181,0.35,0.001157,0.56441,0.574904,0.567586,-0.200261,-0.018473,-0.64555,0.051224
R00695371,0,2,11,0,0,1,1,10,4,1970.0,30.0,1,0,43.0,14.0,0.381468,2.953488,0.0,43.0,0,137.0,83.0,0.603898,3.671533,207.0,0,0.0,0.58173,1.010491,0.997145,0.35,0.001157,0.56441,0.574904,0.567586,-0.200261,0.022168,-0.64555,0.200261
R00695372,0,2,11,0,0,1,18,19,9,1968.0,32.0,2,1,45.0,34.0,0.718961,4.066667,0.0,45.0,0,538.0,320.0,0.59451,3.644981,209.0,0,6.0,0.721153,0.85375,1.148129,0.75,0.001181,0.535934,0.564425,0.587782,0.137231,0.012781,0.467629,0.002193
R00695373,0,2,11,0,0,1,18,19,9,1987.0,13.0,2,1,45.0,34.0,0.718961,4.066667,0.0,45.0,0,35.0,18.0,0.531505,3.4,204.0,0,13.0,0.67923,0.85375,1.2,0.75,0.001181,0.535934,0.564425,0.587782,0.137231,-0.050224,0.467629,-0.03973
R00695374,0,2,11,0,0,1,18,19,9,1982.0,18.0,4,1,45.0,34.0,0.718961,4.066667,0.0,45.0,0,574.0,367.0,0.638192,3.787456,209.0,0,16.0,0.677884,0.85375,1.015618,0.75,0.001181,0.535934,0.564425,0.587782,0.137231,0.056463,0.467629,-0.041076
R00695375,0,2,11,0,0,1,18,19,9,1985.0,15.0,1,0,45.0,34.0,0.718961,4.066667,0.0,45.0,0,181.0,96.0,0.533579,3.436464,209.0,0,6.0,0.721153,0.85375,1.236014,0.75,0.001181,0.535934,0.564425,0.587782,0.137231,-0.048151,0.467629,0.002193
R00695376,0,2,11,0,0,0,35,1,9,1995.0,5.0,1,0,15.0,8.0,0.554843,3.466667,0.0,15.0,0,269.0,56.0,0.224131,2.513011,209.0,0,4.0,0.498797,1.257864,1.21209,0.571429,0.000625,0.578805,0.595411,0.587782,-0.026887,-0.357599,-0.132371,-0.056046
R00695377,0,2,11,0,0,0,35,1,9,1994.0,6.0,1,0,15.0,8.0,0.554843,3.466667,0.0,15.0,0,525.0,209.0,0.402199,3.121905,209.0,0,4.0,0.498797,1.257864,1.153213,0.571429,0.000625,0.578805,0.595411,0.587782,-0.026887,-0.179531,-0.132371,-0.056046
R00695378,0,2,11,0,0,0,35,1,9,1994.0,6.0,1,0,15.0,8.0,0.554843,3.466667,0.0,15.0,0,30.0,8.0,0.356685,2.9,201.0,0,4.0,0.623797,1.257864,0.943398,0.571429,0.000625,0.578805,0.595411,0.587782,-0.026887,-0.225045,-0.132371,0.068954
R00695379,0,2,11,0,0,0,35,1,9,1989.0,11.0,4,1,15.0,8.0,0.554843,3.466667,0.0,15.0,0,1271.0,751.0,0.590788,3.676633,209.0,0,2.0,0.570054,1.257864,0.961941,0.571429,0.000625,0.578805,0.595411,0.587782,-0.026887,0.009058,-0.132371,0.015211
R00695380,0,2,11,0,0,0,35,1,9,1997.0,3.0,2,1,15.0,8.0,0.554843,3.466667,0.0,15.0,0,271.0,128.0,0.476964,3.372694,209.0,0,0.0,0.58173,1.257864,0.891448,0.571429,0.000625,0.578805,0.595411,0.587782,-0.026887,-0.104766,-0.132371,0.026887
R00695381,0,2,11,0,0,0,35,1,9,1961.0,39.0,3,1,15.0,8.0,0.554843,3.466667,0.0,15.0,0,276.0,130.0,0.475628,3.387681,209.0,0,2.0,0.570054,1.257864,0.954619,0.571429,0.000625,0.578805,0.595411,0.587782,-0.026887,-0.106102,-0.132371,0.015211
R00695382,0,2,11,0,0,0,35,1,9,1992.0,8.0,2,1,15.0,8.0,0.554843,3.466667,0.0,15.0,0,91.0,7.0,0.135736,1.648352,199.0,0,2.0,0.570054,1.257864,0.965033,0.571429,0.000625,0.578805,0.595411,0.587782,-0.026887,-0.445994,-0.132371,0.015211
R00695383,0,2,11,0,0,0,35,1,9,1988.0,12.0,2,1,15.0,8.0,0.554843,3.466667,0.0,15.0,0,137.0,10.0,0.113965,2.262774,175.0,0,2.0,0.570054,1.257864,0.922311,0.571429,0.000625,0.578805,0.595411,0.587782,-0.026887,-0.467765,-0.132371,0.015211
R00695384,0,2,11,0,0,1,25,17,0,1994.0,6.0,3,1,510.0,314.0,0.614906,3.703922,0.0,510.0,0,431.0,187.0,0.43788,3.24594,209.0,0,7.0,0.42004,1.425463,1.010307,0.35,0.000197,0.583566,0.566582,0.603908,0.033176,-0.14385,0.104883,-0.194866
R00695385,0,2,11,0,0,1,25,17,0,1988.0,12.0,3,1,511.0,314.0,0.61373,3.69863,0.0,511.0,0,578.0,301.0,0.522001,3.489619,209.0,0,176.0,0.553089,1.429073,0.996914,0.4,0.000208,0.583566,0.566582,0.603908,0.032,-0.059728,0.099592,-0.060641
R00695386,0,2,11,0,0,1,25,17,0,1985.0,15.0,3,1,511.0,314.0,0.61373,3.69863,0.0,511.0,0,394.0,241.0,0.61079,3.685279,209.0,0,35.0,0.446399,1.429073,0.90819,0.4,0.000208,0.583566,0.566582,0.603908,0.032,0.02906,0.099592,-0.167331
R00695387,0,2,11,0,0,1,25,12,9,1994.0,6.0,2,1,113.0,28.0,0.279846,2.725664,0.0,113.0,0,473.0,203.0,0.43295,3.137421,209.0,0,51.0,0.333028,1.169281,1.31993,0.45,0.000579,0.609999,0.566582,0.587782,-0.301884,-0.14878,-0.873374,0.053182
R00695388,0,2,11,0,0,1,25,12,9,1993.0,7.0,2,1,113.0,28.0,0.279846,2.725664,0.0,113.0,0,448.0,142.0,0.323871,2.926339,209.0,0,51.0,0.333028,1.169281,1.059154,0.45,0.000579,0.609999,0.566582,0.587782,-0.301884,-0.257859,-0.873374,0.053182
R00695389,0,2,11,0,0,1,25,12,9,1998.0,2.0,4,1,113.0,28.0,0.279846,2.725664,0.0,113.0,0,648.0,260.0,0.404516,3.185185,209.0,0,51.0,0.333028,1.169281,1.024226,0.45,0.000579,0.609999,0.566582,0.587782,-0.301884,-0.177213,-0.873374,0.053182
R00695390,0,2,11,0,0,1,25,12,9,1998.0,2.0,4,1,113.0,28.0,0.279846,2.725664,0.0,113.0,0,793.0,369.0,0.467057,3.238335,209.0,0,51.0,0.333028,1.169281,1.198967,0.45,0.000579,0.609999,0.566582,0.587782,-0.301884,-0.114673,-0.873374,0.053182
R00695391,0,2,11,0,0,1,18,4,0,1994.0,6.0,2,1,500.0,248.0,0.498009,3.262,2.0,250.0,0,188.0,67.0,0.369904,2.984043,209.0,0,70.0,0.414399,1.321119,1.113152,0.15,0.000648,0.575766,0.564425,0.603908,-0.08372,-0.211826,-0.337038,-0.08361
R00695392,0,2,11,0,0,1,35,17,9,1996.0,4.0,3,1,160.0,50.0,0.331283,2.83125,1.0,160.0,0,167.0,39.0,0.256876,2.502994,209.0,0,18.0,0.432692,1.256095,1.270929,0.1,0.000451,0.583566,0.595411,0.587782,-0.250446,-0.324854,-0.767788,0.101408
R00695393,0,2,11,0,0,1,35,17,9,1989.0,11.0,1,0,160.0,50.0,0.331283,2.83125,1.0,160.0,0,144.0,16.0,0.147313,2.083333,209.0,0,104.0,0.292938,1.256095,1.044164,0.1,0.000451,0.583566,0.595411,0.587782,-0.250446,-0.434417,-0.767788,-0.038346
R00695394,0,2,11,0,0,1,35,17,9,1984.0,16.0,1,0,160.0,50.0,0.331283,2.83125,1.0,160.0,0,112.0,20.0,0.217587,2.169643,209.0,0,104.0,0.292938,1.256095,1.171754,0.1,0.000451,0.583566,0.595411,0.587782,-0.250446,-0.364143,-0.767788,-0.038346
R00695395,0,2,11,0,0,1,35,17,9,1998.0,2.0,2,1,160.0,50.0,0.331283,2.83125,1.0,160.0,0,103.0,23.0,0.260702,2.669903,189.0,0,104.0,0.292938,1.256095,1.177362,0.1,0.000451,0.583566,0.595411,0.587782,-0.250446,-0.321028,-0.767788,-0.038346
R00695396,0,2,11,0,0,1,35,17,9,1998.0,2.0,2,1,160.0,50.0,0.331283,2.83125,1.0,160.0,0,137.0,41.0,0.322019,2.751825,209.0,0,104.0,0.292938,1.256095,1.170071,0.1,0.000451,0.583566,0.595411,0.587782,-0.250446,-0.259711,-0.767788,-0.038346
R00695397,0,2,11,0,0,1,35,17,9,1955.0,45.0,2,1,160.0,50.0,0.331283,2.83125,1.0,160.0,0,38.0,10.0,0.339615,2.763158,204.0,0,104.0,0.292938,1.256095,1.110576,0.1,0.000451,0.583566,0.595411,0.587782,-0.250446,-0.242115,-0.767788,-0.038346
R00695398,0,2,11,0,0,1,35,17,9,1989.0,11.0,1,0,160.0,50.0,0.331283,2.83125,1.0,160.0,0,45.0,5.0,0.210189,2.377778,203.0,0,104.0,0.292938,1.256095,0.949594,0.1,0.000451,0.583566,0.595411,0.587782,-0.250446,-0.371541,-0.767788,-0.038346
R00695399,0,2,11,0,0,1,35,17,9,1990.0,10.0,3,1,160.0,50.0,0.331283,2.83125,1.0,160.0,0,61.0,12.0,0.26001,2.262295,177.0,0,104.0,0.292938,1.256095,1.158032,0.1,0.000451,0.583566,0.595411,0.587782,-0.250446,-0.321719,-0.767788,-0.038346
R00695400,0,2,11,0,0,1,25,17,0,1996.0,4.0,3,1,513.0,315.0,0.613297,3.693957,0.0,513.0,0,422.0,177.0,0.423919,3.251185,209.0,0,177.0,0.550163,1.431306,0.967939,0.35,0.000231,0.583566,0.566582,0.603908,0.031567,-0.157811,0.094919,-0.063134
R00695401,0,2,11,0,0,1,25,17,0,1959.0,41.0,3,1,513.0,315.0,0.613297,3.693957,0.0,513.0,0,113.0,46.0,0.423846,3.230088,209.0,0,36.0,0.457932,1.431306,0.977706,0.35,0.000231,0.583566,0.566582,0.603908,0.031567,-0.157884,0.094919,-0.155364
R00695402,0,2,11,0,0,1,25,17,0,1985.0,15.0,3,1,513.0,315.0,0.613297,3.693957,0.0,513.0,0,252.0,106.0,0.427957,3.253968,209.0,0,36.0,0.457932,1.431306,1.019154,0.35,0.000231,0.583566,0.566582,0.603908,0.031567,-0.153772,0.094919,-0.155364
R00695403,0,2,11,0,0,1,25,17,0,1990.0,10.0,3,1,513.0,315.0,0.613297,3.693957,0.0,513.0,0,354.0,74.0,0.221259,2.59887,209.0,0,177.0,0.550163,1.431306,1.116187,0.35,0.000231,0.583566,0.566582,0.603908,0.031567,-0.360471,0.094919,-0.063134
R00695404,0,2,11,0,0,0,35,0,9,1940.0,60.0,2,1,74.0,58.0,0.75559,4.27027,0.0,74.0,0,430.0,375.0,0.86421,4.313953,209.0,0,11.0,0.651337,0.889842,0.822102,0.85,0.000718,0.551976,0.595411,0.587782,0.17386,0.28248,0.671232,-0.104253
R00695405,0,2,11,0,0,0,35,0,9,1935.0,65.0,3,1,74.0,58.0,0.75559,4.27027,0.0,74.0,0,166.0,141.0,0.831353,4.138554,210.0,0,11.0,0.651337,0.889842,0.849568,0.85,0.000718,0.551976,0.595411,0.587782,0.17386,0.249623,0.671232,-0.104253
R00695406,0,2,11,0,0,0,35,0,9,1951.0,49.0,4,1,74.0,58.0,0.75559,4.27027,0.0,74.0,0,772.0,657.0,0.846914,4.262953,209.0,0,6.0,0.665598,0.889842,0.820417,0.85,0.000718,0.551976,0.595411,0.587782,0.17386,0.265184,0.671232,-0.089993
R00695407,0,2,11,0,0,0,35,0,9,1992.0,8.0,3,1,74.0,58.0,0.75559,4.27027,0.0,74.0,0,887.0,555.0,0.625118,3.718151,210.0,0,6.0,0.610042,0.889842,0.993518,0.85,0.000718,0.551976,0.595411,0.587782,0.17386,0.043388,0.671232,-0.145548
R00695408,0,2,11,0,0,0,35,0,9,1992.0,8.0,2,1,74.0,58.0,0.75559,4.27027,0.0,74.0,0,471.0,349.0,0.73702,3.987261,210.0,0,11.0,0.651337,0.889842,0.981705,0.85,0.000718,0.551976,0.595411,0.587782,0.17386,0.15529,0.671232,-0.104253
R00695409,0,2,11,0,0,0,35,0,9,1967.0,33.0,2,1,74.0,58.0,0.75559,4.27027,0.0,74.0,0,877.0,727.0,0.825625,4.246294,209.0,0,6.0,0.610042,0.889842,0.826307,0.85,0.000718,0.551976,0.595411,0.587782,0.17386,0.243895,0.671232,-0.145548
R00695410,0,2,11,0,0,0,35,0,9,1953.0,47.0,3,1,74.0,58.0,0.75559,4.27027,0.0,74.0,0,257.0,198.0,0.76201,4.085603,209.0,0,6.0,0.610042,0.889842,0.86909,0.85,0.000718,0.551976,0.595411,0.587782,0.17386,0.18028,0.671232,-0.145548
R00695411,0,2,11,0,0,0,35,0,9,1938.0,62.0,4,1,74.0,58.0,0.75559,4.27027,0.0,74.0,0,142.0,112.0,0.772602,4.197183,210.0,0,11.0,0.651337,0.889842,0.841188,0.85,0.000718,0.551976,0.595411,0.587782,0.17386,0.190873,0.671232,-0.104253
R00695412,0,2,11,0,0,0,35,0,9,1982.0,18.0,2,1,74.0,58.0,0.75559,4.27027,0.0,74.0,0,297.0,223.0,0.744274,3.922559,209.0,0,6.0,0.610042,0.889842,0.870811,0.85,0.000718,0.551976,0.595411,0.587782,0.17386,0.162545,0.671232,-0.145548
R00695413,0,2,11,0,0,1,1,10,4,1985.0,15.0,2,1,45.0,15.0,0.385627,2.977778,0.0,45.0,0,290.0,82.0,0.294638,2.889655,209.0,0,19.0,0.450992,0.999753,1.04464,0.45,0.000324,0.56441,0.574904,0.567586,-0.196102,-0.287092,-0.62126,0.065365
R00695414,0,2,11,0,0,1,18,4,0,1996.0,4.0,2,1,501.0,248.0,0.497039,3.259481,2.0,250.5,0,7.0,1.0,0.42004,2.428571,183.0,0,128.0,0.578434,1.321001,1.049781,0.15,0.000845,0.575766,0.564425,0.603908,-0.084691,-0.16169,-0.339557,0.081395
R00695415,0,2,11,0,0,1,25,12,9,1996.0,4.0,2,1,117.0,29.0,0.278921,2.726496,0.0,117.0,0,451.0,136.0,0.308814,2.911308,209.0,0,55.0,0.328071,1.15931,1.047066,0.35,0.000289,0.609999,0.566582,0.587782,-0.302809,-0.272916,-0.872542,0.04915
R00695416,0,2,11,0,0,1,25,12,9,1993.0,7.0,3,1,117.0,29.0,0.278921,2.726496,0.0,117.0,0,486.0,181.0,0.377471,3.104938,209.0,0,55.0,0.328071,1.15931,1.020014,0.35,0.000289,0.609999,0.566582,0.587782,-0.302809,-0.204258,-0.872542,0.04915
R00695417,0,2,11,0,0,1,25,12,9,1996.0,4.0,4,1,117.0,29.0,0.278921,2.726496,0.0,117.0,0,804.0,336.0,0.42032,3.192786,209.0,0,55.0,0.328071,1.15931,1.091075,0.35,0.000289,0.609999,0.566582,0.587782,-0.302809,-0.16141,-0.872542,0.04915
R00695418,0,2,11,0,0,1,25,12,9,1998.0,2.0,2,1,117.0,29.0,0.278921,2.726496,0.0,117.0,0,270.0,101.0,0.38291,3.162963,209.0,0,55.0,0.328071,1.15931,0.959995,0.35,0.000289,0.609999,0.566582,0.587782,-0.302809,-0.198819,-0.872542,0.04915
R00695419,0,2,11,0,0,0,25,12,4,1971.0,29.0,2,1,395.0,329.0,0.825506,4.177215,1.0,395.0,0,32.0,8.0,0.340472,2.875,209.0,0,8.0,0.699038,1.033116,1.053269,0.6,0.007836,0.609999,0.566582,0.567586,0.243776,-0.241258,0.578177,-0.126468
R00695420,0,2,11,0,0,1,18,4,9,1995.0,5.0,4,1,847.0,437.0,0.516858,3.504132,1.0,847.0,0,234.0,84.0,0.36984,2.935897,209.0,0,195.0,0.560294,1.057796,1.180393,0.4,0.000602,0.575766,0.564425,0.587782,-0.064872,-0.211889,-0.094906,0.043436
R00695421,0,2,11,0,0,1,18,4,9,1995.0,5.0,2,1,847.0,437.0,0.516858,3.504132,1.0,847.0,0,447.0,100.0,0.233074,2.604027,209.0,0,195.0,0.560294,1.057796,1.145864,0.4,0.000602,0.575766,0.564425,0.587782,-0.064872,-0.348656,-0.094906,0.043436
R00695422,0,2,11,0,0,1,18,4,9,1993.0,7.0,3,1,847.0,437.0,0.516858,3.504132,1.0,847.0,0,487.0,181.0,0.376715,3.102669,209.0,0,195.0,0.560294,1.057796,1.020193,0.4,0.000602,0.575766,0.564425,0.587782,-0.064872,-0.205015,-0.094906,0.043436
R00695423,0,2,11,0,0,1,1,10,4,1997.0,3.0,2,1,46.0,15.0,0.378979,2.978261,0.0,46.0,0,99.0,14.0,0.189016,2.171717,207.0,0,5.0,0.645927,0.988832,1.137429,0.45,0.000509,0.56441,0.574904,0.567586,-0.202751,-0.392714,-0.620777,0.266948
R00695424,0,2,11,0,0,1,18,4,0,1999.0,1.0,1,0,502.0,248.0,0.496072,3.25498,2.0,251.0,0,379.0,156.0,0.416831,3.192612,209.0,0,71.0,0.409407,1.323525,1.066322,0.1,0.000417,0.575766,0.564425,0.603908,-0.085658,-0.164899,-0.344058,-0.086665
R00695425,0,2,11,0,0,1,18,4,0,1987.0,13.0,1,0,502.0,248.0,0.496072,3.25498,2.0,251.0,0,189.0,77.0,0.417815,3.285714,208.0,0,71.0,0.409407,1.323525,0.843812,0.1,0.000417,0.575766,0.564425,0.603908,-0.085658,-0.163915,-0.344058,-0.086665
R00695426,0,2,11,0,0,0,35,1,9,1997.0,3.0,2,1,23.0,11.0,0.513736,3.173913,0.0,23.0,0,157.0,53.0,0.354916,3.152866,209.0,0,6.0,0.498931,1.493527,0.931854,0.45,0.000521,0.578805,0.595411,0.587782,-0.067994,-0.226814,-0.425125,-0.014805
R00695427,0,2,11,0,0,0,35,1,9,1991.0,9.0,1,0,23.0,11.0,0.513736,3.173913,0.0,23.0,0,501.0,181.0,0.366434,3.157685,209.0,0,6.0,0.498931,1.493527,0.967065,0.45,0.000521,0.578805,0.595411,0.587782,-0.067994,-0.215296,-0.425125,-0.014805
R00695428,0,2,11,0,0,1,25,17,0,1997.0,3.0,3,1,517.0,315.0,0.608659,3.68472,0.0,517.0,0,204.0,37.0,0.203615,2.534314,209.0,0,8.0,0.399038,1.43162,1.054309,0.25,0.000301,0.583566,0.566582,0.603908,0.02693,-0.378115,0.085681,-0.209621
R00695429,0,2,11,0,0,1,25,17,0,1992.0,8.0,3,1,517.0,315.0,0.608659,3.68472,0.0,517.0,0,300.0,78.0,0.272374,2.6,209.0,0,179.0,0.544402,1.43162,1.216553,0.25,0.000301,0.583566,0.566582,0.603908,0.02693,-0.309356,0.085681,-0.064257
R00695430,0,2,11,0,0,1,25,17,0,1991.0,9.0,3,1,517.0,315.0,0.608659,3.68472,0.0,517.0,0,163.0,15.0,0.125604,2.104294,209.0,0,179.0,0.544402,1.43162,1.08878,0.25,0.000301,0.583566,0.566582,0.603908,0.02693,-0.456125,0.085681,-0.064257
R00695431,0,2,11,0,0,1,25,17,0,1991.0,9.0,2,1,517.0,315.0,0.608659,3.68472,0.0,517.0,0,510.0,168.0,0.335212,3.023529,209.0,0,38.0,0.439615,1.43162,1.07714,0.25,0.000301,0.583566,0.566582,0.603908,0.02693,-0.246518,0.085681,-0.169044
R00695432,0,2,11,0,0,1,35,17,9,1982.0,18.0,1,0,168.0,51.0,0.322115,2.791667,1.0,168.0,0,45.0,4.0,0.192645,2.044444,209.0,0,111.0,0.284396,1.26234,0.987827,0.1,0.000428,0.583566,0.595411,0.587782,-0.259614,-0.389085,-0.807371,-0.037719
R00695433,0,2,11,0,0,1,35,17,9,1994.0,6.0,1,0,168.0,51.0,0.322115,2.791667,1.0,168.0,0,31.0,3.0,0.232111,1.806452,198.0,0,111.0,0.284396,1.26234,1.060108,0.1,0.000428,0.583566,0.595411,0.587782,-0.259614,-0.349619,-0.807371,-0.037719
R00695434,0,2,11,0,0,1,35,17,9,1986.0,14.0,3,1,168.0,51.0,0.322115,2.791667,1.0,168.0,0,31.0,2.0,0.208855,1.935484,190.0,0,19.0,0.418734,1.26234,0.913536,0.1,0.000428,0.583566,0.595411,0.587782,-0.259614,-0.372875,-0.807371,0.096619
R00695435,0,2,11,0,0,1,25,12,9,1994.0,6.0,1,0,121.0,29.0,0.270532,2.719008,0.0,121.0,0,92.0,19.0,0.249815,2.684783,209.0,0,59.0,0.309588,1.144322,1.010051,0.3,0.000336,0.609999,0.566582,0.587782,-0.311198,-0.331915,-0.88003,0.039056
R00695436,0,2,11,0,0,1,18,19,9,1976.0,24.0,1,0,49.0,38.0,0.737389,4.122449,0.0,49.0,0,295.0,183.0,0.61883,3.644068,209.0,0,8.0,0.749038,0.848351,1.047397,0.85,0.000775,0.535934,0.564425,0.587782,0.15566,0.0371,0.523411,0.011648
R00695437,0,2,11,0,0,1,18,19,9,1996.0,4.0,2,1,49.0,38.0,0.737389,4.122449,0.0,49.0,0,640.0,371.0,0.579725,3.559375,209.0,0,8.0,0.749038,0.848351,1.042641,0.85,0.000775,0.535934,0.564425,0.587782,0.15566,-0.002005,0.523411,0.011648
R00695438,0,2,11,0,0,1,18,19,9,1968.0,32.0,2,1,49.0,38.0,0.737389,4.122449,0.0,49.0,0,482.0,329.0,0.680123,3.811203,209.0,0,8.0,0.749038,0.848351,1.069978,0.85,0.000775,0.535934,0.564425,0.587782,0.15566,0.098393,0.523411,0.011648
R00695439,0,2,11,0,0,1,25,17,0,1996.0,4.0,5,1,521.0,315.0,0.604091,3.664107,0.0,521.0,0,395.0,79.0,0.211255,2.63038,209.0,0,39.0,0.430995,1.445238,1.057864,0.25,0.000185,0.583566,0.566582,0.603908,0.022362,-0.370475,0.065069,-0.173096
R00695440,0,2,11,0,0,1,25,17,0,1996.0,4.0,3,1,521.0,315.0,0.604091,3.664107,0.0,521.0,0,85.0,1.0,0.082276,1.494118,193.0,0,9.0,0.380036,1.445238,0.820667,0.25,0.000185,0.583566,0.566582,0.603908,0.022362,-0.499454,0.065069,-0.224055
R00695441,0,2,11,0,0,1,1,10,4,1994.0,6.0,2,1,47.0,15.0,0.372555,2.957447,0.0,47.0,0,103.0,10.0,0.147659,2.203883,201.0,0,6.0,0.610042,0.988389,1.036791,0.45,0.000486,0.56441,0.574904,0.567586,-0.209175,-0.434071,-0.641591,0.237487
R00695442,0,2,11,0,0,1,1,10,4,1995.0,5.0,4,1,47.0,15.0,0.372555,2.957447,0.0,47.0,0,150.0,15.0,0.135684,2.226667,209.0,0,20.0,0.436899,0.988389,1.000977,0.45,0.000486,0.56441,0.574904,0.567586,-0.209175,-0.446046,-0.641591,0.064343
R00695443,0,2,11,0,0,0,35,0,9,1995.0,5.0,2,1,83.0,67.0,0.778745,4.301205,0.0,83.0,0,578.0,440.0,0.757595,4.015571,210.0,0,10.0,0.680944,0.860582,0.919662,0.85,0.000498,0.551976,0.595411,0.587782,0.197015,0.175865,0.702167,-0.097801
R00695444,0,2,11,0,0,0,35,0,9,1994.0,6.0,4,1,83.0,67.0,0.778745,4.301205,0.0,83.0,0,317.0,219.0,0.686872,3.84858,210.0,0,10.0,0.680944,0.860582,0.983671,0.85,0.000498,0.551976,0.595411,0.587782,0.197015,0.105142,0.702167,-0.097801
R00695445,0,2,11,0,0,0,35,0,9,1993.0,7.0,2,1,83.0,67.0,0.778745,4.301205,0.0,83.0,0,188.0,148.0,0.774904,4.095745,210.0,0,10.0,0.680944,0.860582,0.838808,0.85,0.000498,0.551976,0.595411,0.587782,0.197015,0.193174,0.702167,-0.097801
R00695446,0,2,11,0,0,0,35,0,9,1939.0,61.0,3,1,83.0,67.0,0.778745,4.301205,0.0,83.0,0,841.0,598.0,0.709239,4.003567,210.0,0,10.0,0.680944,0.860582,1.066733,0.85,0.000498,0.551976,0.595411,0.587782,0.197015,0.127509,0.702167,-0.097801
R00695447,0,2,11,0,0,0,35,0,9,1940.0,60.0,2,1,83.0,67.0,0.778745,4.301205,0.0,83.0,0,254.0,205.0,0.79692,4.177165,209.0,0,0.0,0.58173,0.860582,0.815759,0.85,0.000498,0.551976,0.595411,0.587782,0.197015,0.21519,0.702167,-0.197015
R00695448,0,2,11,0,0,0,35,0,9,1986.0,14.0,2,1,83.0,67.0,0.778745,4.301205,0.0,83.0,0,403.0,298.0,0.734893,4.014888,209.0,0,10.0,0.680944,0.860582,0.973483,0.85,0.000498,0.551976,0.595411,0.587782,0.197015,0.153164,0.702167,-0.097801
R00695449,0,2,11,0,0,0,35,0,9,1998.0,2.0,2,1,83.0,67.0,0.778745,4.301205,0.0,83.0,0,1742.0,1375.0,0.787902,4.122273,210.0,0,15.0,0.702991,0.860582,0.950846,0.85,0.000498,0.551976,0.595411,0.587782,0.197015,0.206173,0.702167,-0.075754
R00695450,0,2,11,0,0,0,35,0,9,1998.0,2.0,1,0,83.0,67.0,0.778745,4.301205,0.0,83.0,0,20.0,15.0,0.686899,3.95,209.0,0,0.0,0.58173,0.860582,1.023474,0.85,0.000498,0.551976,0.595411,0.587782,0.197015,0.105169,0.702167,-0.197015
R00695451,0,2,11,0,0,1,18,4,0,1997.0,3.0,3,1,504.0,249.0,0.496087,3.253968,2.0,252.0,0,391.0,146.0,0.379605,3.048593,209.0,0,189.0,0.567068,1.322495,1.112676,0.1,0.000324,0.575766,0.564425,0.603908,-0.085643,-0.202125,-0.34507,0.070982
R00695452,0,2,11,0,0,1,18,19,9,1979.0,21.0,2,1,52.0,41.0,0.749699,4.134615,0.0,52.0,0,262.0,107.0,0.415988,3.183206,209.0,0,11.0,0.781772,0.832717,1.174159,0.9,0.000185,0.535934,0.564425,0.587782,0.16797,-0.165742,0.535577,0.032073
R00695453,0,2,11,0,0,1,18,4,9,1996.0,4.0,2,1,850.0,438.0,0.516219,3.503529,1.0,850.0,0,75.0,15.0,0.252652,2.693333,201.0,0,198.0,0.557051,1.056347,0.951817,0.35,0.000509,0.575766,0.564425,0.587782,-0.065511,-0.329077,-0.095509,0.040832
R00695454,0,2,11,0,0,1,18,4,9,1986.0,14.0,3,1,850.0,438.0,0.516219,3.503529,1.0,850.0,0,318.0,54.0,0.18479,2.638365,209.0,0,198.0,0.557051,1.056347,0.983211,0.35,0.000509,0.575766,0.564425,0.587782,-0.065511,-0.39694,-0.095509,0.040832
R00695455,0,2,11,0,0,1,25,12,9,1993.0,7.0,2,1,122.0,29.0,0.268513,2.704918,0.0,122.0,0,218.0,115.0,0.530351,3.495413,208.0,0,60.0,0.305288,1.150114,0.924924,0.25,0.00059,0.609999,0.566582,0.587782,-0.313217,-0.051379,-0.89412,0.036775
R00695456,0,2,11,0,0,1,25,12,9,1990.0,10.0,3,1,122.0,29.0,0.268513,2.704918,0.0,122.0,0,264.0,80.0,0.315148,2.871212,209.0,0,60.0,0.305288,1.150114,1.096864,0.25,0.00059,0.609999,0.566582,0.587782,-0.313217,-0.266582,-0.89412,0.036775
R00695457,0,2,11,0,0,1,25,12,9,1998.0,2.0,2,1,122.0,29.0,0.268513,2.704918,0.0,122.0,0,133.0,56.0,0.43435,2.984962,206.0,0,60.0,0.305288,1.150114,1.226186,0.25,0.00059,0.609999,0.566582,0.587782,-0.313217,-0.14738,-0.89412,0.036775
R00695458,0,2,11,0,0,1,35,15,2,1995.0,5.0,2,1,116.0,50.0,0.445162,3.396552,1.0,116.0,0,717.0,444.0,0.618629,3.661088,209.0,0,9.0,0.570512,0.818739,1.085369,0.3,0.005903,0.615716,0.595411,0.582548,-0.136568,0.0369,-0.202486,0.12535
R00695459,0,2,11,0,0,1,35,15,2,1992.0,8.0,2,1,116.0,50.0,0.445162,3.396552,1.0,116.0,0,547.0,390.0,0.710162,3.954296,210.0,0,9.0,0.570512,0.818739,0.984206,0.3,0.005903,0.615716,0.595411,0.582548,-0.136568,0.128433,-0.202486,0.12535
R00695460,0,2,11,0,0,1,35,15,2,1996.0,4.0,4,1,116.0,50.0,0.445162,3.396552,1.0,116.0,0,404.0,277.0,0.682646,3.792079,210.0,0,0.0,0.58173,0.818739,0.955099,0.3,0.005903,0.615716,0.595411,0.582548,-0.136568,0.100916,-0.202486,0.136568
R00695461,0,2,11,0,0,1,35,15,2,1990.0,10.0,3,1,116.0,50.0,0.445162,3.396552,1.0,116.0,0,263.0,179.0,0.676294,3.874525,207.0,0,5.0,0.52828,0.818739,0.932838,0.3,0.005903,0.615716,0.595411,0.582548,-0.136568,0.094564,-0.202486,0.083118
R00695462,0,2,11,0,0,1,35,15,2,1996.0,4.0,2,1,116.0,50.0,0.445162,3.396552,1.0,116.0,0,919.0,599.0,0.650892,3.760609,209.0,0,9.0,0.570512,0.818739,0.895724,0.3,0.005903,0.615716,0.595411,0.582548,-0.136568,0.069163,-0.202486,0.12535
R00695463,0,2,11,0,0,1,35,17,9,1995.0,5.0,1,0,171.0,51.0,0.316835,2.77193,1.0,171.0,0,62.0,9.0,0.215956,2.241935,203.0,0,113.0,0.279846,1.266078,1.087843,0.05,0.000382,0.583566,0.595411,0.587782,-0.264895,-0.365774,-0.827108,-0.036989
R00695464,0,2,11,0,0,1,35,17,9,1981.0,19.0,2,1,171.0,51.0,0.316835,2.77193,1.0,171.0,0,15.0,1.0,0.295584,1.733333,190.0,0,20.0,0.405649,1.266078,0.928559,0.05,0.000382,0.583566,0.595411,0.587782,-0.264895,-0.286146,-0.827108,0.088814
R00695465,0,2,11,0,0,1,35,17,9,1992.0,8.0,1,0,171.0,51.0,0.316835,2.77193,1.0,171.0,0,67.0,9.0,0.202288,1.970149,198.0,0,113.0,0.279846,1.266078,1.209047,0.05,0.000382,0.583566,0.595411,0.587782,-0.264895,-0.379442,-0.827108,-0.036989
R00695466,0,2,11,0,0,1,35,17,9,1993.0,7.0,1,0,171.0,51.0,0.316835,2.77193,1.0,171.0,0,37.0,3.0,0.203689,1.783784,198.0,0,113.0,0.279846,1.266078,0.99009,0.05,0.000382,0.583566,0.595411,0.587782,-0.264895,-0.378041,-0.827108,-0.036989
R00695467,0,2,11,0,0,1,35,17,9,1999.0,1.0,1,0,171.0,51.0,0.316835,2.77193,1.0,171.0,0,64.0,8.0,0.197115,2.28125,195.0,0,113.0,0.279846,1.266078,1.096425,0.05,0.000382,0.583566,0.595411,0.587782,-0.264895,-0.384615,-0.827108,-0.036989
R00695468,0,2,11,0,0,1,35,17,9,1994.0,6.0,3,1,171.0,51.0,0.316835,2.77193,1.0,171.0,0,40.0,4.0,0.211168,1.725,174.0,0,113.0,0.279846,1.266078,1.117754,0.05,0.000382,0.583566,0.595411,0.587782,-0.264895,-0.370561,-0.827108,-0.036989
R00695469,0,2,11,0,0,1,35,17,9,1986.0,14.0,2,1,171.0,51.0,0.316835,2.77193,1.0,171.0,0,42.0,5.0,0.221866,2.333333,175.0,0,17.0,0.516578,1.266078,1.015749,0.05,0.000382,0.583566,0.595411,0.587782,-0.264895,-0.359864,-0.827108,0.199743
R00695470,0,2,11,0,0,1,18,19,9,1980.0,20.0,1,0,53.0,42.0,0.75355,4.150943,0.0,53.0,0,162.0,65.0,0.413683,3.253086,209.0,0,12.0,0.790865,0.833185,0.976968,0.9,0.000394,0.535934,0.564425,0.587782,0.17182,-0.168047,0.551905,0.037315
R00695471,0,2,11,0,0,0,35,1,9,1951.0,49.0,4,1,25.0,11.0,0.485966,3.08,0.0,25.0,0,773.0,658.0,0.847109,4.263907,209.0,0,5.0,0.52828,1.494523,0.820314,0.35,0.000625,0.578805,0.595411,0.587782,-0.095763,0.265379,-0.519038,0.042313
R00695472,0,2,11,0,0,0,35,1,9,1986.0,14.0,1,0,25.0,11.0,0.485966,3.08,0.0,25.0,0,119.0,54.0,0.465502,3.378151,207.0,0,3.0,0.53205,1.494523,0.995719,0.35,0.000625,0.578805,0.595411,0.587782,-0.095763,-0.116228,-0.519038,0.046084
R00695473,0,2,11,0,0,0,35,0,9,1964.0,36.0,2,1,91.0,74.0,0.786221,4.296703,0.0,91.0,0,422.0,334.0,0.78567,4.137441,210.0,0,0.0,0.58173,0.845083,0.887016,0.95,0.000394,0.551976,0.595411,0.587782,0.204491,0.20394,0.697665,-0.204491
R00695474,0,2,11,0,0,0,35,0,9,1953.0,47.0,2,1,91.0,74.0,0.786221,4.296703,0.0,91.0,0,273.0,228.0,0.824494,4.249084,210.0,0,16.0,0.713598,0.845083,0.818876,0.95,0.000394,0.551976,0.595411,0.587782,0.204491,0.242764,0.697665,-0.072622
R00695475,0,2,11,0,0,0,35,0,9,1937.0,63.0,3,1,91.0,74.0,0.786221,4.296703,0.0,91.0,0,129.0,109.0,0.822559,4.178295,210.0,0,16.0,0.713598,0.845083,0.910317,0.95,0.000394,0.551976,0.595411,0.587782,0.204491,0.240829,0.697665,-0.072622
R00695476,0,2,11,0,0,0,35,0,9,1981.0,19.0,5,1,91.0,74.0,0.786221,4.296703,0.0,91.0,0,204.0,156.0,0.754541,4.078431,209.0,0,7.0,0.683198,0.845083,0.87095,0.95,0.000394,0.551976,0.595411,0.587782,0.204491,0.172811,0.697665,-0.103023
R00695477,0,2,11,0,0,0,35,0,9,1988.0,12.0,2,1,91.0,74.0,0.786221,4.296703,0.0,91.0,0,576.0,423.0,0.73126,3.954861,209.0,0,15.0,0.740028,0.845083,0.932465,0.95,0.000394,0.551976,0.595411,0.587782,0.204491,0.14953,0.697665,-0.046193
R00695478,0,2,11,0,0,0,35,0,9,1965.0,35.0,3,1,91.0,74.0,0.786221,4.296703,0.0,91.0,0,403.0,295.0,0.727664,4.049628,210.0,0,15.0,0.740028,0.845083,0.972331,0.95,0.000394,0.551976,0.595411,0.587782,0.204491,0.145935,0.697665,-0.046193
R00695479,0,2,11,0,0,0,35,0,9,1980.0,20.0,3,1,91.0,74.0,0.786221,4.296703,0.0,91.0,0,214.0,146.0,0.676906,3.850467,209.0,0,11.0,0.694816,0.845083,0.904854,0.95,0.000394,0.551976,0.595411,0.587782,0.204491,0.095176,0.697665,-0.091405
R00695480,0,2,11,0,0,0,35,0,9,1987.0,13.0,3,1,91.0,74.0,0.786221,4.296703,0.0,91.0,0,564.0,354.0,0.626703,3.739362,209.0,0,16.0,0.713598,0.845083,0.857473,0.95,0.000394,0.551976,0.595411,0.587782,0.204491,0.044973,0.697665,-0.072622
R00695481,0,2,11,0,0,0,35,0,9,1998.0,2.0,3,1,91.0,74.0,0.786221,4.296703,0.0,91.0,0,711.0,598.0,0.836765,4.236287,210.0,0,7.0,0.683198,0.845083,0.865257,0.95,0.000394,0.551976,0.595411,0.587782,0.204491,0.255035,0.697665,-0.103023
R00695482,0,2,11,0,0,1,18,4,0,1936.0,64.0,1,0,505.0,249.0,0.495127,3.251485,2.0,252.5,0,13.0,9.0,0.63923,3.692308,209.0,0,73.0,0.411538,1.32236,0.721602,0.15,0.00066,0.575766,0.564425,0.603908,-0.086603,0.057501,-0.347553,-0.083589
R00695483,0,2,11,0,0,1,25,12,9,1996.0,4.0,5,1,125.0,30.0,0.269933,2.72,0.0,125.0,0,673.0,287.0,0.429169,3.15156,209.0,0,63.0,0.30641,1.142629,1.208281,0.25,0.000289,0.609999,0.566582,0.587782,-0.311797,-0.152561,-0.879038,0.036478
R00695484,0,2,11,0,0,1,25,12,9,1990.0,10.0,2,1,125.0,30.0,0.269933,2.72,0.0,125.0,0,297.0,77.0,0.271782,2.824916,209.0,0,63.0,0.30641,1.142629,1.013205,0.25,0.000289,0.609999,0.566582,0.587782,-0.311797,-0.309947,-0.879038,0.036478
R00695485,0,2,11,0,0,1,25,12,9,1992.0,8.0,4,1,125.0,30.0,0.269933,2.72,0.0,125.0,0,731.0,201.0,0.27992,2.946648,209.0,0,63.0,0.30641,1.142629,0.959451,0.25,0.000289,0.609999,0.566582,0.587782,-0.311797,-0.30181,-0.879038,0.036478
R00695486,0,2,11,0,0,1,25,12,9,1997.0,3.0,3,1,125.0,30.0,0.269933,2.72,0.0,125.0,0,392.0,165.0,0.425695,3.186224,209.0,0,63.0,0.30641,1.142629,1.137718,0.25,0.000289,0.609999,0.566582,0.587782,-0.311797,-0.156035,-0.879038,0.036478
R00695487,0,2,11,0,0,0,25,12,4,1983.0,17.0,1,0,396.0,330.0,0.825933,4.179293,1.0,396.0,0,172.0,107.0,0.619461,3.72093,209.0,0,86.0,0.867151,1.032637,0.830399,0.65,0.004248,0.609999,0.566582,0.567586,0.244203,0.037731,0.580255,0.041217
R00695488,0,2,11,0,0,1,35,17,9,1999.0,1.0,2,1,178.0,51.0,0.305162,2.707865,1.0,178.0,0,138.0,22.0,0.193205,2.355072,209.0,0,118.0,0.269083,1.282573,1.14715,0.05,0.000312,0.583566,0.595411,0.587782,-0.276568,-0.388525,-0.891173,-0.036079
R00695489,0,2,11,0,0,1,35,17,9,1992.0,8.0,1,0,178.0,51.0,0.305162,2.707865,1.0,178.0,0,77.0,13.0,0.224503,2.246753,190.0,0,118.0,0.269083,1.282573,1.229041,0.05,0.000312,0.583566,0.595411,0.587782,-0.276568,-0.357227,-0.891173,-0.036079
R00695490,0,2,11,0,0,1,35,17,9,1993.0,7.0,3,1,178.0,51.0,0.305162,2.707865,1.0,178.0,0,41.0,5.0,0.226052,2.02439,174.0,0,118.0,0.269083,1.282573,1.199345,0.05,0.000312,0.583566,0.595411,0.587782,-0.276568,-0.355678,-0.891173,-0.036079
R00695491,0,2,11,0,0,1,35,17,9,1998.0,2.0,3,1,178.0,51.0,0.305162,2.707865,1.0,178.0,0,18.0,2.0,0.299359,1.833333,169.0,0,118.0,0.269083,1.282573,1.213352,0.05,0.000312,0.583566,0.595411,0.587782,-0.276568,-0.282371,-0.891173,-0.036079
R00695492,0,2,11,0,0,1,1,10,4,1995.0,5.0,1,0,49.0,15.0,0.36034,2.938776,0.0,49.0,0,276.0,154.0,0.558961,3.51087,209.0,0,7.0,0.577935,0.977464,1.177949,0.4,0.000752,0.56441,0.574904,0.567586,-0.221389,-0.022769,-0.660263,0.217594
R00695493,0,2,11,0,0,1,1,10,4,1973.0,27.0,2,1,49.0,15.0,0.36034,2.938776,0.0,49.0,0,761.0,659.0,0.861553,4.312746,209.0,0,7.0,0.577935,0.977464,0.768607,0.4,0.000752,0.56441,0.574904,0.567586,-0.221389,0.279824,-0.660263,0.217594
R00695494,0,2,11,0,0,1,25,12,9,1995.0,5.0,4,1,129.0,30.0,0.262275,2.705426,0.0,129.0,0,235.0,84.0,0.368343,2.93617,209.0,0,67.0,0.290896,1.137133,1.177886,0.2,0.000278,0.609999,0.566582,0.587782,-0.319455,-0.213387,-0.893612,0.028621
R00695495,0,2,11,0,0,1,25,12,9,1992.0,8.0,4,1,129.0,30.0,0.262275,2.705426,0.0,129.0,0,673.0,243.0,0.364935,3.074294,209.0,0,67.0,0.290896,1.137133,1.09997,0.2,0.000278,0.609999,0.566582,0.587782,-0.319455,-0.216794,-0.893612,0.028621
R00695496,0,2,11,0,0,0,35,0,9,1994.0,6.0,2,1,100.0,83.0,0.8034,4.3,0.0,100.0,0,65.0,38.0,0.584166,3.646154,209.0,0,17.0,0.757957,0.818535,0.884582,0.95,0.00037,0.551976,0.595411,0.587782,0.22167,0.002436,0.700962,-0.045442
R00695497,0,2,11,0,0,0,35,0,9,1961.0,39.0,2,1,100.0,83.0,0.8034,4.3,0.0,100.0,0,473.0,330.0,0.694806,3.906977,209.0,0,17.0,0.757957,0.818535,0.948914,0.95,0.00037,0.551976,0.595411,0.587782,0.22167,0.113076,0.700962,-0.045442
R00695498,0,2,11,0,0,0,35,0,9,1961.0,39.0,2,1,100.0,83.0,0.8034,4.3,0.0,100.0,0,495.0,374.0,0.751441,4.105051,210.0,0,1.0,0.613904,0.818535,0.941241,0.95,0.00037,0.551976,0.595411,0.587782,0.22167,0.169712,0.700962,-0.189495
R00695499,0,2,11,0,0,0,35,0,9,1989.0,11.0,3,1,100.0,83.0,0.8034,4.3,0.0,100.0,0,608.0,461.0,0.754808,4.013158,209.0,0,19.0,0.741315,0.818535,0.850595,0.95,0.00037,0.551976,0.595411,0.587782,0.22167,0.173078,0.700962,-0.062085
R00695500,0,2,11,0,0,0,35,0,9,1951.0,49.0,2,1,100.0,83.0,0.8034,4.3,0.0,100.0,0,86.0,64.0,0.724293,3.988372,207.0,0,17.0,0.757957,0.818535,0.799625,0.95,0.00037,0.551976,0.595411,0.587782,0.22167,0.142564,0.700962,-0.045442
R00695501,0,2,11,0,0,1,18,4,9,1996.0,4.0,3,1,852.0,439.0,0.516181,3.502347,1.0,852.0,0,39.0,7.0,0.274132,2.615385,206.0,0,200.0,0.556513,1.0565,0.950449,0.4,0.000706,0.575766,0.564425,0.587782,-0.065548,-0.307597,-0.096691,0.040332
R00695502,0,2,11,0,0,1,18,4,9,1989.0,11.0,1,0,852.0,439.0,0.516181,3.502347,1.0,852.0,0,4.0,0.0,0.436297,1.25,123.0,0,62.0,0.540281,1.0565,0.433013,0.4,0.000706,0.575766,0.564425,0.587782,-0.065548,-0.145432,-0.096691,0.024099
R00695503,0,2,11,0,0,1,18,4,9,1984.0,16.0,3,1,852.0,439.0,0.516181,3.502347,1.0,852.0,0,113.0,9.0,0.127846,2.070796,100.0,0,200.0,0.556513,1.0565,0.975059,0.4,0.000706,0.575766,0.564425,0.587782,-0.065548,-0.453884,-0.096691,0.040332
R00695504,0,2,11,0,0,1,35,17,9,1998.0,2.0,2,1,182.0,51.0,0.29887,2.681319,1.0,182.0,0,129.0,15.0,0.155892,2.031008,209.0,0,122.0,0.26105,1.287122,1.003389,0.05,0.000336,0.583566,0.595411,0.587782,-0.28286,-0.425838,-0.917719,-0.037819
R00695505,0,2,11,0,0,1,35,17,9,1986.0,14.0,1,0,182.0,51.0,0.29887,2.681319,1.0,182.0,0,102.0,16.0,0.201586,2.284314,209.0,0,122.0,0.26105,1.287122,1.149403,0.05,0.000336,0.583566,0.595411,0.587782,-0.28286,-0.380144,-0.917719,-0.037819
R00695506,0,2,11,0,0,1,35,17,9,1981.0,19.0,1,0,182.0,51.0,0.29887,2.681319,1.0,182.0,0,23.0,3.0,0.285164,2.086957,201.0,0,122.0,0.26105,1.287122,1.099923,0.05,0.000336,0.583566,0.595411,0.587782,-0.28286,-0.296565,-0.917719,-0.037819
R00695507,0,2,11,0,0,1,35,17,9,1986.0,14.0,2,1,182.0,51.0,0.29887,2.681319,1.0,182.0,0,67.0,6.0,0.164313,2.029851,201.0,0,122.0,0.26105,1.287122,0.99206,0.05,0.000336,0.583566,0.595411,0.587782,-0.28286,-0.417416,-0.917719,-0.037819
R00695508,0,2,11,0,0,1,18,4,0,1995.0,5.0,1,0,506.0,249.0,0.494171,3.247036,2.0,253.0,0,32.0,6.0,0.295017,2.46875,195.0,0,74.0,0.406753,1.324832,1.0602,0.15,0.000856,0.575766,0.564425,0.603908,-0.087558,-0.286713,-0.352002,-0.087418
R00695509,0,2,11,0,0,1,18,4,0,1994.0,6.0,1,0,506.0,249.0,0.494171,3.247036,2.0,253.0,0,81.0,29.0,0.38689,3.012346,207.0,0,74.0,0.406753,1.324832,0.962171,0.15,0.000856,0.575766,0.564425,0.603908,-0.087558,-0.19484,-0.352002,-0.087418
R00695510,0,2,11,0,0,1,25,12,9,1995.0,5.0,3,1,131.0,30.0,0.258607,2.687023,0.0,131.0,0,154.0,43.0,0.301089,2.902597,209.0,0,69.0,0.283713,1.139733,1.011425,0.2,0.000255,0.609999,0.566582,0.587782,-0.323123,-0.280641,-0.912015,0.025106
R00695511,0,2,11,0,0,1,25,12,9,1996.0,4.0,2,1,131.0,30.0,0.258607,2.687023,0.0,131.0,0,308.0,119.0,0.39369,3.142857,209.0,0,69.0,0.283713,1.139733,1.022021,0.2,0.000255,0.609999,0.566582,0.587782,-0.323123,-0.18804,-0.912015,0.025106
R00695512,0,2,11,0,0,1,25,12,9,1996.0,4.0,2,1,131.0,30.0,0.258607,2.687023,0.0,131.0,0,317.0,152.0,0.483224,3.359621,209.0,0,69.0,0.283713,1.139733,1.031068,0.2,0.000255,0.609999,0.566582,0.587782,-0.323123,-0.098506,-0.912015,0.025106
R00695513,0,2,11,0,0,1,25,12,9,1997.0,3.0,2,1,131.0,30.0,0.258607,2.687023,0.0,131.0,0,233.0,81.0,0.359105,3.081545,209.0,0,69.0,0.283713,1.139733,1.017973,0.2,0.000255,0.609999,0.566582,0.587782,-0.323123,-0.222625,-0.912015,0.025106
R00695514,0,2,11,0,0,1,25,12,9,1990.0,10.0,4,1,131.0,30.0,0.258607,2.687023,0.0,131.0,0,270.0,45.0,0.184329,2.607407,180.0,0,69.0,0.283713,1.139733,0.955268,0.2,0.000255,0.609999,0.566582,0.587782,-0.323123,-0.397401,-0.912015,0.025106
R00695515,0,2,11,0,0,1,1,10,4,1967.0,33.0,2,1,51.0,17.0,0.380647,3.0,0.0,51.0,0,674.0,569.0,0.839622,4.252226,210.0,0,9.0,0.618131,1.009756,0.78857,0.35,0.00037,0.56441,0.574904,0.567586,-0.201083,0.257892,-0.599038,0.237484
R00695516,0,2,11,0,0,0,35,1,9,1984.0,16.0,1,0,27.0,12.0,0.486686,3.111111,0.0,27.0,0,102.0,42.0,0.429656,3.22549,208.0,0,0.0,0.58173,1.448712,1.074726,0.4,0.000729,0.578805,0.595411,0.587782,-0.095044,-0.152074,-0.487927,0.095044
R00695517,0,2,11,0,0,0,35,1,9,1990.0,10.0,2,1,27.0,12.0,0.486686,3.111111,0.0,27.0,0,231.0,51.0,0.238604,2.766234,114.0,0,6.0,0.554487,1.448712,0.929033,0.4,0.000729,0.578805,0.595411,0.587782,-0.095044,-0.343126,-0.487927,0.0678
R00695518,0,2,11,0,0,1,35,17,9,1996.0,4.0,1,0,186.0,51.0,0.292832,2.677419,1.0,186.0,0,34.0,5.0,0.260451,1.882353,204.0,0,126.0,0.253484,1.279796,1.182338,0.05,0.00037,0.583566,0.595411,0.587782,-0.288898,-0.321279,-0.921619,-0.039348
R00695519,0,2,11,0,0,1,35,17,9,1983.0,17.0,2,1,186.0,51.0,0.292832,2.677419,1.0,186.0,0,145.0,6.0,0.08268,1.834483,209.0,0,21.0,0.393356,1.279796,0.996641,0.05,0.00037,0.583566,0.595411,0.587782,-0.288898,-0.49905,-0.921619,0.100524
R00695520,0,2,11,0,0,1,35,17,9,1986.0,14.0,1,0,186.0,51.0,0.292832,2.677419,1.0,186.0,0,69.0,9.0,0.197293,2.130435,209.0,0,126.0,0.253484,1.279796,1.166104,0.05,0.00037,0.583566,0.595411,0.587782,-0.288898,-0.384436,-0.921619,-0.039348
R00695521,0,2,11,0,0,1,35,17,9,1988.0,12.0,1,0,186.0,51.0,0.292832,2.677419,1.0,186.0,0,64.0,12.0,0.249747,2.109375,209.0,0,126.0,0.253484,1.279796,1.226239,0.05,0.00037,0.583566,0.595411,0.587782,-0.288898,-0.331983,-0.921619,-0.039348
R00695522,0,2,11,0,0,1,35,17,9,1989.0,11.0,1,0,186.0,51.0,0.292832,2.677419,1.0,186.0,0,68.0,7.0,0.174759,1.779412,209.0,0,126.0,0.253484,1.279796,1.096057,0.05,0.00037,0.583566,0.595411,0.587782,-0.288898,-0.40697,-0.921619,-0.039348
R00695523,0,2,11,0,0,1,35,17,9,1977.0,23.0,1,0,186.0,51.0,0.292832,2.677419,1.0,186.0,0,79.0,7.0,0.153635,1.873418,201.0,0,126.0,0.253484,1.279796,0.998316,0.05,0.00037,0.583566,0.595411,0.587782,-0.288898,-0.428095,-0.921619,-0.039348
R00695524,0,2,11,0,0,1,35,17,9,1986.0,14.0,1,0,186.0,51.0,0.292832,2.677419,1.0,186.0,0,87.0,16.0,0.232129,2.344828,209.0,0,126.0,0.253484,1.279796,1.257873,0.05,0.00037,0.583566,0.595411,0.587782,-0.288898,-0.349601,-0.921619,-0.039348
R00695525,0,2,11,0,0,1,35,17,9,1995.0,5.0,2,1,186.0,51.0,0.292832,2.677419,1.0,186.0,0,18.0,1.0,0.266025,1.333333,209.0,0,126.0,0.253484,1.279796,0.745356,0.05,0.00037,0.583566,0.595411,0.587782,-0.288898,-0.315705,-0.921619,-0.039348
R00695526,0,2,11,0,0,1,1,10,4,1993.0,7.0,2,1,52.0,18.0,0.390324,3.019231,0.0,52.0,0,1658.0,1201.0,0.723342,3.940893,210.0,0,10.0,0.635489,1.009386,0.915688,0.4,0.000602,0.56441,0.574904,0.567586,-0.191405,0.141612,-0.579807,0.245165
R00695527,0,2,11,0,0,1,25,17,0,1960.0,40.0,2,1,523.0,315.0,0.601833,3.655832,0.0,523.0,0,929.0,758.0,0.812944,4.212056,209.0,0,29.0,0.487336,1.448973,0.890825,0.25,0.001505,0.583566,0.566582,0.603908,0.020103,0.231215,0.056794,-0.114498
R00695528,0,2,11,0,0,1,25,12,9,1995.0,5.0,4,1,136.0,30.0,0.24987,2.669118,0.0,136.0,0,532.0,111.0,0.216876,2.644737,209.0,0,74.0,0.267218,1.137949,1.044008,0.1,0.000567,0.609999,0.566582,0.587782,-0.33186,-0.364853,-0.92992,0.017348
R00695529,0,2,11,0,0,1,25,12,9,1993.0,7.0,3,1,136.0,30.0,0.24987,2.669118,0.0,136.0,0,391.0,106.0,0.280349,2.795396,209.0,0,74.0,0.267218,1.137949,1.091272,0.1,0.000567,0.609999,0.566582,0.587782,-0.33186,-0.30138,-0.92992,0.017348
R00695530,0,2,11,0,0,1,25,12,9,1992.0,8.0,3,1,136.0,30.0,0.24987,2.669118,0.0,136.0,0,452.0,103.0,0.237027,2.676991,209.0,0,74.0,0.267218,1.137949,1.067253,0.1,0.000567,0.609999,0.566582,0.587782,-0.33186,-0.344702,-0.92992,0.017348
R00695531,0,2,11,0,0,1,18,4,9,1996.0,4.0,1,0,855.0,439.0,0.514395,3.495906,1.0,855.0,0,81.0,19.0,0.279363,2.740741,209.0,0,63.0,0.533077,1.060583,1.027736,0.45,0.000764,0.575766,0.564425,0.587782,-0.067334,-0.302367,-0.103132,0.018681
R00695532,0,2,11,0,0,1,18,4,9,1997.0,3.0,2,1,855.0,439.0,0.514395,3.495906,1.0,855.0,0,72.0,10.0,0.202152,2.236111,209.0,0,202.0,0.551312,1.060583,1.086445,0.45,0.000764,0.575766,0.564425,0.587782,-0.067334,-0.379578,-0.103132,0.036917
R00695533,0,2,11,0,0,1,18,4,9,1989.0,11.0,3,1,855.0,439.0,0.514395,3.495906,1.0,855.0,0,187.0,17.0,0.120506,2.165775,207.0,0,202.0,0.551312,1.060583,0.980726,0.45,0.000764,0.575766,0.564425,0.587782,-0.067334,-0.461223,-0.103132,0.036917
R00695534,0,2,11,0,0,1,35,17,9,1983.0,17.0,1,0,194.0,51.0,0.28146,2.623711,1.0,194.0,0,33.0,1.0,0.17735,1.333333,190.0,0,133.0,0.241247,1.287391,0.724743,0.0,0.000382,0.583566,0.595411,0.587782,-0.30027,-0.40438,-0.975327,-0.040213
R00695535,0,2,11,0,0,1,35,17,9,1990.0,10.0,1,0,194.0,51.0,0.28146,2.623711,1.0,194.0,0,17.0,1.0,0.275199,1.588235,191.0,0,133.0,0.241247,1.287391,0.973703,0.0,0.000382,0.583566,0.595411,0.587782,-0.30027,-0.306531,-0.975327,-0.040213
R00695536,0,2,11,0,0,1,35,17,9,1985.0,15.0,1,0,194.0,51.0,0.28146,2.623711,1.0,194.0,0,72.0,12.0,0.225961,2.166667,209.0,0,133.0,0.241247,1.287391,1.258306,0.0,0.000382,0.583566,0.595411,0.587782,-0.30027,-0.355768,-0.975327,-0.040213
R00695537,0,2,11,0,0,1,35,17,9,1998.0,2.0,3,1,194.0,51.0,0.28146,2.623711,1.0,194.0,0,202.0,33.0,0.186826,2.242574,209.0,0,133.0,0.241247,1.287391,1.17126,0.0,0.000382,0.583566,0.595411,0.587782,-0.30027,-0.394904,-0.975327,-0.040213
R00695538,0,2,11,0,0,1,35,17,9,1986.0,14.0,3,1,194.0,51.0,0.28146,2.623711,1.0,194.0,0,41.0,1.0,0.15058,1.609756,203.0,0,22.0,0.381787,1.287391,0.880079,0.0,0.000382,0.583566,0.595411,0.587782,-0.30027,-0.431149,-0.975327,0.100327
R00695539,0,2,11,0,0,1,35,17,9,1959.0,41.0,2,1,194.0,51.0,0.28146,2.623711,1.0,194.0,0,15.0,2.0,0.332621,2.266667,58.0,0,133.0,0.241247,1.287391,0.997775,0.0,0.000382,0.583566,0.595411,0.587782,-0.30027,-0.249109,-0.975327,-0.040213
R00695540,0,2,11,0,0,1,25,17,0,1948.0,52.0,1,0,524.0,316.0,0.602576,3.658397,0.0,524.0,0,324.0,274.0,0.836252,4.274691,209.0,0,40.0,0.422707,1.448777,0.821307,0.25,0.001667,0.583566,0.566582,0.603908,0.020846,0.254522,0.059359,-0.179869
R00695541,0,2,11,0,0,1,35,15,2,1994.0,6.0,3,1,121.0,53.0,0.450983,3.404959,1.0,121.0,0,1619.0,1230.0,0.758419,4.094503,210.0,0,90.0,0.440988,0.80882,0.995525,0.3,0.001505,0.615716,0.595411,0.582548,-0.130747,0.176689,-0.194079,-0.009995
R00695542,0,2,11,0,0,1,35,15,2,1992.0,8.0,3,1,121.0,53.0,0.450983,3.404959,1.0,121.0,0,888.0,556.0,0.625534,3.718468,210.0,0,12.0,0.582532,0.80882,0.993003,0.3,0.001505,0.615716,0.595411,0.582548,-0.130747,0.043804,-0.194079,0.131548
R00695543,0,2,11,0,0,1,35,15,2,1996.0,4.0,2,1,121.0,53.0,0.450983,3.404959,1.0,121.0,0,378.0,261.0,0.68713,3.820106,209.0,0,12.0,0.582532,0.80882,0.931187,0.3,0.001505,0.615716,0.595411,0.582548,-0.130747,0.1054,-0.194079,0.131548
R00695544,0,2,11,0,0,0,35,1,9,1994.0,6.0,1,0,29.0,13.0,0.487336,3.103448,0.0,29.0,0,57.0,12.0,0.275083,2.666667,203.0,0,8.0,0.449038,1.422597,0.979318,0.4,0.000637,0.578805,0.595411,0.587782,-0.094394,-0.306646,-0.49559,-0.038298
R00695545,0,2,11,0,0,0,35,1,9,1997.0,3.0,2,1,29.0,13.0,0.487336,3.103448,0.0,29.0,0,756.0,454.0,0.600235,3.62963,209.0,0,7.0,0.525303,1.422597,0.935977,0.4,0.000637,0.578805,0.595411,0.587782,-0.094394,0.018506,-0.49559,0.037967
R00695546,0,2,11,0,0,0,35,1,9,1980.0,20.0,1,0,29.0,13.0,0.487336,3.103448,0.0,29.0,0,1186.0,867.0,0.729533,3.962057,210.0,0,8.0,0.449038,1.422597,0.992082,0.4,0.000637,0.578805,0.595411,0.587782,-0.094394,0.147803,-0.49559,-0.038298
R00695547,0,2,11,0,0,0,35,1,9,1982.0,18.0,1,0,29.0,13.0,0.487336,3.103448,0.0,29.0,0,361.0,114.0,0.324345,2.950139,208.0,0,8.0,0.449038,1.422597,1.061936,0.4,0.000637,0.578805,0.595411,0.587782,-0.094394,-0.257385,-0.49559,-0.038298
R00695548,0,2,11,0,0,1,25,17,0,1986.0,14.0,1,0,525.0,317.0,0.603316,3.660952,0.0,525.0,0,159.0,110.0,0.684098,3.874214,209.0,0,81.0,0.773987,1.448579,0.936621,0.3,0.000301,0.583566,0.566582,0.603908,0.021586,0.102368,0.061914,0.170671
R00695549,0,2,11,0,0,1,25,12,9,1997.0,3.0,2,1,139.0,30.0,0.244906,2.647482,0.0,139.0,0,79.0,21.0,0.307481,2.797468,207.0,0,77.0,0.258211,1.1371,1.071846,0.05,0.000231,0.609999,0.566582,0.587782,-0.336824,-0.274249,-0.951556,0.013305
R00695550,0,2,11,0,0,1,25,12,9,1990.0,10.0,3,1,139.0,30.0,0.244906,2.647482,0.0,139.0,0,355.0,74.0,0.220656,2.594366,209.0,0,77.0,0.258211,1.1371,1.117831,0.05,0.000231,0.609999,0.566582,0.587782,-0.336824,-0.361074,-0.951556,0.013305
R00695551,0,2,11,0,0,1,25,17,0,1968.0,32.0,2,1,526.0,317.0,0.602195,3.659696,0.0,526.0,0,465.0,373.0,0.796605,4.174194,210.0,0,87.0,0.626068,1.447487,0.863713,0.3,0.000278,0.583566,0.566582,0.603908,0.020465,0.214876,0.060658,0.023874
R00695552,0,2,11,0,0,1,1,10,4,1987.0,13.0,4,1,53.0,19.0,0.399704,3.056604,0.0,53.0,0,1737.0,1444.0,0.829606,4.309729,210.0,0,21.0,0.423659,1.035504,0.856203,0.45,0.000845,0.56441,0.574904,0.567586,-0.182026,0.247876,-0.542434,0.023955
R00695553,0,2,11,0,0,1,25,12,9,1995.0,5.0,3,1,141.0,30.0,0.241704,2.638298,0.0,141.0,0,88.0,21.0,0.279808,2.579545,209.0,0,79.0,0.252536,1.1316,1.184383,0.05,0.00022,0.609999,0.566582,0.587782,-0.340025,-0.301922,-0.96074,0.010831
R00695554,0,2,11,0,0,1,25,12,9,1990.0,10.0,3,1,141.0,30.0,0.241704,2.638298,0.0,141.0,0,337.0,38.0,0.128885,2.430267,209.0,0,79.0,0.252536,1.1316,0.969278,0.05,0.00022,0.609999,0.566582,0.587782,-0.340025,-0.452845,-0.96074,0.010831
R00695555,0,2,11,0,0,1,35,17,9,1983.0,17.0,1,0,200.0,52.0,0.278211,2.605,1.0,200.0,0,72.0,10.0,0.202152,2.041667,208.0,0,138.0,0.239872,1.295753,1.252082,0.05,0.000417,0.583566,0.595411,0.587782,-0.303519,-0.379578,-0.994038,-0.038339
R00695556,0,2,11,0,0,1,35,17,9,1988.0,12.0,2,1,200.0,52.0,0.278211,2.605,1.0,200.0,0,80.0,8.0,0.162834,1.8375,209.0,0,138.0,0.239872,1.295753,1.042158,0.05,0.000417,0.583566,0.595411,0.587782,-0.303519,-0.418895,-0.994038,-0.038339
R00695557,0,2,11,0,0,1,35,17,9,1994.0,6.0,1,0,200.0,52.0,0.278211,2.605,1.0,200.0,0,29.0,3.0,0.243433,1.896552,202.0,0,138.0,0.239872,1.295753,1.124794,0.05,0.000417,0.583566,0.595411,0.587782,-0.303519,-0.338297,-0.994038,-0.038339
R00695558,0,2,11,0,0,1,35,17,9,1996.0,4.0,2,1,200.0,52.0,0.278211,2.605,1.0,200.0,0,13.0,0.0,0.27923,1.076923,209.0,0,138.0,0.239872,1.295753,0.266469,0.05,0.000417,0.583566,0.595411,0.587782,-0.303519,-0.302499,-0.994038,-0.038339
R00695559,0,2,11,0,0,0,25,12,4,1996.0,4.0,3,1,397.0,331.0,0.826359,4.178841,1.0,397.0,0,969.0,616.0,0.635047,3.754386,209.0,0,95.0,0.766175,1.031375,0.958124,0.65,0.002454,0.609999,0.566582,0.567586,0.244629,0.053317,0.579803,-0.060184
R00695560,0,2,11,0,0,1,1,10,4,1993.0,7.0,2,1,54.0,20.0,0.408799,3.074074,0.0,54.0,0,657.0,434.0,0.659164,3.817352,209.0,0,11.0,0.651337,1.033725,0.816573,0.5,0.000787,0.56441,0.574904,0.567586,-0.17293,0.077434,-0.524964,0.242538
R00695561,0,2,11,0,0,1,25,17,0,1987.0,13.0,1,0,527.0,318.0,0.602933,3.662239,0.0,527.0,0,1046.0,776.0,0.740057,4.028681,209.0,0,88.0,0.629808,1.447289,0.97244,0.3,0.000359,0.583566,0.566582,0.603908,0.021203,0.158328,0.063201,0.026875
R00695562,0,2,11,0,0,1,25,17,0,1983.0,17.0,2,1,527.0,318.0,0.602933,3.662239,0.0,527.0,0,989.0,813.0,0.819162,4.256825,210.0,0,88.0,0.629808,1.447289,0.872433,0.3,0.000359,0.583566,0.566582,0.603908,0.021203,0.237432,0.063201,0.026875
R00695563,0,2,11,0,0,1,25,17,0,1989.0,11.0,1,0,527.0,318.0,0.602933,3.662239,0.0,527.0,0,305.0,230.0,0.747573,4.019672,209.0,0,88.0,0.629808,1.447289,0.890537,0.3,0.000359,0.583566,0.566582,0.603908,0.021203,0.165844,0.063201,0.026875
R00695564,0,2,11,0,0,1,25,12,9,1995.0,5.0,4,1,143.0,30.0,0.238586,2.615385,0.0,143.0,0,250.0,72.0,0.301453,2.664,209.0,0,81.0,0.247105,1.14001,1.292712,0.05,0.000197,0.609999,0.566582,0.587782,-0.343144,-0.280276,-0.983653,0.008519
R00695565,0,2,11,0,0,1,25,12,9,1994.0,6.0,2,1,143.0,30.0,0.238586,2.615385,0.0,143.0,0,230.0,40.0,0.194135,2.53913,209.0,0,81.0,0.247105,1.14001,1.01542,0.05,0.000197,0.609999,0.566582,0.587782,-0.343144,-0.387594,-0.983653,0.008519
R00695566,0,2,11,0,0,1,18,19,9,1995.0,5.0,2,1,54.0,43.0,0.757284,4.148148,0.0,54.0,0,1294.0,1167.0,0.898913,4.510819,210.0,0,0.0,0.58173,0.825685,0.758949,0.9,0.002095,0.535934,0.564425,0.587782,0.175554,0.317184,0.54911,-0.175554
R00695567,0,2,11,0,0,1,18,19,9,1954.0,46.0,2,1,54.0,43.0,0.757284,4.148148,0.0,54.0,0,735.0,673.0,0.910282,4.492517,210.0,0,0.0,0.58173,0.825685,0.67583,0.9,0.002095,0.535934,0.564425,0.587782,0.175554,0.328552,0.54911,-0.175554
R00695568,0,2,11,0,0,1,1,10,4,1985.0,15.0,2,1,55.0,20.0,0.402698,3.072727,0.0,55.0,0,1934.0,1411.0,0.728664,3.972596,210.0,0,12.0,0.624198,1.024332,0.872286,0.55,0.000347,0.56441,0.574904,0.567586,-0.179032,0.146935,-0.526311,0.2215
R00695569,0,2,11,0,0,1,25,17,0,1982.0,18.0,1,0,530.0,321.0,0.605131,3.667925,0.0,530.0,0,221.0,168.0,0.75099,3.963801,209.0,0,91.0,0.64059,1.445588,0.76611,0.35,0.000185,0.583566,0.566582,0.603908,0.023401,0.169261,0.068886,0.035459
R00695570,0,2,11,0,0,0,35,1,9,1992.0,8.0,4,1,33.0,17.0,0.532906,3.272727,0.0,33.0,0,972.0,656.0,0.673761,3.800412,210.0,0,1.0,0.613904,1.420045,0.951109,0.45,0.00059,0.578805,0.595411,0.587782,-0.048824,0.092031,-0.326311,0.080999
R00695571,0,2,11,0,0,0,35,1,9,1996.0,4.0,2,1,33.0,17.0,0.532906,3.272727,0.0,33.0,0,26.0,13.0,0.525809,3.615385,209.0,0,0.0,0.58173,1.420045,0.880425,0.45,0.00059,0.578805,0.595411,0.587782,-0.048824,-0.05592,-0.326311,0.048824
R00695572,0,2,11,0,0,0,35,1,9,1951.0,49.0,3,1,33.0,17.0,0.532906,3.272727,0.0,33.0,0,371.0,226.0,0.608305,3.716981,209.0,0,1.0,0.613904,1.420045,0.967509,0.45,0.00059,0.578805,0.595411,0.587782,-0.048824,0.026575,-0.326311,0.080999
R00695573,0,2,11,0,0,0,35,1,9,1996.0,4.0,3,1,33.0,17.0,0.532906,3.272727,0.0,33.0,0,132.0,42.0,0.340144,3.0,207.0,0,1.0,0.613904,1.420045,1.080123,0.45,0.00059,0.578805,0.595411,0.587782,-0.048824,-0.241586,-0.326311,0.080999
R00695574,0,2,11,0,0,0,35,1,9,1979.0,21.0,4,1,33.0,17.0,0.532906,3.272727,0.0,33.0,0,1514.0,1221.0,0.804706,4.177015,209.0,0,8.0,0.549038,1.420045,0.921833,0.45,0.00059,0.578805,0.595411,0.587782,-0.048824,0.222976,-0.326311,0.016132
R00695575,0,2,11,0,0,0,35,1,9,1996.0,4.0,2,1,33.0,17.0,0.532906,3.272727,0.0,33.0,0,54.0,13.0,0.302739,2.851852,200.0,0,0.0,0.58173,1.420045,1.025732,0.45,0.00059,0.578805,0.595411,0.587782,-0.048824,-0.278991,-0.326311,0.048824
R00695576,0,2,11,0,0,0,25,12,4,1974.0,26.0,1,0,398.0,331.0,0.824343,4.175879,1.0,398.0,0,269.0,185.0,0.683206,3.743494,210.0,0,140.0,0.8354,1.031767,0.951034,0.65,0.001921,0.609999,0.566582,0.567586,0.242614,0.101476,0.576841,0.011056
R00695577,0,2,11,0,0,1,18,19,9,1996.0,4.0,3,1,56.0,44.0,0.749717,4.142857,0.0,56.0,0,1910.0,1575.0,0.823091,4.250262,210.0,0,1.0,0.613904,0.832993,0.961123,0.95,0.000243,0.535934,0.564425,0.587782,0.167987,0.241361,0.543819,-0.135813
R00695578,0,2,11,0,0,1,18,19,9,1996.0,4.0,2,1,56.0,44.0,0.749717,4.142857,0.0,56.0,0,843.0,707.0,0.835065,4.227758,210.0,0,3.0,0.53205,0.832993,0.859163,0.95,0.000243,0.535934,0.564425,0.587782,0.167987,0.253335,0.543819,-0.217667
R00695579,0,2,11,0,0,1,25,17,0,1931.0,69.0,1,0,531.0,322.0,0.605858,3.670433,0.0,531.0,0,300.0,208.0,0.689041,3.936667,209.0,0,30.0,0.499542,1.445381,1.009615,0.35,0.00037,0.583566,0.566582,0.603908,0.024128,0.107311,0.071395,-0.106316
R00695580,0,2,11,0,0,1,18,4,0,1989.0,11.0,2,1,508.0,250.0,0.494194,3.246063,2.0,254.0,0,246.0,106.0,0.43791,3.361789,183.0,0,76.0,0.408872,1.3238,0.833254,0.15,0.001597,0.575766,0.564425,0.603908,-0.087536,-0.14382,-0.352975,-0.085322
R00695581,0,2,11,0,0,1,25,12,9,1996.0,4.0,2,1,145.0,30.0,0.235546,2.593103,0.0,145.0,0,77.0,23.0,0.336862,2.753247,209.0,0,83.0,0.241903,1.147691,1.14138,0.0,0.000312,0.609999,0.566582,0.587782,-0.346184,-0.244867,-1.005935,0.006356
R00695582,0,2,11,0,0,1,25,12,9,1997.0,3.0,4,1,145.0,30.0,0.235546,2.593103,0.0,145.0,0,334.0,81.0,0.25428,2.640719,209.0,0,83.0,0.241903,1.147691,1.130532,0.0,0.000312,0.609999,0.566582,0.587782,-0.346184,-0.32745,-1.005935,0.006356
R00695583,0,2,11,0,0,1,25,12,9,1998.0,2.0,3,1,145.0,30.0,0.235546,2.593103,0.0,145.0,0,462.0,104.0,0.234137,2.619048,209.0,0,83.0,0.241903,1.147691,1.127147,0.0,0.000312,0.609999,0.566582,0.587782,-0.346184,-0.347593,-1.005935,0.006356
R00695584,0,2,11,0,0,1,25,12,9,1990.0,10.0,2,1,145.0,30.0,0.235546,2.593103,0.0,145.0,0,232.0,51.0,0.237626,2.762931,114.0,0,83.0,0.241903,1.147691,0.928387,0.0,0.000312,0.609999,0.566582,0.587782,-0.346184,-0.344104,-1.005935,0.006356
R00695585,0,2,11,0,0,1,35,17,9,1995.0,5.0,2,1,204.0,52.0,0.273059,2.588235,1.0,204.0,0,1295.0,1168.0,0.898991,4.511197,210.0,0,2.0,0.498626,1.293672,0.758778,0.05,0.000567,0.583566,0.595411,0.587782,-0.308671,0.317261,-1.010803,0.225566
R00695586,0,2,11,0,0,1,35,17,9,1959.0,41.0,2,1,204.0,52.0,0.273059,2.588235,1.0,204.0,0,963.0,860.0,0.889211,4.3946,209.0,0,8.0,0.599038,1.293672,0.717712,0.05,0.000567,0.583566,0.595411,0.587782,-0.308671,0.307481,-1.010803,0.325979
R00695587,0,2,11,0,0,1,35,17,9,1931.0,69.0,3,1,204.0,52.0,0.273059,2.588235,1.0,204.0,0,219.0,189.0,0.848402,4.360731,209.0,0,2.0,0.498626,1.293672,0.777839,0.05,0.000567,0.583566,0.595411,0.587782,-0.308671,0.266672,-1.010803,0.225566
R00695588,0,2,11,0,0,1,35,17,9,1962.0,38.0,2,1,204.0,52.0,0.273059,2.588235,1.0,204.0,0,553.0,477.0,0.856603,4.352622,209.0,0,0.0,0.58173,1.293672,0.772772,0.05,0.000567,0.583566,0.595411,0.587782,-0.308671,0.274873,-1.010803,0.308671
R00695589,0,2,11,0,0,1,35,17,9,1943.0,57.0,2,1,204.0,52.0,0.273059,2.588235,1.0,204.0,0,157.0,135.0,0.840123,4.312102,209.0,0,0.0,0.58173,1.293672,0.812745,0.05,0.000567,0.583566,0.595411,0.587782,-0.308671,0.258393,-1.010803,0.308671
R00695590,0,2,11,0,0,1,35,1,9,1991.0,9.0,2,1,184.0,72.0,0.402963,3.217391,0.0,184.0,0,400.0,273.0,0.679565,3.845,209.0,0,35.0,0.467676,0.964884,0.831249,0.55,0.046609,0.578805,0.595411,0.587782,-0.178767,0.097835,-0.381647,0.064713
R00695591,0,2,11,0,0,1,35,15,2,1994.0,6.0,2,1,124.0,56.0,0.463094,3.427419,1.0,124.0,0,346.0,268.0,0.768103,4.141618,210.0,0,14.0,0.614645,0.814915,0.896462,0.45,0.001019,0.615716,0.595411,0.582548,-0.118636,0.186373,-0.171619,0.151551
R00695592,0,2,11,0,0,1,35,15,2,1995.0,5.0,2,1,124.0,56.0,0.463094,3.427419,1.0,124.0,0,32.0,18.0,0.567744,3.46875,195.0,0,14.0,0.614645,0.814915,0.900846,0.45,0.001019,0.615716,0.595411,0.582548,-0.118636,-0.013985,-0.171619,0.151551
R00695593,0,2,11,0,0,0,25,12,4,1973.0,27.0,2,1,399.0,332.0,0.824771,4.175439,1.0,399.0,0,244.0,155.0,0.632737,3.721311,209.0,0,14.0,0.614645,1.030511,0.981487,0.65,0.000718,0.609999,0.566582,0.567586,0.243041,0.051008,0.576401,-0.210126
R00695594,0,2,11,0,0,1,18,4,0,1995.0,5.0,1,0,509.0,250.0,0.493245,3.24558,2.0,254.5,0,35.0,14.0,0.446399,3.142857,207.0,0,77.0,0.404278,1.322543,0.930218,0.15,0.00191,0.575766,0.564425,0.603908,-0.088485,-0.135331,-0.353459,-0.088967
R00695595,0,2,11,0,0,1,18,4,9,1997.0,3.0,1,0,858.0,439.0,0.512622,3.491841,1.0,858.0,0,99.0,15.0,0.198025,2.414141,209.0,0,269.0,0.441213,1.061315,1.110192,0.35,0.001296,0.575766,0.564425,0.587782,-0.069108,-0.383705,-0.107197,-0.071409
R00695596,0,2,11,0,0,1,18,4,9,1998.0,2.0,1,0,859.0,439.0,0.512033,3.490105,1.0,859.0,0,170.0,39.0,0.252642,2.776471,208.0,0,70.0,0.609521,1.061917,1.010259,0.3,0.001308,0.575766,0.564425,0.587782,-0.069697,-0.329088,-0.108933,0.097488
R00695597,0,2,11,0,0,1,25,12,9,1995.0,5.0,4,1,149.0,30.0,0.229694,2.583893,0.0,149.0,0,397.0,48.0,0.134427,2.261965,209.0,0,87.0,0.232129,1.135756,1.034366,0.0,0.000417,0.609999,0.566582,0.587782,-0.352036,-0.447302,-1.015145,0.002435
R00695598,0,2,11,0,0,1,25,12,9,1990.0,10.0,2,1,149.0,30.0,0.229694,2.583893,0.0,149.0,0,181.0,24.0,0.160522,2.165746,209.0,0,87.0,0.232129,1.135756,1.153969,0.0,0.000417,0.609999,0.566582,0.587782,-0.352036,-0.421208,-1.015145,0.002435
R00695599,0,2,11,0,0,1,35,17,9,1996.0,4.0,3,1,209.0,56.0,0.284981,2.626794,1.0,209.0,0,1911.0,1576.0,0.823183,4.250654,210.0,0,4.0,0.498797,1.306755,0.961024,0.2,0.00037,0.583566,0.595411,0.587782,-0.296749,0.241453,-0.972244,0.213817
R00695600,0,2,11,0,0,1,35,17,9,1954.0,46.0,2,1,209.0,56.0,0.284981,2.626794,1.0,209.0,0,736.0,673.0,0.909065,4.490489,210.0,0,0.0,0.58173,1.306755,0.677605,0.2,0.00037,0.583566,0.595411,0.587782,-0.296749,0.327335,-0.972244,0.296749
R00695601,0,2,11,0,0,1,35,17,9,1990.0,10.0,1,0,209.0,56.0,0.284981,2.626794,1.0,209.0,0,497.0,379.0,0.758312,4.004024,209.0,0,1.0,0.613904,1.306755,0.883554,0.2,0.00037,0.583566,0.595411,0.587782,-0.296749,0.176582,-0.972244,0.328924
R00695602,0,2,11,0,0,1,35,17,9,1974.0,26.0,3,1,209.0,56.0,0.284981,2.626794,1.0,209.0,0,875.0,750.0,0.853417,4.348571,210.0,0,2.0,0.641483,1.306755,0.80049,0.2,0.00037,0.583566,0.595411,0.587782,-0.296749,0.271687,-0.972244,0.356502
R00695603,0,2,11,0,0,1,35,17,9,1997.0,3.0,4,1,209.0,56.0,0.284981,2.626794,1.0,209.0,0,1699.0,1401.0,0.822899,4.218364,210.0,0,4.0,0.498797,1.306755,0.841111,0.2,0.00037,0.583566,0.595411,0.587782,-0.296749,0.24117,-0.972244,0.213817
R00695604,0,2,11,0,0,1,35,17,9,1951.0,49.0,2,1,209.0,56.0,0.284981,2.626794,1.0,209.0,0,345.0,306.0,0.876697,4.356522,209.0,0,2.0,0.641483,1.306755,0.74823,0.2,0.00037,0.583566,0.595411,0.587782,-0.296749,0.294967,-0.972244,0.356502
R00695605,0,2,11,0,0,1,18,4,0,1997.0,3.0,2,1,510.0,250.0,0.4923,3.245098,2.0,255.0,0,103.0,38.0,0.391137,3.116505,208.0,0,78.0,0.399786,1.321291,1.017335,0.15,0.000486,0.575766,0.564425,0.603908,-0.089429,-0.190593,-0.35394,-0.092514
R00695606,0,2,11,0,0,0,25,12,4,1990.0,10.0,3,1,400.0,333.0,0.825196,4.175,1.0,400.0,0,765.0,407.0,0.532794,3.500654,209.0,0,141.0,0.836476,1.029259,1.067187,0.7,0.000648,0.609999,0.566582,0.567586,0.243466,-0.048936,0.575962,0.01128
R00695607,0,2,11,0,0,0,35,1,9,1989.0,11.0,2,1,39.0,20.0,0.529034,3.282051,0.0,39.0,0,137.0,40.0,0.315307,2.905109,208.0,0,4.0,0.561297,1.395023,1.045555,0.5,0.000961,0.578805,0.595411,0.587782,-0.052695,-0.266423,-0.316987,0.032263
R00695608,0,2,11,0,0,0,35,1,9,1993.0,7.0,1,0,40.0,20.0,0.518861,3.275,0.0,40.0,0,257.0,116.0,0.457178,3.36965,208.0,0,5.0,0.645927,1.378178,0.859561,0.45,0.000972,0.578805,0.595411,0.587782,-0.062869,-0.124552,-0.324038,0.127066
R00695609,0,2,11,0,0,1,35,17,9,1958.0,42.0,2,1,215.0,60.0,0.295069,2.665116,1.0,215.0,0,634.0,536.0,0.840527,4.255521,210.0,0,1.0,0.613904,1.315186,0.818367,0.4,0.000486,0.583566,0.595411,0.587782,-0.28666,0.258798,-0.933922,0.318835
R00695610,0,2,11,0,0,1,35,17,9,1968.0,32.0,4,1,215.0,60.0,0.295069,2.665116,1.0,215.0,0,1250.0,942.0,0.751966,4.1008,210.0,0,9.0,0.618131,1.315186,1.030456,0.4,0.000486,0.583566,0.595411,0.587782,-0.28666,0.170236,-0.933922,0.323062
R00695611,0,2,11,0,0,1,35,17,9,1940.0,60.0,2,1,215.0,60.0,0.295069,2.665116,1.0,215.0,0,255.0,206.0,0.797681,4.180392,209.0,0,1.0,0.613904,1.315186,0.815781,0.4,0.000486,0.583566,0.595411,0.587782,-0.28666,0.215951,-0.933922,0.318835
R00695612,0,2,11,0,0,1,35,17,9,1946.0,54.0,3,1,215.0,60.0,0.295069,2.665116,1.0,215.0,0,314.0,274.0,0.861904,4.286624,210.0,0,4.0,0.623797,1.315186,0.753345,0.4,0.000486,0.583566,0.595411,0.587782,-0.28666,0.280174,-0.933922,0.328728
R00695613,0,2,11,0,0,1,35,17,9,1971.0,29.0,4,1,215.0,60.0,0.295069,2.665116,1.0,215.0,0,628.0,503.0,0.796845,4.136943,209.0,0,23.0,0.370879,1.315186,0.825762,0.4,0.000486,0.583566,0.595411,0.587782,-0.28666,0.215115,-0.933922,0.075809
R00695614,0,2,11,0,0,1,35,17,9,1948.0,52.0,4,1,215.0,60.0,0.295069,2.665116,1.0,215.0,0,350.0,279.0,0.790002,4.111429,209.0,0,6.0,0.554487,1.315186,0.772111,0.4,0.000486,0.583566,0.595411,0.587782,-0.28666,0.208272,-0.933922,0.259417
R00695615,0,2,11,0,0,1,35,17,9,1976.0,24.0,1,0,215.0,60.0,0.295069,2.665116,1.0,215.0,0,285.0,217.0,0.754144,3.961404,209.0,0,2.0,0.570054,1.315186,0.791568,0.4,0.000486,0.583566,0.595411,0.587782,-0.28666,0.172414,-0.933922,0.274985
R00695616,0,2,11,0,0,0,25,12,4,1984.0,16.0,2,1,401.0,334.0,0.825619,4.174564,1.0,401.0,0,782.0,468.0,0.598213,3.679028,209.0,0,96.0,0.759081,1.028012,1.018019,0.75,0.001065,0.609999,0.566582,0.567586,0.243889,0.016483,0.575526,-0.066538
R00695617,0,2,11,0,0,1,35,17,9,1976.0,24.0,2,1,222.0,64.0,0.303337,2.702703,1.0,222.0,0,942.0,781.0,0.825976,4.231423,210.0,0,10.0,0.590034,1.319259,0.858052,0.55,0.000382,0.583566,0.595411,0.587782,-0.278393,0.244246,-0.896335,0.286698
R00695618,0,2,11,0,0,1,35,17,9,1991.0,9.0,2,1,222.0,64.0,0.303337,2.702703,1.0,222.0,0,1903.0,1665.0,0.873097,4.365738,210.0,0,10.0,0.590034,1.319259,0.825706,0.55,0.000382,0.583566,0.595411,0.587782,-0.278393,0.291367,-0.896335,0.286698
R00695619,0,2,11,0,0,1,35,17,9,1935.0,65.0,1,0,222.0,64.0,0.303337,2.702703,1.0,222.0,0,171.0,133.0,0.764922,4.093567,209.0,0,3.0,0.598717,1.319259,0.796568,0.55,0.000382,0.583566,0.595411,0.587782,-0.278393,0.183192,-0.896335,0.295381
R00695620,0,2,11,0,0,1,35,17,9,1988.0,12.0,2,1,222.0,64.0,0.303337,2.702703,1.0,222.0,0,1202.0,976.0,0.809704,4.151414,209.0,0,24.0,0.360577,1.319259,0.833194,0.55,0.000382,0.583566,0.595411,0.587782,-0.278393,0.227974,-0.896335,0.05724
R00695621,0,2,11,0,0,1,35,17,9,1944.0,56.0,3,1,222.0,64.0,0.303337,2.702703,1.0,222.0,0,491.0,396.0,0.801155,4.185336,210.0,0,18.0,0.499359,1.319259,0.849265,0.55,0.000382,0.583566,0.595411,0.587782,-0.278393,0.219425,-0.896335,0.196022
R00695622,0,2,11,0,0,1,35,17,9,1942.0,58.0,1,0,222.0,64.0,0.303337,2.702703,1.0,222.0,0,56.0,41.0,0.705599,3.821429,209.0,0,3.0,0.598717,1.319259,0.826074,0.55,0.000382,0.583566,0.595411,0.587782,-0.278393,0.12387,-0.896335,0.295381
R00695623,0,2,11,0,0,1,35,17,9,1981.0,19.0,2,1,222.0,64.0,0.303337,2.702703,1.0,222.0,0,372.0,283.0,0.755158,4.010753,209.0,0,7.0,0.577935,1.319259,0.829492,0.55,0.000382,0.583566,0.595411,0.587782,-0.278393,0.173428,-0.896335,0.274598
R00695624,0,2,11,0,0,1,35,17,9,1976.0,24.0,2,1,222.0,64.0,0.303337,2.702703,1.0,222.0,0,65.0,33.0,0.519231,3.538462,162.0,0,24.0,0.360577,1.319259,1.038889,0.55,0.000382,0.583566,0.595411,0.587782,-0.278393,-0.062499,-0.896335,0.05724
R00695625,0,2,11,0,0,1,25,17,0,1955.0,45.0,1,0,532.0,323.0,0.606582,3.672932,0.0,532.0,0,266.0,190.0,0.708564,3.928571,207.0,0,82.0,0.765753,1.44517,0.817209,0.4,0.001586,0.583566,0.566582,0.603908,0.024853,0.126834,0.073894,0.15917
R00695626,0,2,11,0,0,1,25,17,0,1943.0,57.0,1,0,532.0,323.0,0.606582,3.672932,0.0,532.0,0,33.0,10.0,0.37735,2.848485,202.0,0,31.0,0.51118,1.44517,1.183759,0.4,0.001586,0.583566,0.566582,0.603908,0.024853,-0.20438,0.073894,-0.095402
R00695627,0,2,11,0,0,1,25,17,0,1956.0,44.0,2,1,532.0,323.0,0.606582,3.672932,0.0,532.0,0,55.0,22.0,0.432549,2.763636,209.0,0,31.0,0.51118,1.44517,1.334352,0.4,0.001586,0.583566,0.566582,0.603908,0.024853,-0.149181,0.073894,-0.095402
R00695628,0,2,11,0,0,1,18,4,0,1999.0,1.0,2,1,511.0,250.0,0.491359,3.242661,2.0,255.5,0,158.0,60.0,0.394004,3.075949,206.0,0,129.0,0.574332,1.321144,1.116869,0.15,0.001146,0.575766,0.564425,0.603908,-0.090371,-0.187725,-0.356377,0.082973
R00695629,0,2,11,0,0,1,25,17,0,1996.0,4.0,1,0,535.0,325.0,0.606912,3.674766,0.0,535.0,0,193.0,167.0,0.848687,4.357513,209.0,0,3.0,0.598717,1.442615,0.789607,0.45,0.000162,0.583566,0.566582,0.603908,0.025182,0.266957,0.075728,-0.008195
R00695630,0,2,11,0,0,1,35,17,9,1994.0,6.0,3,1,230.0,70.0,0.318102,2.747826,1.0,230.0,0,1181.0,677.0,0.573328,3.563929,209.0,0,26.0,0.39423,1.324311,0.974016,0.65,0.000359,0.583566,0.595411,0.587782,-0.263627,-0.008401,-0.851212,0.076128
R00695631,0,2,11,0,0,1,35,17,9,1955.0,45.0,3,1,230.0,70.0,0.318102,2.747826,1.0,230.0,0,316.0,250.0,0.783478,4.107595,210.0,0,19.0,0.515508,1.324311,0.792252,0.65,0.000359,0.583566,0.595411,0.587782,-0.263627,0.201748,-0.851212,0.197406
R00695632,0,2,11,0,0,1,35,17,9,1954.0,46.0,2,1,230.0,70.0,0.318102,2.747826,1.0,230.0,0,270.0,214.0,0.78362,4.074074,210.0,0,2.0,0.641483,1.324311,0.756499,0.65,0.000359,0.583566,0.595411,0.587782,-0.263627,0.20189,-0.851212,0.32338
R00695633,0,2,11,0,0,1,35,17,9,1984.0,16.0,3,1,230.0,70.0,0.318102,2.747826,1.0,230.0,0,1566.0,1265.0,0.806071,4.157727,209.0,0,26.0,0.39423,1.324311,0.844954,0.65,0.000359,0.583566,0.595411,0.587782,-0.263627,0.224342,-0.851212,0.076128
R00695634,0,2,11,0,0,1,35,17,9,1999.0,1.0,3,1,230.0,70.0,0.318102,2.747826,1.0,230.0,0,1903.0,1603.0,0.840721,4.326852,209.0,0,26.0,0.39423,1.324311,0.931917,0.65,0.000359,0.583566,0.595411,0.587782,-0.263627,0.258991,-0.851212,0.076128
R00695635,0,2,11,0,0,1,35,17,9,1999.0,1.0,2,1,230.0,70.0,0.318102,2.747826,1.0,230.0,0,858.0,701.0,0.813771,4.187646,209.0,0,12.0,0.582532,1.324311,0.908897,0.65,0.000359,0.583566,0.595411,0.587782,-0.263627,0.232041,-0.851212,0.264429
R00695636,0,2,11,0,0,1,18,4,0,1991.0,9.0,1,0,512.0,250.0,0.490421,3.240234,2.0,256.0,0,216.0,92.0,0.434126,3.185185,209.0,0,79.0,0.395393,1.320993,1.046583,0.1,0.001204,0.575766,0.564425,0.603908,-0.091308,-0.147604,-0.358804,-0.095028
R00695637,0,2,11,0,0,1,35,1,9,1990.0,10.0,1,0,185.0,72.0,0.400918,3.216216,0.0,185.0,0,130.0,74.0,0.570287,3.669231,209.0,0,36.0,0.457932,0.962405,0.971822,0.55,0.046516,0.578805,0.595411,0.587782,-0.180812,-0.011443,-0.382822,0.057015
R00695638,0,2,11,0,0,1,25,17,0,1951.0,49.0,1,0,536.0,326.0,0.607629,3.677239,0.0,536.0,0,338.0,278.0,0.814231,4.278107,209.0,0,83.0,0.768218,1.442403,0.810176,0.5,0.000417,0.583566,0.566582,0.603908,0.025899,0.232501,0.078201,0.160589
R00695639,0,2,11,0,0,1,25,17,0,1975.0,25.0,1,0,536.0,326.0,0.607629,3.677239,0.0,536.0,0,234.0,185.0,0.78041,4.132479,209.0,0,41.0,0.433599,1.442403,0.834341,0.5,0.000417,0.583566,0.566582,0.603908,0.025899,0.19868,0.078201,-0.17403
R00695640,0,2,11,0,0,1,25,17,0,1997.0,3.0,1,0,536.0,326.0,0.607629,3.677239,0.0,536.0,0,111.0,74.0,0.65838,3.774775,209.0,0,83.0,0.768218,1.442403,0.856188,0.5,0.000417,0.583566,0.566582,0.603908,0.025899,0.07665,0.078201,0.160589
R00695641,0,2,11,0,0,1,35,15,2,1994.0,6.0,4,1,126.0,57.0,0.463629,3.428571,1.0,126.0,0,482.0,253.0,0.526277,3.487552,209.0,0,16.0,0.606456,0.810923,1.095469,0.5,0.001713,0.615716,0.595411,0.582548,-0.118101,-0.055453,-0.170467,0.142827
R00695642,0,2,11,0,0,1,35,15,2,1995.0,5.0,2,1,126.0,57.0,0.463629,3.428571,1.0,126.0,0,24.0,10.0,0.471688,3.208333,191.0,0,91.0,0.446415,0.810923,0.91192,0.5,0.001713,0.615716,0.595411,0.582548,-0.118101,-0.110042,-0.170467,-0.017214
R00695643,0,2,11,0,0,1,35,15,2,1994.0,6.0,3,1,126.0,57.0,0.463629,3.428571,1.0,126.0,0,1182.0,678.0,0.573686,3.564298,209.0,0,6.0,0.554487,0.810923,0.973687,0.5,0.001713,0.615716,0.595411,0.582548,-0.118101,-0.008044,-0.170467,0.090858
R00695644,0,2,11,0,0,1,35,15,2,1993.0,7.0,2,1,126.0,57.0,0.463629,3.428571,1.0,126.0,0,189.0,149.0,0.776024,4.095238,210.0,0,16.0,0.606456,0.810923,0.836615,0.5,0.001713,0.615716,0.595411,0.582548,-0.118101,0.194294,-0.170467,0.142827
R00695645,0,2,11,0,0,1,35,15,2,1998.0,2.0,3,1,126.0,57.0,0.463629,3.428571,1.0,126.0,0,674.0,388.0,0.575774,3.565282,209.0,0,6.0,0.554487,0.810923,0.960363,0.5,0.001713,0.615716,0.595411,0.582548,-0.118101,-0.005956,-0.170467,0.090858
R00695646,0,2,11,0,0,1,35,15,2,1991.0,9.0,2,1,126.0,57.0,0.463629,3.428571,1.0,126.0,0,298.0,183.0,0.612841,3.714765,209.0,0,91.0,0.446415,0.810923,1.017885,0.5,0.001713,0.615716,0.595411,0.582548,-0.118101,0.031111,-0.170467,-0.017214
R00695647,0,2,11,0,0,1,25,17,0,1964.0,36.0,2,1,539.0,328.0,0.607951,3.67718,0.0,539.0,0,380.0,252.0,0.660665,3.831579,210.0,0,92.0,0.644046,1.44139,0.983042,0.65,0.000174,0.583566,0.566582,0.603908,0.026221,0.078935,0.078142,0.036095
R00695648,0,2,11,0,0,1,18,4,9,1991.0,9.0,3,1,860.0,439.0,0.511446,3.488372,1.0,860.0,0,129.0,35.0,0.297736,2.891473,199.0,0,68.0,0.787259,1.062513,1.058303,0.25,0.001586,0.575766,0.564425,0.587782,-0.070284,-0.283994,-0.110666,0.275814
R00695649,0,2,11,0,0,1,35,17,9,1993.0,7.0,2,1,236.0,75.0,0.330568,2.788136,1.0,236.0,0,1462.0,1197.0,0.816812,4.126539,209.0,0,29.0,0.414165,1.336272,0.763206,0.7,0.000312,0.583566,0.595411,0.587782,-0.251162,0.235082,-0.810902,0.083597
R00695650,0,2,11,0,0,1,35,17,9,1986.0,14.0,4,1,236.0,75.0,0.330568,2.788136,1.0,236.0,0,1343.0,1050.0,0.78006,4.134028,209.0,0,29.0,0.414165,1.336272,0.923699,0.7,0.000312,0.583566,0.595411,0.587782,-0.251162,0.19833,-0.810902,0.083597
R00695651,0,2,11,0,0,1,35,17,9,1985.0,15.0,3,1,236.0,75.0,0.330568,2.788136,1.0,236.0,0,759.0,580.0,0.761324,4.011858,209.0,0,13.0,0.59923,1.336272,0.805853,0.7,0.000312,0.583566,0.595411,0.587782,-0.251162,0.179594,-0.810902,0.268663
R00695652,0,2,11,0,0,0,35,1,9,1984.0,16.0,1,0,41.0,21.0,0.527939,3.317073,0.0,41.0,0,991.0,827.0,0.831486,4.25227,209.0,0,6.0,0.665598,1.387031,0.819128,0.45,0.00125,0.578805,0.595411,0.587782,-0.053791,0.249757,-0.281965,0.137659
R00695653,0,2,11,0,0,0,35,1,9,1999.0,1.0,2,1,41.0,21.0,0.527939,3.317073,0.0,41.0,0,2551.0,2145.0,0.839634,4.341043,210.0,0,11.0,0.520902,1.387031,0.951858,0.45,0.00125,0.578805,0.595411,0.587782,-0.053791,0.257904,-0.281965,-0.007036
R00695654,0,2,11,0,0,1,25,17,0,1992.0,8.0,1,0,540.0,329.0,0.608661,3.677778,0.0,540.0,0,176.0,119.0,0.67011,3.829545,209.0,0,3.0,0.665384,1.440122,0.862364,0.65,0.000324,0.583566,0.566582,0.603908,0.026931,0.088381,0.07874,0.056723
R00695655,0,2,11,0,0,1,25,17,0,1963.0,37.0,2,1,540.0,329.0,0.608661,3.677778,0.0,540.0,0,492.0,443.0,0.892819,4.410569,209.0,0,42.0,0.444088,1.440122,0.670313,0.65,0.000324,0.583566,0.566582,0.603908,0.026931,0.311089,0.07874,-0.164573
R00695656,0,2,11,0,0,0,25,12,4,1985.0,15.0,1,0,402.0,335.0,0.82604,4.174129,1.0,402.0,0,188.0,117.0,0.619904,3.654255,209.0,0,5.0,0.645927,1.02677,0.870701,0.8,0.001678,0.609999,0.566582,0.567586,0.244311,0.038174,0.575091,-0.180114
R00695657,0,2,11,0,0,1,35,17,9,1991.0,9.0,3,1,239.0,78.0,0.338569,2.807531,1.0,239.0,0,1992.0,1542.0,0.772944,4.061245,210.0,0,31.0,0.441413,1.339997,0.898048,0.8,0.000359,0.583566,0.595411,0.587782,-0.243161,0.191215,-0.791507,0.102844
R00695658,0,2,11,0,0,1,35,17,9,1944.0,56.0,2,1,239.0,78.0,0.338569,2.807531,1.0,239.0,0,130.0,99.0,0.746343,4.046154,210.0,0,3.0,0.665384,1.339997,0.839977,0.8,0.000359,0.583566,0.595411,0.587782,-0.243161,0.164614,-0.791507,0.326815
R00695659,0,2,11,0,0,1,35,17,9,1998.0,2.0,3,1,239.0,78.0,0.338569,2.807531,1.0,239.0,0,614.0,389.0,0.632557,3.796417,209.0,0,5.0,0.645927,1.339997,1.034858,0.8,0.000359,0.583566,0.595411,0.587782,-0.243161,0.050827,-0.791507,0.307358
R00695660,0,2,11,0,0,1,35,17,9,1941.0,59.0,2,1,239.0,78.0,0.338569,2.807531,1.0,239.0,0,126.0,97.0,0.753484,4.079365,210.0,0,3.0,0.665384,1.339997,0.869256,0.8,0.000359,0.583566,0.595411,0.587782,-0.243161,0.171754,-0.791507,0.326815
R00695661,0,2,11,0,0,1,35,17,9,1938.0,62.0,4,1,239.0,78.0,0.338569,2.807531,1.0,239.0,0,143.0,113.0,0.774069,4.195804,210.0,0,20.0,0.530649,1.339997,0.838403,0.8,0.000359,0.583566,0.595411,0.587782,-0.243161,0.19234,-0.791507,0.19208
R00695662,0,2,11,0,0,1,35,17,9,1975.0,25.0,1,0,239.0,78.0,0.338569,2.807531,1.0,239.0,0,233.0,177.0,0.750942,4.025751,209.0,0,5.0,0.645927,1.339997,0.757921,0.8,0.000359,0.583566,0.595411,0.587782,-0.243161,0.169212,-0.791507,0.307358
R00695663,0,2,11,0,0,1,18,4,9,1997.0,3.0,3,1,861.0,440.0,0.512005,3.488966,1.0,861.0,0,193.0,107.0,0.556004,3.544041,206.0,0,69.0,0.789886,1.062039,0.960018,0.2,0.001979,0.575766,0.564425,0.587782,-0.069724,-0.025726,-0.110072,0.27788
R00695664,0,2,11,0,0,1,18,4,9,1990.0,10.0,4,1,861.0,440.0,0.512005,3.488966,1.0,861.0,0,1010.0,323.0,0.322877,2.99604,209.0,0,204.0,0.546207,1.062039,0.978979,0.2,0.001979,0.575766,0.564425,0.587782,-0.069724,-0.258852,-0.110072,0.034202
R00695665,0,2,11,0,0,1,25,17,0,1940.0,60.0,1,0,542.0,331.0,0.610074,3.682657,0.0,542.0,0,60.0,42.0,0.680288,3.933333,208.0,0,4.0,0.686297,1.439696,0.771722,0.75,0.000359,0.583566,0.566582,0.603908,0.028344,0.098559,0.083619,0.076224
R00695666,0,2,11,0,0,1,25,17,0,1997.0,3.0,1,0,542.0,331.0,0.610074,3.682657,0.0,542.0,0,306.0,208.0,0.67604,3.781046,208.0,0,85.0,0.762688,1.439696,1.054604,0.75,0.000359,0.583566,0.566582,0.603908,0.028344,0.09431,0.083619,0.152615
R00695667,0,2,11,0,0,1,25,17,0,1999.0,1.0,1,0,542.0,331.0,0.610074,3.682657,0.0,542.0,0,1801.0,1589.0,0.880298,4.415325,210.0,0,4.0,0.686297,1.439696,0.811952,0.75,0.000359,0.583566,0.566582,0.603908,0.028344,0.298568,0.083619,0.076224
R00695668,0,2,11,0,0,1,35,15,2,1995.0,5.0,2,1,132.0,59.0,0.4582,3.424242,1.0,132.0,0,219.0,127.0,0.580003,3.60274,209.0,0,18.0,0.566025,0.798874,0.839761,0.55,0.000613,0.615716,0.595411,0.582548,-0.12353,-0.001726,-0.174796,0.107826
R00695669,0,2,11,0,0,1,35,15,2,1997.0,3.0,2,1,132.0,59.0,0.4582,3.424242,1.0,132.0,0,172.0,132.0,0.75533,3.906977,209.0,0,18.0,0.566025,0.798874,0.823039,0.55,0.000613,0.615716,0.595411,0.582548,-0.12353,0.1736,-0.174796,0.107826
R00695670,0,2,11,0,0,1,18,4,0,1995.0,5.0,1,0,513.0,250.0,0.489487,3.237817,2.0,256.5,0,34.0,8.0,0.325669,2.852941,191.0,0,80.0,0.391095,1.320838,1.032768,0.1,0.0011,0.575766,0.564425,0.603908,-0.092243,-0.256061,-0.361221,-0.098392
R00695671,0,2,11,0,0,1,35,17,9,1955.0,45.0,2,1,245.0,82.0,0.346229,2.832653,1.0,245.0,0,99.0,55.0,0.558385,3.616162,207.0,0,5.0,0.70475,1.337281,0.939665,0.8,0.000278,0.583566,0.595411,0.587782,-0.235501,-0.023345,-0.766385,0.358522
R00695672,0,2,11,0,0,0,35,1,9,1998.0,2.0,1,0,43.0,22.0,0.526923,3.325581,0.0,43.0,0,410.0,335.0,0.810381,4.221951,209.0,0,7.0,0.630566,1.393021,0.884559,0.5,0.00066,0.578805,0.595411,0.587782,-0.054807,0.228651,-0.273457,0.103643
R00695673,0,2,11,0,0,0,35,1,9,1999.0,1.0,1,0,43.0,22.0,0.526923,3.325581,0.0,43.0,0,967.0,647.0,0.668009,3.755946,209.0,0,12.0,0.540865,1.393021,1.100157,0.5,0.00066,0.578805,0.595411,0.587782,-0.054807,0.086279,-0.273457,0.013942
R00695674,0,2,11,0,0,0,35,1,9,1985.0,15.0,1,0,43.0,22.0,0.526923,3.325581,0.0,43.0,0,71.0,30.0,0.445551,3.352113,196.0,0,7.0,0.630566,1.393021,0.873694,0.5,0.00066,0.578805,0.595411,0.587782,-0.054807,-0.136178,-0.273457,0.103643
R00695675,0,2,11,0,0,0,35,1,9,1973.0,27.0,2,1,43.0,22.0,0.526923,3.325581,0.0,43.0,0,723.0,551.0,0.759157,4.056708,210.0,0,12.0,0.540865,1.393021,0.823811,0.5,0.00066,0.578805,0.595411,0.587782,-0.054807,0.177428,-0.273457,0.013942
R00695676,0,2,11,0,0,0,35,1,9,1980.0,20.0,1,0,43.0,22.0,0.526923,3.325581,0.0,43.0,0,219.0,85.0,0.398185,3.214612,182.0,0,7.0,0.630566,1.393021,0.938553,0.5,0.00066,0.578805,0.595411,0.587782,-0.054807,-0.183545,-0.273457,0.103643
R00695677,0,2,11,0,0,1,25,17,0,1996.0,4.0,1,0,545.0,334.0,0.612174,3.688073,0.0,545.0,0,56.0,33.0,0.587952,3.607143,200.0,0,86.0,0.76511,1.437998,0.859372,0.85,0.000324,0.583566,0.566582,0.603908,0.030444,0.006223,0.089035,0.152936
R00695678,0,2,11,0,0,0,25,12,4,1995.0,5.0,2,1,403.0,336.0,0.82646,4.173697,1.0,403.0,0,149.0,48.0,0.341495,3.073826,209.0,0,97.0,0.761291,1.025532,0.912949,0.85,0.001516,0.609999,0.566582,0.567586,0.24473,-0.240234,0.574659,-0.065168
R00695679,0,2,11,0,0,1,25,17,0,1989.0,11.0,1,0,546.0,334.0,0.611077,3.684982,0.0,546.0,0,318.0,235.0,0.733275,3.933962,209.0,0,87.0,0.757381,1.438493,0.913927,0.85,0.000532,0.583566,0.566582,0.603908,0.029347,0.151545,0.085944,0.146305
R00695680,0,2,11,0,0,1,25,17,0,1986.0,14.0,2,1,546.0,334.0,0.611077,3.684982,0.0,546.0,0,492.0,326.0,0.660676,3.780488,209.0,0,87.0,0.757381,1.438493,1.053732,0.85,0.000532,0.583566,0.566582,0.603908,0.029347,0.078946,0.085944,0.146305
R00695681,0,2,11,0,0,1,25,17,0,1976.0,24.0,1,0,546.0,334.0,0.611077,3.684982,0.0,546.0,0,286.0,218.0,0.754969,3.961538,209.0,0,6.0,0.721153,1.438493,0.790187,0.85,0.000532,0.583566,0.566582,0.603908,0.029347,0.173239,0.085944,0.110077
R00695682,0,2,11,0,0,1,35,17,9,1990.0,10.0,2,1,246.0,83.0,0.348763,2.841463,1.0,246.0,0,1216.0,958.0,0.785815,4.056743,209.0,0,32.0,0.431381,1.341667,0.832662,0.8,0.000694,0.583566,0.595411,0.587782,-0.232967,0.204085,-0.757575,0.082618
R00695683,0,2,11,0,0,1,35,17,9,1954.0,46.0,3,1,246.0,83.0,0.348763,2.841463,1.0,246.0,0,206.0,94.0,0.463214,3.38835,209.0,0,2.0,0.498626,1.341667,1.02145,0.8,0.000694,0.583566,0.595411,0.587782,-0.232967,-0.118515,-0.757575,0.149863
R00695684,0,2,11,0,0,1,35,17,9,1999.0,1.0,1,0,246.0,83.0,0.348763,2.841463,1.0,246.0,0,437.0,260.0,0.594612,3.583524,209.0,0,6.0,0.665598,1.341667,0.971212,0.8,0.000694,0.583566,0.595411,0.587782,-0.232967,0.012882,-0.757575,0.316835
R00695685,0,2,11,0,0,1,35,17,9,1990.0,10.0,4,1,246.0,83.0,0.348763,2.841463,1.0,246.0,0,1490.0,933.0,0.625819,3.681208,209.0,0,32.0,0.431381,1.341667,0.943922,0.8,0.000694,0.583566,0.595411,0.587782,-0.232967,0.04409,-0.757575,0.082618
R00695686,0,2,11,0,0,1,35,17,9,1965.0,35.0,1,0,246.0,83.0,0.348763,2.841463,1.0,246.0,0,59.0,43.0,0.703954,4.0,202.0,0,6.0,0.665598,1.341667,0.920575,0.8,0.000694,0.583566,0.595411,0.587782,-0.232967,0.122225,-0.757575,0.316835
R00695687,0,2,11,0,0,1,35,17,9,1957.0,43.0,2,1,246.0,83.0,0.348763,2.841463,1.0,246.0,0,30.0,16.0,0.547161,3.266667,169.0,0,2.0,0.498626,1.341667,1.412641,0.8,0.000694,0.583566,0.595411,0.587782,-0.232967,-0.034569,-0.757575,0.149863
R00695688,0,2,11,0,0,1,35,15,2,1995.0,5.0,3,1,134.0,59.0,0.451923,3.41791,1.0,134.0,0,391.0,229.0,0.58556,3.616368,209.0,0,20.0,0.530649,0.794557,0.919323,0.5,0.000706,0.615716,0.595411,0.582548,-0.129807,0.00383,-0.181128,0.078726
R00695689,0,2,11,0,0,1,35,15,2,1994.0,6.0,3,1,134.0,59.0,0.451923,3.41791,1.0,134.0,0,172.0,82.0,0.483591,3.430233,209.0,0,3.0,0.53205,0.794557,1.017757,0.5,0.000706,0.615716,0.595411,0.582548,-0.129807,-0.098139,-0.181128,0.080127
R00695690,0,2,11,0,0,1,35,15,2,1993.0,7.0,2,1,134.0,59.0,0.451923,3.41791,1.0,134.0,0,670.0,440.0,0.655397,3.795522,209.0,0,93.0,0.447436,0.794557,0.953381,0.5,0.000706,0.615716,0.595411,0.582548,-0.129807,0.073667,-0.181128,-0.004487
R00695691,0,2,11,0,0,1,35,15,2,1995.0,5.0,2,1,134.0,59.0,0.451923,3.41791,1.0,134.0,0,44.0,18.0,0.446085,3.340909,192.0,0,20.0,0.530649,0.794557,0.952107,0.5,0.000706,0.615716,0.595411,0.582548,-0.129807,-0.135645,-0.181128,0.078726
R00695692,0,2,11,0,0,1,35,15,2,1995.0,5.0,2,1,134.0,59.0,0.451923,3.41791,1.0,134.0,0,96.0,53.0,0.555377,3.46875,210.0,0,20.0,0.530649,0.794557,1.172187,0.5,0.000706,0.615716,0.595411,0.582548,-0.129807,-0.026352,-0.181128,0.078726
R00695693,0,2,11,0,0,1,35,15,2,1999.0,1.0,2,1,134.0,59.0,0.451923,3.41791,1.0,134.0,0,784.0,453.0,0.577865,3.531888,209.0,0,0.0,0.58173,0.794557,0.951102,0.5,0.000706,0.615716,0.595411,0.582548,-0.129807,-0.003864,-0.181128,0.129807
R00695694,0,2,11,0,0,1,25,17,0,1980.0,20.0,1,0,549.0,336.0,0.611374,3.684882,0.0,549.0,0,784.0,607.0,0.771333,4.131378,209.0,0,33.0,0.510683,1.437517,0.929579,0.8,0.000231,0.583566,0.566582,0.603908,0.029644,0.189603,0.085844,-0.10069
R00695695,0,2,11,0,0,0,35,1,9,1995.0,5.0,3,1,48.0,26.0,0.549679,3.4375,0.0,48.0,0,714.0,487.0,0.680414,3.808123,209.0,0,14.0,0.576183,1.383026,0.825634,0.7,0.000625,0.578805,0.595411,0.587782,-0.03205,0.098684,-0.161538,0.026504
R00695696,0,2,11,0,0,0,35,1,9,1951.0,49.0,2,1,48.0,26.0,0.549679,3.4375,0.0,48.0,0,227.0,158.0,0.690296,3.898678,210.0,0,0.0,0.58173,1.383026,0.926054,0.7,0.000625,0.578805,0.595411,0.587782,-0.03205,0.108566,-0.161538,0.03205
R00695697,0,2,11,0,0,0,35,1,9,1981.0,19.0,1,0,48.0,26.0,0.549679,3.4375,0.0,48.0,0,386.0,261.0,0.673318,3.761658,209.0,0,0.0,0.58173,1.383026,0.987057,0.7,0.000625,0.578805,0.595411,0.587782,-0.03205,0.091589,-0.161538,0.03205
