line_id,f_hour,f_dow,f_month,f_week,f_is_weekend,f_days_since_epoch,f_basket_lines,f_basket_units,f_basket_value,f_line_share,f_sku_age_days,f_sku_is_new,f_sku_orders,f_sku_units,f_sku_mean_price,f_account_tenure_days,f_account_known,f_acct_orders,f_acct_units,f_rate_sku,f_rate_market,f_sku_price_dispersion,f_seasonal,f_sku_velocity,f_sku_price_range,f_peak_month,f_in_peak_month,f_basket_distinct_skus,f_basket_max_line_share,f_basket_mean_line_value,f_price_vs_sku_mean,f_price_vs_market_mean,f_sku_days_since_trade,f_account_days_since_order,f_acct_prior_returns,f_sku_prior_returns,f_acct_return_rate,f_sku_trade_days,f_account_order_gap,f_segment
L00414409,8,0,11,44,0,0,14,163.0,347.2,0.086406,201.0,0,38.0,300.0,1.727368,89.0,1,87.0,1000.0,0.06013,0.022891,0.617867,0.020073,1.289524,1.45,8.0,0,14.0,0.194412,24.8,0.723644,0.30238,1.0,29.0,3.0,3.0,0.032594,34.0,90.0,0
L00414410,8,0,11,44,0,0,14,163.0,347.2,0.044931,294.0,0,195.0,1553.0,2.033231,89.0,1,87.0,1000.0,0.002268,0.022891,0.213479,0.020073,4.826266,3.86,8.0,0,14.0,0.194412,24.8,0.959065,0.471714,0.0,29.0,3.0,0.0,0.032594,133.0,90.0,0
L00414411,8,0,11,44,0,0,14,163.0,347.2,0.053571,25.0,0,87.0,534.0,5.011954,89.0,1,87.0,1000.0,0.004556,0.022891,0.693249,0.020073,8.586957,5.07,8.0,0,14.0,0.194412,24.8,0.927782,1.124855,0.0,29.0,3.0,0.0,0.032594,40.0,90.0,0
L00414412,8,0,11,44,0,0,14,163.0,347.2,0.030242,55.0,0,44.0,1450.0,0.418182,89.0,1,87.0,1000.0,0.007618,0.022891,0.003554,0.020073,21.287879,0.08,8.0,0,14.0,0.194412,24.8,1.004348,0.1016,11.0,29.0,3.0,0.0,0.032594,27.0,90.0,0
L00414413,8,0,11,44,0,0,14,163.0,347.2,0.037442,334.0,0,169.0,2539.0,3.487278,89.0,1,87.0,1000.0,0.076654,0.022891,0.78526,0.020073,6.225915,4.16,8.0,0,14.0,0.194412,24.8,0.931959,0.786189,1.0,29.0,3.0,14.0,0.032594,110.0,90.0,0
L00414414,8,0,11,44,0,0,14,163.0,347.2,0.050979,334.0,0,1110.0,18505.0,3.011559,89.0,1,87.0,1000.0,0.057954,0.022891,0.296606,0.020073,48.551404,3.68,8.0,0,14.0,0.194412,24.8,0.979559,0.713618,0.0,29.0,3.0,65.0,0.032594,282.0,90.0,0
L00414415,8,0,11,44,0,0,14,163.0,347.2,0.030242,332.0,0,40.0,1000.0,0.418,89.0,1,87.0,1000.0,0.008126,0.022891,0.0039,0.020073,2.676471,0.08,8.0,0,14.0,0.194412,24.8,1.004785,0.1016,13.0,29.0,3.0,0.0,0.032594,37.0,90.0,0
L00414416,8,0,11,44,0,0,14,163.0,347.2,0.03629,35.0,0,34.0,149.0,2.286176,89.0,1,87.0,1000.0,0.027547,0.022891,0.339498,0.020073,1.8,2.11,8.0,0,14.0,0.194412,24.8,0.918564,0.507999,0.0,29.0,3.0,1.0,0.032594,27.0,90.0,0
L00414417,8,0,11,44,0,0,14,163.0,347.2,0.088134,14.0,0,27.0,105.0,8.962963,89.0,1,87.0,1000.0,0.09548,0.022891,2.339643,0.020073,2.485714,8.53,8.0,0,14.0,0.194412,24.8,0.853512,1.850568,0.0,29.0,3.0,4.0,0.032594,20.0,90.0,0
L00414418,8,0,11,44,0,0,14,163.0,347.2,0.030242,151.0,0,18.0,475.0,0.42,89.0,1,87.0,1000.0,0.01283,0.022891,0.0,0.020073,3.010563,0.0,8.0,0,14.0,0.194412,24.8,1.0,0.1016,20.0,29.0,3.0,0.0,0.032594,18.0,90.0,0
L00414419,8,0,11,44,0,0,14,163.0,347.2,0.194412,335.0,0,196.0,1517.0,8.072449,89.0,1,87.0,1000.0,0.002257,0.022891,1.752949,0.020073,4.151404,12.4,8.0,0,14.0,0.194412,24.8,0.836177,1.632854,0.0,29.0,3.0,0.0,0.032594,134.0,90.0,0
L00414420,8,0,11,44,0,0,14,163.0,347.2,0.09159,334.0,0,210.0,1420.0,7.825524,89.0,1,87.0,1000.0,0.015163,0.022891,1.075051,0.020073,3.900843,12.98,8.0,0,14.0,0.194412,24.8,1.015906,1.92314,0.0,29.0,3.0,3.0,0.032594,143.0,90.0,0
L00414421,8,0,11,44,0,0,14,163.0,347.2,0.137385,334.0,0,153.0,1239.0,7.791242,89.0,1,87.0,1000.0,0.014379,0.022891,1.233238,0.020073,3.472881,14.43,8.0,0,14.0,0.194412,24.8,1.020376,1.92314,2.0,29.0,3.0,2.0,0.032594,119.0,90.0,0
L00414422,8,0,11,44,0,0,14,163.0,347.2,0.088134,241.0,0,146.0,1479.0,2.617534,89.0,1,87.0,1000.0,0.111371,0.022891,0.267667,0.020073,5.477692,5.06,8.0,0,14.0,0.194412,24.8,0.974199,0.616856,0.0,29.0,3.0,18.0,0.032594,80.0,90.0,0
L00414423,8,0,11,44,0,0,20,56.0,65.42,0.12993,164.0,0,97.0,258.0,8.722784,-1.0,0,0.0,0.0,0.046902,0.022891,0.571993,0.020073,1.250279,12.3,8.0,0,18.0,0.228523,3.271,0.97446,2.056187,4.0,-1.0,0.0,5.0,0.024377,72.0,92.509733,0
L00414424,8,0,11,44,0,0,20,56.0,65.42,0.017426,333.0,0,17.0,106.0,0.835882,-1.0,0,0.0,0.0,0.040204,0.022891,0.643599,0.020073,0.275595,3.05,8.0,0,18.0,0.228523,3.271,0.454609,0.091924,19.0,-1.0,0.0,1.0,0.024377,15.0,92.509733,0
L00414425,8,0,11,44,0,0,20,56.0,65.42,0.019107,331.0,0,16.0,90.0,1.25,-1.0,0,0.0,0.0,0.013543,0.022891,0.0,0.020073,0.215727,0.0,8.0,0,18.0,0.228523,3.271,1.0,0.30238,13.0,-1.0,0.0,0.0,0.024377,16.0,92.509733,0
L00414426,8,0,11,44,0,0,20,56.0,65.42,0.077958,235.0,0,63.0,517.0,2.680794,-1.0,0,0.0,0.0,0.02997,0.022891,0.302121,0.020073,1.376863,2.96,8.0,0,18.0,0.228523,3.271,0.951211,0.616856,0.0,-1.0,0.0,2.0,0.024377,50.0,92.509733,0
L00414427,8,0,11,44,0,0,20,56.0,65.42,0.03852,329.0,0,25.0,399.0,0.3584,-1.0,0,0.0,0.0,0.010834,0.022891,0.096032,0.020073,0.992899,0.43,8.0,0,18.0,0.228523,3.271,1.171875,0.1016,13.0,-1.0,0.0,0.0,0.024377,17.0,92.509733,0
L00414428,8,0,11,44,0,0,20,56.0,65.42,0.03852,334.0,0,15.0,420.0,0.346,-1.0,0,0.0,0.0,0.01393,0.022891,0.108533,0.020073,1.067826,0.42,8.0,0,18.0,0.228523,3.271,1.213873,0.1016,11.0,-1.0,0.0,0.0,0.024377,14.0,92.509733,0
L00414429,8,0,11,44,0,0,20,56.0,65.42,0.029807,45.0,0,64.0,708.0,2.081875,-1.0,0,0.0,0.0,0.005804,0.022891,0.266016,0.020073,8.524242,2.56,8.0,0,18.0,0.228523,3.271,0.936656,0.471714,0.0,-1.0,0.0,0.0,0.024377,38.0,92.509733,0
L00414430,8,0,11,44,0,0,20,56.0,65.42,0.077041,45.0,0,58.0,931.0,0.49569,-1.0,0,0.0,0.0,0.031891,0.022891,0.127348,0.020073,12.373134,0.64,8.0,0,18.0,0.228523,3.271,0.847304,0.1016,0.0,-1.0,0.0,2.0,0.024377,37.0,92.509733,0
L00414431,8,0,11,44,0,0,20,56.0,65.42,0.029807,334.0,0,188.0,2340.0,2.330798,-1.0,0,0.0,0.0,0.011959,0.022891,0.660686,0.020073,6.392676,3.41,8.0,0,18.0,0.228523,3.271,0.836623,0.471714,0.0,-1.0,0.0,2.0,0.024377,135.0,92.509733,0
L00414432,8,0,11,44,0,0,20,56.0,65.42,0.029807,104.0,0,60.0,695.0,2.099833,-1.0,0,0.0,0.0,0.006094,0.022891,0.309689,0.020073,5.48374,3.41,8.0,0,18.0,0.228523,3.271,0.928645,0.471714,0.0,-1.0,0.0,0.0,0.024377,49.0,92.509733,0
L00414433,8,0,11,44,0,0,20,56.0,65.42,0.064965,333.0,0,51.0,141.0,4.911961,-1.0,0,0.0,0.0,0.006867,0.022891,1.116248,0.020073,0.39621,4.22,8.0,0,18.0,0.228523,3.271,0.865235,1.028094,12.0,-1.0,0.0,0.0,0.024377,44.0,92.509733,0
L00414434,8,0,11,44,0,0,20,56.0,65.42,0.228523,17.0,0,19.0,32.0,14.834211,-1.0,0,0.0,0.0,0.063783,0.022891,0.219391,0.020073,0.510526,2.2,8.0,0,18.0,0.228523,3.271,1.007806,3.61647,1.0,-1.0,0.0,2.0,0.024377,16.0,92.509733,0
L00414435,8,0,11,44,0,0,20,56.0,65.42,0.075665,132.0,0,19.0,125.0,1.92,-1.0,0,0.0,0.0,0.012501,0.022891,0.454737,0.020073,0.617808,1.71,8.0,0,18.0,0.228523,3.271,0.859375,0.399142,6.0,-1.0,0.0,0.0,0.024377,17.0,92.509733,0
L00414436,8,0,11,44,0,0,20,56.0,65.42,0.025222,335.0,0,160.0,1091.0,2.054625,-1.0,0,0.0,0.0,0.002709,0.022891,0.627053,0.020073,2.904775,1.98,8.0,0,18.0,0.228523,3.271,0.803066,0.399142,0.0,-1.0,0.0,0.0,0.024377,107.0,92.509733,0
L00414437,8,0,11,44,0,0,20,56.0,65.42,0.029807,334.0,0,99.0,969.0,2.119899,-1.0,0,0.0,0.0,0.029307,0.022891,0.348703,0.020073,2.335362,2.65,8.0,0,18.0,0.228523,3.271,0.919855,0.471714,11.0,-1.0,0.0,3.0,0.024377,52.0,92.509733,0
L00414438,8,0,11,44,0,0,20,56.0,65.42,0.029807,231.0,0,130.0,1335.0,2.299846,-1.0,0,0.0,0.0,0.04325,0.022891,0.575915,0.020073,5.022619,3.3,8.0,0,18.0,0.228523,3.271,0.847883,0.471714,1.0,-1.0,0.0,6.0,0.024377,85.0,92.509733,0
L00414439,8,0,11,44,0,0,20,56.0,65.42,0.012993,321.0,0,34.0,199.0,0.970294,-1.0,0,0.0,0.0,0.009028,0.022891,0.205208,0.020073,0.599381,0.85,8.0,0,18.0,0.228523,3.271,0.876023,0.205619,16.0,-1.0,0.0,0.0,0.024377,25.0,92.509733,0
L00414440,8,0,11,44,0,0,20,56.0,65.42,0.0,329.0,0,25.0,399.0,0.3584,-1.0,0,0.0,0.0,0.010834,0.022891,0.096032,0.020073,0.992899,0.43,8.0,0,18.0,0.228523,3.271,0.0,0.0,13.0,-1.0,0.0,0.0,0.024377,17.0,92.509733,0
L00414441,8,0,11,44,0,0,20,56.0,65.42,0.0,334.0,0,15.0,420.0,0.346,-1.0,0,0.0,0.0,0.01393,0.022891,0.108533,0.020073,1.067826,0.42,8.0,0,18.0,0.228523,3.271,0.0,0.0,11.0,-1.0,0.0,0.0,0.024377,14.0,92.509733,0
L00414442,8,0,11,44,0,0,20,56.0,65.42,0.045093,114.0,0,188.0,790.0,3.285745,-1.0,0,0.0,0.0,0.035998,0.022891,0.614187,0.020073,5.577941,3.36,8.0,0,18.0,0.228523,3.271,0.897818,0.713618,0.0,-1.0,0.0,7.0,0.024377,92.0,92.509733,0
L00414443,8,0,11,44,0,0,5,71.0,71.55,0.247379,334.0,0,379.0,3075.0,3.081768,0.0,1,16.0,164.0,0.016259,0.022891,0.411345,0.020073,8.233427,5.48,11.0,1,5.0,0.249476,14.31,0.957243,0.713618,0.0,9.0,1.0,6.0,0.04132,195.0,20.0,0
L00414444,8,0,11,44,0,0,5,71.0,71.55,0.146751,334.0,0,79.0,2622.0,0.416962,0.0,1,16.0,164.0,0.004925,0.022891,0.005845,0.020073,7.17971,0.08,11.0,1,5.0,0.249476,14.31,1.007286,0.1016,6.0,9.0,1.0,0.0,0.04132,64.0,20.0,0
L00414445,8,0,11,44,0,0,5,71.0,71.55,0.249476,170.0,0,96.0,373.0,6.674375,0.0,1,16.0,164.0,0.021444,0.022891,1.298906,0.020073,1.754737,6.42,11.0,1,5.0,0.249476,14.31,0.891469,1.439331,2.0,9.0,1.0,2.0,0.04132,61.0,20.0,0
L00414446,8,0,11,44,0,0,5,71.0,71.55,0.209644,334.0,0,42.0,1371.0,1.599048,0.0,1,16.0,164.0,0.023993,0.022891,0.526259,0.020073,3.950437,1.51,11.0,1,5.0,0.249476,14.31,0.781715,0.30238,13.0,9.0,1.0,1.0,0.04132,38.0,20.0,0
L00414447,8,0,11,44,0,0,5,71.0,71.55,0.146751,55.0,0,44.0,1450.0,0.418182,0.0,1,16.0,164.0,0.007618,0.022891,0.003554,0.020073,21.287879,0.08,11.0,1,5.0,0.249476,14.31,1.004348,0.1016,11.0,9.0,1.0,0.0,0.04132,27.0,20.0,0
L00414448,9,0,11,44,0,0,1,1.0,1435.29,1.0,334.0,0,191.0,983.0,456.56199,-1.0,0,0.0,0.0,0.021268,0.023216,679.893825,0.020073,2.589802,25111.09,8.0,0,1.0,1.0,1435.29,3.143691,1.0,0.0,-1.0,0.0,4.0,0.024377,107.0,92.509733,2
L00414488,9,0,11,44,0,0,37,46.0,393.65,0.040975,334.0,0,106.0,305.0,9.622736,-1.0,0,0.0,0.0,0.027679,0.022891,2.707732,0.020073,0.821972,9.53,8.0,0,37.0,0.208078,10.639189,1.676238,3.901917,0.0,-1.0,0.0,3.0,0.024377,88.0,92.509733,0
L00414490,9,0,11,44,0,0,37,46.0,393.65,0.005411,149.0,0,10.0,48.0,2.13,-1.0,0,0.0,0.0,0.016251,0.022891,0.0,0.020073,0.31087,0.0,8.0,0,37.0,0.208078,10.639189,1.0,0.515256,29.0,-1.0,0.0,0.0,0.024377,8.0,92.509733,0
L00414491,9,0,11,44,0,0,37,46.0,393.65,0.010695,334.0,0,202.0,1612.0,2.545594,-1.0,0,0.0,0.0,0.011205,0.022891,0.729543,0.020073,4.30339,2.61,8.0,0,37.0,0.208078,10.639189,1.653838,1.018417,0.0,-1.0,0.0,2.0,0.024377,129.0,92.509733,0
L00414492,9,0,11,44,0,0,37,46.0,393.65,0.021517,334.0,0,17.0,26.0,8.512353,-1.0,0,0.0,0.0,0.013177,0.022891,0.064775,0.020073,0.046732,0.18,8.0,0,37.0,0.208078,10.639189,0.995025,2.04893,29.0,-1.0,0.0,0.0,0.024377,12.0,92.509733,0
L00414493,9,0,11,44,0,0,37,46.0,393.65,0.010695,334.0,0,8.0,14.0,4.22125,-1.0,0,0.0,0.0,0.017412,0.022891,0.019687,0.020073,0.025836,0.09,8.0,0,37.0,0.208078,10.639189,0.997335,1.018417,6.0,-1.0,0.0,0.0,0.024377,7.0,92.509733,0
L00414494,9,0,11,44,0,0,37,46.0,393.65,0.036657,334.0,0,268.0,1812.0,8.124515,-1.0,0,0.0,0.0,0.005165,0.022891,1.549045,0.020073,5.011517,10.43,8.0,0,37.0,0.208078,10.639189,1.776106,3.49068,0.0,-1.0,0.0,1.0,0.024377,176.0,92.509733,0
L00414496,9,0,11,44,0,0,37,46.0,393.65,0.043135,87.0,0,114.0,515.0,9.042895,-1.0,0,0.0,0.0,0.137967,0.022891,1.11398,0.020073,4.341667,9.33,8.0,0,37.0,0.208078,10.639189,1.877717,4.107536,0.0,-1.0,0.0,18.0,0.024377,62.0,92.509733,0
L00414497,9,0,11,44,0,0,37,46.0,393.65,0.002159,279.0,0,1.0,1.0,0.85,-1.0,0,0.0,0.0,0.023216,0.022891,0.0,0.020073,2.089954,0.0,8.0,0,37.0,0.208078,10.639189,1.0,0.205619,29.0,-1.0,0.0,0.0,0.024377,1.0,92.509733,0
L00414498,9,0,11,44,0,0,37,46.0,393.65,0.030027,116.0,0,95.0,525.0,3.631263,-1.0,0,0.0,0.0,0.012935,0.022891,1.055415,0.020073,3.447445,3.36,8.0,0,37.0,0.208078,10.639189,1.627533,1.429655,0.0,-1.0,0.0,1.0,0.024377,64.0,92.509733,0
L00414499,9,0,11,44,0,0,37,46.0,393.65,0.006376,122.0,0,151.0,1505.0,2.163775,-1.0,0,0.0,0.0,0.014547,0.022891,0.389646,0.020073,10.13007,3.3,8.0,0,37.0,0.208078,10.639189,1.16001,0.60718,1.0,-1.0,0.0,2.0,0.024377,87.0,92.509733,0
L00414500,9,0,11,44,0,0,37,46.0,393.65,0.043033,163.0,0,160.0,714.0,5.689125,-1.0,0,0.0,0.0,0.06382,0.022891,1.457875,0.020073,3.668681,4.72,8.0,0,37.0,0.208078,10.639189,1.488805,2.04893,1.0,-1.0,0.0,11.0,0.024377,94.0,92.509733,0
L00414501,9,0,11,44,0,0,37,46.0,393.65,0.021517,259.0,0,67.0,144.0,6.000149,-1.0,0,0.0,0.0,0.005604,0.022891,1.198619,0.020073,0.471174,8.47,8.0,0,37.0,0.208078,10.639189,1.411632,2.04893,0.0,-1.0,0.0,0.0,0.024377,58.0,92.509733,0
L00414502,9,0,11,44,0,0,37,46.0,393.65,0.036657,300.0,0,125.0,966.0,8.55184,-1.0,0,0.0,0.0,0.003362,0.022891,2.133373,0.020073,3.092182,14.43,8.0,0,37.0,0.208078,10.639189,1.687356,3.49068,5.0,-1.0,0.0,0.0,0.024377,99.0,92.509733,0
L00414503,9,0,11,44,0,0,37,46.0,393.65,0.004217,334.0,0,181.0,1259.0,1.087459,-1.0,0,0.0,0.0,0.012376,0.022891,0.338836,0.020073,3.290169,0.98,8.0,0,37.0,0.208078,10.639189,1.526495,0.401561,0.0,-1.0,0.0,2.0,0.024377,120.0,92.509733,0
L00414504,9,0,11,44,0,0,37,46.0,393.65,0.04504,334.0,0,176.0,880.0,3.543295,-1.0,0,0.0,0.0,0.007589,0.022891,0.998046,0.020073,2.406017,4.04,8.0,0,37.0,0.208078,10.639189,1.667939,1.429655,6.0,-1.0,0.0,1.0,0.024377,114.0,92.509733,0
L00414505,9,0,11,44,0,0,37,46.0,393.65,0.019357,334.0,0,129.0,532.0,4.423256,-1.0,0,0.0,0.0,0.056963,0.022891,1.24649,0.020073,1.378873,7.78,8.0,0,37.0,0.208078,10.639189,1.722713,1.843311,0.0,-1.0,0.0,8.0,0.024377,104.0,92.509733,0
L00414506,9,0,11,44,0,0,37,46.0,393.65,0.012752,231.0,0,130.0,1335.0,2.299846,-1.0,0,0.0,0.0,0.04325,0.022891,0.575915,0.020073,5.022619,3.3,8.0,0,37.0,0.208078,10.639189,1.091377,0.60718,1.0,-1.0,0.0,6.0,0.024377,85.0,92.509733,0
L00414507,9,0,11,44,0,0,37,46.0,393.65,0.021517,254.0,0,2.0,2.0,8.47,-1.0,0,0.0,0.0,0.022161,0.022891,0.0,0.020073,0.00625,0.0,8.0,0,37.0,0.208078,10.639189,1.0,2.04893,29.0,-1.0,0.0,0.0,0.024377,2.0,92.509733,0
L00414508,9,0,11,44,0,0,37,46.0,393.65,0.043135,335.0,0,159.0,614.0,10.437358,-1.0,0,0.0,0.0,0.097696,0.022891,2.5015,0.020073,1.567826,9.4,8.0,0,37.0,0.208078,10.639189,1.626848,4.107536,11.0,-1.0,0.0,17.0,0.024377,70.0,92.509733,0
L00414509,9,0,11,44,0,0,37,46.0,393.65,0.208078,334.0,0,231.0,730.0,141.09974,-1.0,0,0.0,0.0,0.268875,0.022891,103.344967,0.020073,2.061714,922.05,8.0,0,37.0,0.208078,10.639189,0.580511,19.814387,6.0,-1.0,0.0,67.0,0.024377,123.0,92.509733,0
L00414510,9,0,11,44,0,0,37,46.0,393.65,0.08627,335.0,0,98.0,575.0,8.760612,-1.0,0,0.0,0.0,0.063454,0.022891,1.867822,0.020073,1.325281,10.4,8.0,0,37.0,0.208078,10.639189,1.938221,4.107536,0.0,-1.0,0.0,7.0,0.024377,54.0,92.509733,0
L00414511,9,0,11,44,0,0,37,46.0,393.65,0.051416,335.0,0,86.0,1345.0,3.042093,-1.0,0,0.0,0.0,0.014033,0.022891,0.943678,0.020073,3.734561,3.07,8.0,0,37.0,0.208078,10.639189,1.663328,1.224036,0.0,-1.0,0.0,1.0,0.024377,67.0,92.509733,0
L00414512,9,0,11,44,0,0,37,46.0,393.65,0.019357,334.0,0,157.0,686.0,4.220892,-1.0,0,0.0,0.0,0.053602,0.022891,0.836982,0.020073,1.792978,4.39,8.0,0,37.0,0.208078,10.639189,1.805306,1.843311,0.0,-1.0,0.0,9.0,0.024377,110.0,92.509733,0
L00414513,9,0,11,44,0,0,37,46.0,393.65,0.021517,334.0,0,114.0,461.0,4.965965,-1.0,0,0.0,0.0,0.137967,0.022891,1.607805,0.020073,1.190778,5.26,8.0,0,37.0,0.208078,10.639189,1.70561,2.04893,4.0,-1.0,0.0,18.0,0.024377,82.0,92.509733,0
L00414514,9,0,11,44,0,0,37,46.0,393.65,0.012854,334.0,0,113.0,602.0,3.145575,-1.0,0,0.0,0.0,0.018703,0.022891,0.930433,0.020073,1.618258,3.07,8.0,0,37.0,0.208078,10.639189,1.608609,1.224036,0.0,-1.0,0.0,2.0,0.024377,79.0,92.509733,0
L00414515,9,0,11,44,0,0,37,46.0,393.65,0.015013,334.0,0,38.0,234.0,3.629474,-1.0,0,0.0,0.0,0.008406,0.022891,1.087091,0.020073,0.655233,4.04,8.0,0,37.0,0.208078,10.639189,1.628335,1.429655,12.0,-1.0,0.0,0.0,0.024377,34.0,92.509733,0
L00414516,9,0,11,44,0,0,37,46.0,393.65,0.021517,334.0,0,173.0,916.0,4.666705,-1.0,0,0.0,0.0,0.038796,0.022891,1.54931,0.020073,2.501136,5.4,8.0,0,37.0,0.208078,10.639189,1.814985,2.04893,4.0,-1.0,0.0,7.0,0.024377,127.0,92.509733,0
L00414517,9,0,11,44,0,0,37,46.0,393.65,0.008536,334.0,0,73.0,586.0,1.498767,-1.0,0,0.0,0.0,0.005242,0.022891,0.471878,0.020073,1.640909,3.05,8.0,0,37.0,0.208078,10.639189,2.241843,0.812799,1.0,-1.0,0.0,0.0,0.024377,58.0,92.509733,0
L00414519,9,0,11,44,0,0,37,46.0,393.65,0.010695,327.0,0,102.0,1504.0,1.992059,-1.0,0,0.0,0.0,0.012193,0.022891,0.610611,0.020073,4.253026,2.85,8.0,0,37.0,0.208078,10.639189,2.113391,1.018417,2.0,-1.0,0.0,1.0,0.024377,73.0,92.509733,0
L00414520,9,0,11,44,0,0,37,46.0,393.65,0.010695,334.0,0,266.0,3703.0,2.146692,-1.0,0,0.0,0.0,0.012194,0.022891,0.423604,0.020073,10.201408,4.3,8.0,0,37.0,0.208078,10.639189,1.961157,1.018417,0.0,-1.0,0.0,3.0,0.024377,156.0,92.509733,0
L00414521,9,0,11,44,0,0,37,46.0,393.65,0.010695,334.0,0,149.0,1146.0,2.558255,-1.0,0,0.0,0.0,0.008802,0.022891,0.78082,0.020073,3.254755,2.8,8.0,0,37.0,0.208078,10.639189,1.645653,1.018417,9.0,-1.0,0.0,1.0,0.024377,97.0,92.509733,0
L00414522,9,0,11,44,0,0,37,46.0,393.65,0.004217,334.0,0,150.0,3352.0,0.847733,-1.0,0,0.0,0.0,0.00875,0.022891,0.325973,0.020073,9.095506,1.17,8.0,0,37.0,0.208078,10.639189,1.958163,0.401561,0.0,-1.0,0.0,1.0,0.024377,114.0,92.509733,0
L00414523,9,0,11,44,0,0,37,46.0,393.65,0.015013,334.0,0,89.0,562.0,3.745056,-1.0,0,0.0,0.0,0.013647,0.022891,1.179296,0.020073,1.501404,3.49,8.0,0,37.0,0.208078,10.639189,1.57808,1.429655,0.0,-1.0,0.0,1.0,0.024377,65.0,92.509733,0
L00414524,9,0,11,44,0,0,37,46.0,393.65,0.015013,334.0,0,176.0,963.0,3.670852,-1.0,0,0.0,0.0,0.007589,0.022891,1.098561,0.020073,2.110423,3.49,8.0,0,37.0,0.208078,10.639189,1.60998,1.429655,0.0,-1.0,0.0,1.0,0.024377,119.0,92.509733,0
L00414525,9,0,11,44,0,0,37,46.0,393.65,0.010695,333.0,0,50.0,260.0,2.7432,-1.0,0,0.0,0.0,0.021251,0.022891,1.019024,0.020073,0.698851,3.05,8.0,0,37.0,0.208078,10.639189,1.534704,1.018417,6.0,-1.0,0.0,1.0,0.024377,40.0,92.509733,0
L00414526,9,0,11,44,0,0,37,46.0,393.65,0.012854,334.0,0,41.0,69.0,5.068049,-1.0,0,0.0,0.0,0.007992,0.022891,0.01492,0.020073,0.176292,0.11,8.0,0,37.0,0.208078,10.639189,0.998412,1.224036,6.0,-1.0,0.0,0.0,0.024377,27.0,92.509733,0
L00414527,9,0,11,44,0,0,37,46.0,393.65,0.010695,334.0,0,203.0,2342.0,2.311034,-1.0,0,0.0,0.0,0.006671,0.022891,0.64054,0.020073,6.412394,2.9,8.0,0,37.0,0.208078,10.639189,1.821695,1.018417,0.0,-1.0,0.0,1.0,0.024377,141.0,92.509733,0
L00414528,9,0,11,44,0,0,33,42.0,299.48,0.039635,334.0,0,115.0,362.0,6.436609,-1.0,0,0.0,0.0,0.003611,0.022891,0.949459,0.020073,0.876338,6.68,8.0,0,33.0,0.208461,9.075152,1.844139,2.871405,0.0,-1.0,0.0,0.0,0.024377,66.0,92.509733,0
L00414529,9,0,11,44,0,0,33,42.0,299.48,0.05386,334.0,0,31.0,58.0,13.772903,-1.0,0,0.0,0.0,0.00956,0.022891,3.542789,0.020073,0.147578,12.53,8.0,0,33.0,0.208461,9.075152,1.17114,3.901917,5.0,-1.0,0.0,0.0,0.024377,28.0,92.509733,0
L00414530,9,0,11,44,0,0,33,42.0,299.48,0.011219,335.0,0,160.0,1091.0,2.054625,-1.0,0,0.0,0.0,0.002709,0.022891,0.627053,0.020073,2.904775,1.98,8.0,0,33.0,0.208461,9.075152,1.635335,0.812799,0.0,-1.0,0.0,0.0,0.024377,107.0,92.509733,0
L00414531,9,0,11,44,0,0,33,42.0,299.48,0.016896,334.0,0,115.0,897.0,2.876696,-1.0,0,0.0,0.0,0.033241,0.022891,0.609441,0.020073,2.430286,3.07,8.0,0,33.0,0.208461,9.075152,1.758963,1.224036,6.0,-1.0,0.0,4.0,0.024377,95.0,92.509733,0
L00414532,9,0,11,44,0,0,33,42.0,299.48,0.019734,241.0,0,271.0,2028.0,3.357085,-1.0,0,0.0,0.0,0.032603,0.022891,0.723622,0.020073,7.196565,4.4,8.0,0,33.0,0.208461,9.075152,1.760456,1.429655,0.0,-1.0,0.0,9.0,0.024377,133.0,92.509733,0
L00414533,9,0,11,44,0,0,1,1.0,4.21,1.0,334.0,0,77.0,417.0,2.505325,-1.0,0,0.0,0.0,0.005026,0.022891,0.762064,0.020073,1.2003,4.3,8.0,0,1.0,1.0,4.21,1.680421,1.018417,22.0,-1.0,0.0,0.0,0.024377,68.0,92.509733,0
L00414534,9,0,11,44,0,0,33,42.0,299.48,0.008381,122.0,0,151.0,1505.0,2.163775,-1.0,0,0.0,0.0,0.014547,0.022891,0.389646,0.020073,10.13007,3.3,8.0,0,33.0,0.208461,9.075152,1.16001,0.60718,1.0,-1.0,0.0,2.0,0.024377,87.0,92.509733,0
L00414535,9,0,11,44,0,0,33,42.0,299.48,0.028249,334.0,0,250.0,5517.0,1.67848,-1.0,0,0.0,0.0,0.016621,0.022891,0.49377,0.020073,15.098876,7.4,8.0,0,33.0,0.208461,9.075152,1.680092,0.68217,0.0,-1.0,0.0,4.0,0.024377,155.0,92.509733,0
L00414536,9,0,11,44,0,0,33,42.0,299.48,0.019734,41.0,0,42.0,273.0,3.485238,-1.0,0,0.0,0.0,0.040122,0.022891,0.923719,0.020073,3.996721,3.36,8.0,0,33.0,0.208461,9.075152,1.695723,1.429655,2.0,-1.0,0.0,2.0,0.024377,32.0,92.509733,0
L00414537,9,0,11,44,0,0,33,42.0,299.48,0.042474,16.0,0,26.0,49.0,7.544231,-1.0,0,0.0,0.0,0.010599,0.022891,1.99068,0.020073,0.797143,7.17,8.0,0,33.0,0.208461,9.075152,1.686057,3.077024,0.0,-1.0,0.0,0.0,0.024377,21.0,92.509733,0
L00414538,9,0,11,44,0,0,33,42.0,299.48,0.056698,335.0,0,159.0,614.0,10.437358,-1.0,0,0.0,0.0,0.097696,0.022891,2.5015,0.020073,1.567826,9.4,8.0,0,33.0,0.208461,9.075152,1.626848,4.107536,11.0,-1.0,0.0,17.0,0.024377,70.0,92.509733,0
L00414539,9,0,11,44,0,0,33,42.0,299.48,0.056231,334.0,0,202.0,1612.0,2.545594,-1.0,0,0.0,0.0,0.011205,0.022891,0.729543,0.020073,4.30339,2.61,8.0,0,33.0,0.208461,9.075152,1.653838,1.018417,0.0,-1.0,0.0,2.0,0.024377,129.0,92.509733,0
L00414540,9,0,11,44,0,0,33,42.0,299.48,0.014058,333.0,0,136.0,725.0,2.601544,-1.0,0,0.0,0.0,0.003125,0.022891,0.789839,0.020073,1.887324,2.61,8.0,0,33.0,0.208461,9.075152,1.61827,1.018417,0.0,-1.0,0.0,0.0,0.024377,101.0,92.509733,0
L00414541,9,0,11,44,0,0,33,42.0,299.48,0.025444,334.0,0,184.0,1148.0,4.435543,-1.0,0,0.0,0.0,0.012194,0.022891,1.195995,0.020073,2.595787,4.39,8.0,0,33.0,0.208461,9.075152,1.717941,1.843311,0.0,-1.0,0.0,2.0,0.024377,98.0,92.509733,0
L00414542,9,0,11,44,0,0,33,42.0,299.48,0.009951,129.0,0,2.0,2.0,2.98,-1.0,0,0.0,0.0,0.022161,0.022891,0.0,0.020073,0.002128,0.0,8.0,0,33.0,0.208461,9.075152,1.0,0.720875,29.0,-1.0,0.0,0.0,0.024377,2.0,92.509733,0
L00414543,9,0,11,44,0,0,33,42.0,299.48,0.019734,114.0,0,188.0,790.0,3.285745,-1.0,0,0.0,0.0,0.035998,0.022891,0.614187,0.020073,5.577941,3.36,8.0,0,33.0,0.208461,9.075152,1.798679,1.429655,0.0,-1.0,0.0,7.0,0.024377,92.0,92.509733,0
L00414544,9,0,11,44,0,0,33,42.0,299.48,0.033658,334.0,0,75.0,619.0,1.806,-1.0,0,0.0,0.0,0.026185,0.022891,0.595093,0.020073,1.552394,2.18,8.0,0,33.0,0.208461,9.075152,1.860465,0.812799,1.0,-1.0,0.0,2.0,0.024377,53.0,92.509733,0
L00414545,9,0,11,44,0,0,33,42.0,299.48,0.008381,334.0,0,45.0,1236.0,1.693556,-1.0,0,0.0,0.0,0.007501,0.022891,0.588583,0.020073,3.478857,1.51,8.0,0,33.0,0.208461,9.075152,1.482089,0.60718,6.0,-1.0,0.0,0.0,0.024377,41.0,92.509733,0
L00414546,9,0,11,44,0,0,33,42.0,299.48,0.011219,334.0,0,113.0,937.0,2.155044,-1.0,0,0.0,0.0,0.033741,0.022891,0.718647,0.020073,2.480282,1.98,8.0,0,33.0,0.208461,9.075152,1.559133,0.812799,0.0,-1.0,0.0,4.0,0.024377,82.0,92.509733,0
L00414547,9,0,11,44,0,0,33,42.0,299.48,0.011219,334.0,0,85.0,555.0,1.801294,-1.0,0,0.0,0.0,0.023691,0.022891,0.821683,0.020073,1.545143,2.37,8.0,0,33.0,0.208461,9.075152,1.865326,0.812799,6.0,-1.0,0.0,2.0,0.024377,69.0,92.509733,0
L00414548,9,0,11,44,0,0,33,42.0,299.48,0.042474,129.0,0,6.0,6.0,12.72,-1.0,0,0.0,0.0,0.018751,0.022891,0.0,0.020073,0.025,0.0,8.0,0,33.0,0.208461,9.075152,1.0,3.077024,6.0,-1.0,0.0,0.0,0.024377,5.0,92.509733,0
L00414549,9,0,11,44,0,0,33,42.0,299.48,0.208461,334.0,0,231.0,730.0,141.09974,-1.0,0,0.0,0.0,0.268875,0.022891,103.344967,0.020073,2.061714,922.05,8.0,0,33.0,0.208461,9.075152,0.442453,15.10209,6.0,-1.0,0.0,67.0,0.024377,123.0,92.509733,0
L00414550,9,0,11,44,0,0,33,42.0,299.48,0.022606,334.0,0,93.0,368.0,3.775161,-1.0,0,0.0,0.0,0.066261,0.022891,0.913715,0.020073,0.98892,4.16,8.0,0,33.0,0.208461,9.075152,1.793301,1.637693,1.0,-1.0,0.0,7.0,0.024377,71.0,92.509733,0
L00414551,9,0,11,44,0,0,33,42.0,299.48,0.056698,334.0,0,128.0,445.0,8.146016,-1.0,0,0.0,0.0,0.023564,0.022891,0.701718,0.020073,1.204789,11.0,8.0,0,33.0,0.208461,9.075152,2.084455,4.107536,0.0,-1.0,0.0,3.0,0.024377,101.0,92.509733,0
L00414552,9,0,11,44,0,0,33,42.0,299.48,0.014058,333.0,0,50.0,260.0,2.7432,-1.0,0,0.0,0.0,0.021251,0.022891,1.019024,0.020073,0.698851,3.05,8.0,0,33.0,0.208461,9.075152,1.534704,1.018417,6.0,-1.0,0.0,1.0,0.024377,40.0,92.509733,0
L00414553,9,0,11,44,0,0,33,42.0,299.48,0.025144,334.0,0,138.0,1503.0,1.523768,-1.0,0,0.0,0.0,0.066377,0.022891,0.434014,0.020073,3.624789,1.51,8.0,0,33.0,0.208461,9.075152,1.647232,0.60718,0.0,-1.0,0.0,10.0,0.024377,101.0,92.509733,0
L00414554,9,0,11,44,0,0,33,42.0,299.48,0.056698,335.0,0,98.0,575.0,8.760612,-1.0,0,0.0,0.0,0.063454,0.022891,1.867822,0.020073,1.325281,10.4,8.0,0,33.0,0.208461,9.075152,1.938221,4.107536,0.0,-1.0,0.0,7.0,0.024377,54.0,92.509733,0
L00414555,9,0,11,44,0,0,33,42.0,299.48,0.008381,334.0,0,56.0,433.0,1.347143,-1.0,0,0.0,0.0,0.006415,0.022891,0.249184,0.020073,1.189181,2.13,8.0,0,33.0,0.208461,9.075152,1.863203,0.60718,5.0,-1.0,0.0,0.0,0.024377,48.0,92.509733,0
L00414556,9,0,11,44,0,0,33,42.0,299.48,0.014058,334.0,0,149.0,1146.0,2.558255,-1.0,0,0.0,0.0,0.008802,0.022891,0.78082,0.020073,3.254755,2.8,8.0,0,33.0,0.208461,9.075152,1.645653,1.018417,9.0,-1.0,0.0,1.0,0.024377,97.0,92.509733,0
L00414557,9,0,11,44,0,0,33,42.0,299.48,0.014058,334.0,0,203.0,2342.0,2.311034,-1.0,0,0.0,0.0,0.006671,0.022891,0.64054,0.020073,6.412394,2.9,8.0,0,33.0,0.208461,9.075152,1.821695,1.018417,0.0,-1.0,0.0,1.0,0.024377,141.0,92.509733,0
L00414558,9,0,11,44,0,0,33,42.0,299.48,0.011219,332.0,0,21.0,158.0,2.239524,-1.0,0,0.0,0.0,0.011891,0.022891,0.540227,0.020073,0.393084,3.05,8.0,0,33.0,0.208461,9.075152,1.500319,0.812799,2.0,-1.0,0.0,0.0,0.024377,21.0,92.509733,0
L00414559,9,0,11,44,0,0,33,42.0,299.48,0.005543,289.0,0,6.0,33.0,0.986667,-1.0,0,0.0,0.0,0.018751,0.022891,0.448889,0.020073,0.101064,1.01,8.0,0,33.0,0.208461,9.075152,1.682432,0.401561,29.0,-1.0,0.0,0.0,0.024377,6.0,92.509733,0
L00414560,9,0,11,44,0,0,33,42.0,299.48,0.008381,333.0,0,38.0,239.0,1.415789,-1.0,0,0.0,0.0,0.008406,0.022891,0.28795,0.020073,0.664407,1.26,8.0,0,33.0,0.208461,9.075152,1.772862,0.60718,1.0,-1.0,0.0,0.0,0.024377,35.0,92.509733,0
L00414561,9,0,11,44,0,0,33,42.0,299.48,0.025444,334.0,0,124.0,512.0,4.456855,-1.0,0,0.0,0.0,0.017275,0.022891,1.186328,0.020073,1.360955,4.39,8.0,0,33.0,0.208461,9.075152,1.709726,1.843311,0.0,-1.0,0.0,2.0,0.024377,79.0,92.509733,0
L00414573,9,0,11,44,0,0,1,1.0,92.03,1.0,334.0,0,191.0,983.0,456.56199,189.0,1,364.0,1543.0,0.021268,0.022891,679.893825,0.020073,2.589802,25111.09,10.0,0,1.0,1.0,92.03,0.201572,22.262459,0.0,9.0,4.0,4.0,0.011686,107.0,42.0,2
L00414622,10,0,11,44,0,0,65,239.0,495.79,0.020069,165.0,0,103.0,325.0,10.475049,324.0,1,149.0,459.0,0.060874,0.022891,1.242324,0.020073,1.597312,16.43,11.0,1,60.0,0.083301,7.627538,0.949876,2.406948,0.0,29.0,0.0,7.0,0.002885,74.0,162.5,0
L00414623,10,0,11,44,0,0,65,239.0,495.79,0.020069,231.0,0,80.0,221.0,10.268125,324.0,1,149.0,459.0,0.134875,0.022891,0.758391,0.020073,0.841434,11.89,11.0,1,60.0,0.083301,7.627538,0.969018,2.406948,0.0,29.0,0.0,13.0,0.002885,63.0,162.5,0
L00414624,10,0,11,44,0,0,65,239.0,495.79,0.045382,334.0,0,22.0,87.0,3.954091,324.0,1,149.0,459.0,0.011608,0.022891,0.371074,0.020073,0.169208,4.03,11.0,1,60.0,0.083301,7.627538,0.948385,0.907141,15.0,29.0,0.0,0.0,0.002885,19.0,162.5,0
L00414625,10,0,11,44,0,0,65,239.0,495.79,0.035701,335.0,0,333.0,5795.0,3.337658,324.0,1,149.0,459.0,0.02971,0.022891,0.750857,0.020073,12.557865,4.95,11.0,1,60.0,0.083301,7.627538,0.883853,0.713618,0.0,29.0,0.0,10.0,0.002885,105.0,162.5,0
L00414626,10,0,11,44,0,0,65,239.0,495.79,0.083301,46.0,0,195.0,2526.0,3.113231,324.0,1,149.0,459.0,0.020872,0.022891,0.39239,0.020073,34.098438,6.95,11.0,1,60.0,0.083301,7.627538,0.947569,0.713618,0.0,29.0,0.0,4.0,0.002885,60.0,162.5,0
L00414627,10,0,11,44,0,0,65,239.0,495.79,0.025717,55.0,0,90.0,407.0,4.542222,324.0,1,149.0,459.0,0.077159,0.022891,0.556593,0.020073,5.008219,6.2,11.0,1,60.0,0.083301,7.627538,0.935665,1.028094,0.0,29.0,0.0,8.0,0.002885,51.0,162.5,0
L00414628,10,0,11,44,0,0,65,239.0,495.79,0.036003,103.0,0,75.0,263.0,6.581467,324.0,1,149.0,459.0,0.078816,0.022891,1.12822,0.020073,2.109244,5.92,11.0,1,60.0,0.083301,7.627538,0.904054,1.439331,1.0,29.0,0.0,7.0,0.002885,50.0,162.5,0
L00414629,10,0,11,44,0,0,65,239.0,495.79,0.00595,46.0,0,195.0,2526.0,3.113231,324.0,1,149.0,459.0,0.020872,0.022891,0.39239,0.020073,34.098438,6.95,11.0,1,60.0,0.083301,7.627538,0.947569,0.713618,0.0,29.0,0.0,4.0,0.002885,60.0,162.5,0
L00414630,10,0,11,44,0,0,65,239.0,495.79,0.019968,46.0,0,177.0,5091.0,0.64904,324.0,1,149.0,459.0,0.012627,0.022891,0.188148,0.020073,70.75873,1.71,11.0,1,60.0,0.083301,7.627538,0.847406,0.133047,0.0,29.0,0.0,2.0,0.002885,58.0,162.5,0
L00414631,10,0,11,44,0,0,65,239.0,495.79,0.047601,332.0,0,161.0,1697.0,3.081801,324.0,1,149.0,459.0,0.030318,0.022891,0.262079,0.020073,4.641808,4.4,11.0,1,60.0,0.083301,7.627538,0.957232,0.713618,0.0,29.0,0.0,5.0,0.002885,76.0,162.5,0
L00414632,10,0,11,44,0,0,65,239.0,495.79,0.00595,335.0,0,123.0,910.0,3.081057,324.0,1,149.0,459.0,0.024388,0.022891,0.529831,0.020073,2.48507,4.79,11.0,1,60.0,0.083301,7.627538,0.957464,0.713618,1.0,29.0,0.0,3.0,0.002885,83.0,162.5,0
L00414633,10,0,11,44,0,0,65,239.0,495.79,0.004236,51.0,0,217.0,2088.0,2.280507,324.0,1,149.0,459.0,0.010496,0.022891,0.342589,0.020073,25.908219,3.21,11.0,1,60.0,0.083301,7.627538,0.920848,0.507999,0.0,29.0,0.0,2.0,0.002885,61.0,162.5,0
L00414634,10,0,11,44,0,0,65,239.0,495.79,0.025414,333.0,0,50.0,260.0,2.7432,324.0,1,149.0,459.0,0.021251,0.022891,1.019024,0.020073,0.698851,3.05,11.0,1,60.0,0.083301,7.627538,0.765529,0.507999,6.0,29.0,0.0,1.0,0.002885,40.0,162.5,0
L00414635,10,0,11,44,0,0,65,239.0,495.79,0.004236,51.0,0,184.0,2061.0,2.262935,324.0,1,149.0,459.0,0.00239,0.022891,0.322814,0.020073,24.387671,3.21,11.0,1,60.0,0.083301,7.627538,0.927998,0.507999,0.0,29.0,0.0,0.0,0.002885,60.0,162.5,0
L00414636,10,0,11,44,0,0,65,239.0,495.79,0.017144,164.0,0,97.0,258.0,8.722784,324.0,1,149.0,459.0,0.046902,0.022891,0.571993,0.020073,1.250279,12.3,11.0,1,60.0,0.083301,7.627538,0.97446,2.056187,4.0,29.0,0.0,5.0,0.002885,72.0,162.5,0
L00414637,10,0,11,44,0,0,65,239.0,495.79,0.010085,334.0,0,123.0,1458.0,1.411138,324.0,1,149.0,459.0,0.045367,0.022891,0.305702,0.020073,3.84382,1.51,11.0,1,60.0,0.083301,7.627538,0.88581,0.30238,0.0,29.0,0.0,6.0,0.002885,99.0,162.5,0
L00414638,10,0,11,44,0,0,65,239.0,495.79,0.007564,87.0,0,46.0,276.0,1.606087,324.0,1,149.0,459.0,0.03769,0.022891,0.510907,0.020073,2.712632,1.26,11.0,1,60.0,0.083301,7.627538,0.778289,0.30238,9.0,29.0,0.0,2.0,0.002885,32.0,162.5,0
L00414639,10,0,11,44,0,0,65,239.0,495.79,0.005143,87.0,0,84.0,617.0,0.964167,324.0,1,149.0,459.0,0.014303,0.022891,0.19881,0.020073,5.639423,0.94,11.0,1,60.0,0.083301,7.627538,0.88159,0.205619,0.0,29.0,0.0,1.0,0.002885,48.0,162.5,0
L00414640,10,0,11,44,0,0,65,239.0,495.79,0.012707,37.0,0,118.0,614.0,2.252203,324.0,1,149.0,459.0,0.075997,0.022891,0.292413,0.020073,8.661404,3.21,11.0,1,60.0,0.083301,7.627538,0.93242,0.507999,0.0,29.0,0.0,10.0,0.002885,46.0,162.5,0
L00414641,10,0,11,44,0,0,65,239.0,495.79,0.008471,37.0,0,61.0,244.0,2.177049,324.0,1,149.0,459.0,0.043056,0.022891,0.157571,0.020073,3.233333,3.1,11.0,1,60.0,0.083301,7.627538,0.964608,0.507999,0.0,29.0,0.0,3.0,0.002885,34.0,162.5,0
L00414642,10,0,11,44,0,0,65,239.0,495.79,0.008471,37.0,0,96.0,458.0,2.278229,324.0,1,149.0,459.0,0.004203,0.022891,0.337378,0.020073,6.487719,3.1,11.0,1,60.0,0.083301,7.627538,0.921769,0.507999,0.0,29.0,0.0,0.0,0.002885,42.0,162.5,0
L00414643,10,0,11,44,0,0,65,239.0,495.79,0.020069,9.0,0,32.0,71.0,11.117812,324.0,1,149.0,459.0,0.047837,0.022891,2.315547,0.020073,2.033333,11.88,11.0,1,60.0,0.083301,7.627538,0.89496,2.406948,0.0,29.0,0.0,2.0,0.002885,18.0,162.5,0
L00414644,10,0,11,44,0,0,65,239.0,495.79,0.010085,334.0,0,169.0,1897.0,1.433846,324.0,1,149.0,459.0,0.044908,0.022891,0.331288,0.020073,5.210986,2.3,11.0,1,60.0,0.083301,7.627538,0.871781,0.30238,0.0,29.0,0.0,8.0,0.002885,126.0,162.5,0
L00414645,10,0,11,44,0,0,65,239.0,495.79,0.010085,334.0,0,88.0,693.0,1.443977,324.0,1,149.0,459.0,0.032292,0.022891,0.339189,0.020073,1.767042,1.45,11.0,1,60.0,0.083301,7.627538,0.865665,0.30238,0.0,29.0,0.0,3.0,0.002885,76.0,162.5,0
L00414646,10,0,11,44,0,0,65,239.0,495.79,0.010085,334.0,0,147.0,1762.0,1.542653,324.0,1,149.0,459.0,0.008907,0.022891,0.477104,0.020073,4.766573,2.3,11.0,1,60.0,0.083301,7.627538,0.810292,0.30238,0.0,29.0,0.0,1.0,0.002885,113.0,162.5,0
L00414647,10,0,11,44,0,0,65,239.0,495.79,0.007564,334.0,0,178.0,1372.0,1.571742,324.0,1,149.0,459.0,0.012563,0.022891,0.488035,0.020073,3.798592,2.11,11.0,1,60.0,0.083301,7.627538,0.795296,0.30238,0.0,29.0,0.0,2.0,0.002885,116.0,162.5,0
L00414648,10,0,11,44,0,0,65,239.0,495.79,0.020069,9.0,0,32.0,71.0,11.117812,324.0,1,149.0,459.0,0.047837,0.022891,2.315547,0.020073,2.033333,11.88,11.0,1,60.0,0.083301,7.627538,0.89496,2.406948,0.0,29.0,0.0,2.0,0.002885,18.0,162.5,0
L00414649,10,0,11,44,0,0,65,239.0,495.79,0.012001,164.0,0,160.0,714.0,5.689125,324.0,1,149.0,459.0,0.06382,0.022891,1.457875,0.020073,3.668681,4.72,11.0,1,60.0,0.083301,7.627538,1.045855,1.439331,1.0,29.0,0.0,11.0,0.002885,94.0,162.5,0
L00414650,10,0,11,44,0,0,65,239.0,495.79,0.020069,165.0,0,100.0,266.0,10.1028,324.0,1,149.0,459.0,0.062396,0.022891,0.502488,0.020073,1.267204,16.45,11.0,1,60.0,0.083301,7.627538,0.984875,2.406948,0.0,29.0,0.0,7.0,0.002885,76.0,162.5,0
L00414651,10,0,11,44,0,0,65,239.0,495.79,0.003328,333.0,0,55.0,469.0,1.840364,324.0,1,149.0,459.0,0.0065,0.022891,0.339193,0.020073,1.246921,1.78,11.0,1,60.0,0.083301,7.627538,0.896562,0.399142,14.0,29.0,0.0,0.0,0.002885,46.0,162.5,0
L00414652,10,0,11,44,0,0,65,239.0,495.79,0.003328,333.0,0,55.0,469.0,1.840364,324.0,1,149.0,459.0,0.0065,0.022891,0.339193,0.020073,1.246921,1.78,11.0,1,60.0,0.083301,7.627538,0.896562,0.399142,14.0,29.0,0.0,0.0,0.002885,46.0,162.5,0
L00414653,10,0,11,44,0,0,65,239.0,495.79,0.007866,334.0,0,188.0,2340.0,2.330798,324.0,1,149.0,459.0,0.011959,0.022891,0.660686,0.020073,6.392676,3.41,11.0,1,60.0,0.083301,7.627538,0.836623,0.471714,0.0,29.0,0.0,2.0,0.002885,135.0,162.5,0
L00414654,10,0,11,44,0,0,65,239.0,495.79,0.00595,335.0,0,85.0,470.0,3.584824,324.0,1,149.0,459.0,0.004643,0.022891,1.066087,0.020073,1.257265,4.79,11.0,1,60.0,0.083301,7.627538,0.822914,0.713618,2.0,29.0,0.0,0.0,0.002885,69.0,162.5,0
L00414655,10,0,11,44,0,0,65,239.0,495.79,0.00595,333.0,0,68.0,294.0,3.414412,324.0,1,149.0,459.0,0.016904,0.022891,0.818867,0.020073,0.766102,4.06,11.0,1,60.0,0.083301,7.627538,0.863985,0.713618,1.0,29.0,0.0,1.0,0.002885,59.0,162.5,0
L00414656,10,0,11,44,0,0,65,239.0,495.79,0.006656,282.0,0,342.0,3978.0,1.732222,324.0,1,149.0,459.0,0.009634,0.022891,0.202859,0.020073,12.611628,4.21,11.0,1,60.0,0.083301,7.627538,0.952534,0.399142,0.0,29.0,0.0,3.0,0.002885,185.0,162.5,0
L00414657,10,0,11,44,0,0,65,239.0,495.79,0.006656,335.0,0,514.0,7034.0,1.937626,324.0,1,149.0,459.0,0.053347,0.022891,0.541362,0.020073,19.403099,3.87,11.0,1,60.0,0.083301,7.627538,0.851557,0.399142,0.0,29.0,0.0,28.0,0.002885,236.0,162.5,0
L00414658,10,0,11,44,0,0,65,239.0,495.79,0.006656,279.0,0,358.0,3649.0,1.824441,324.0,1,149.0,459.0,0.043618,0.022891,0.337927,0.020073,11.942525,3.61,11.0,1,60.0,0.083301,7.627538,0.904386,0.399142,0.0,29.0,0.0,16.0,0.002885,191.0,162.5,0
L00414659,10,0,11,44,0,0,65,239.0,495.79,0.01311,334.0,0,93.0,368.0,3.775161,324.0,1,149.0,459.0,0.066261,0.022891,0.913715,0.020073,0.98892,4.16,11.0,1,60.0,0.083301,7.627538,0.86089,0.786189,1.0,29.0,0.0,7.0,0.002885,71.0,162.5,0
L00414660,10,0,11,44,0,0,65,239.0,495.79,0.00595,333.0,0,48.0,215.0,3.628125,324.0,1,149.0,459.0,0.00717,0.022891,1.062109,0.020073,0.584814,3.49,11.0,1,60.0,0.083301,7.627538,0.813092,0.713618,1.0,29.0,0.0,0.0,0.002885,42.0,162.5,0
L00414661,10,0,11,44,0,0,65,239.0,495.79,0.01311,334.0,0,114.0,593.0,3.861667,324.0,1,149.0,459.0,0.018564,0.022891,1.035205,0.020073,1.595198,4.16,11.0,1,60.0,0.083301,7.627538,0.841606,0.786189,1.0,29.0,0.0,2.0,0.002885,88.0,162.5,0
L00414662,10,0,11,44,0,0,65,239.0,495.79,0.024002,164.0,0,160.0,714.0,5.689125,324.0,1,149.0,459.0,0.06382,0.022891,1.457875,0.020073,3.668681,4.72,11.0,1,60.0,0.083301,7.627538,1.045855,1.439331,1.0,29.0,0.0,11.0,0.002885,94.0,162.5,0
L00414663,10,0,11,44,0,0,65,239.0,495.79,0.006858,334.0,0,154.0,1496.0,0.966104,324.0,1,149.0,459.0,0.020043,0.022891,0.207787,0.020073,4.182857,0.98,11.0,1,60.0,0.083301,7.627538,0.879823,0.205619,6.0,29.0,0.0,3.0,0.002885,111.0,162.5,0
L00414664,10,0,11,44,0,0,65,239.0,495.79,0.006858,334.0,0,173.0,1943.0,0.971561,324.0,1,149.0,459.0,0.028433,0.022891,0.218606,0.020073,5.178371,1.79,11.0,1,60.0,0.083301,7.627538,0.874881,0.205619,0.0,29.0,0.0,5.0,0.002885,128.0,162.5,0
L00414665,10,0,11,44,0,0,65,239.0,495.79,0.006858,334.0,0,158.0,1628.0,1.010316,324.0,1,149.0,459.0,0.025211,0.022891,0.269753,0.020073,4.521902,1.79,11.0,1,60.0,0.083301,7.627538,0.841321,0.205619,9.0,29.0,0.0,4.0,0.002885,116.0,162.5,0
L00414666,10,0,11,44,0,0,65,239.0,495.79,0.0119,334.0,0,222.0,1614.0,3.383784,324.0,1,149.0,459.0,0.006147,0.022891,0.778244,0.020073,4.116573,4.22,11.0,1,60.0,0.083301,7.627538,0.871805,0.713618,0.0,29.0,0.0,1.0,0.002885,117.0,162.5,0
L00414667,10,0,11,44,0,0,65,239.0,495.79,0.019968,335.0,0,307.0,1364.0,5.359544,324.0,1,149.0,459.0,0.206384,0.022891,0.823779,0.020073,3.94139,7.64,11.0,1,60.0,0.083301,7.627538,0.923586,1.197427,25.0,29.0,0.0,67.0,0.002885,174.0,162.5,0
L00414668,10,0,11,44,0,0,65,239.0,495.79,0.021178,334.0,0,80.0,2325.0,0.418,324.0,1,149.0,459.0,0.004875,0.022891,0.0039,0.020073,6.016949,0.08,11.0,1,60.0,0.083301,7.627538,1.004785,0.1016,2.0,29.0,0.0,0.0,0.002885,71.0,162.5,0
L00414669,10,0,11,44,0,0,65,239.0,495.79,0.021178,334.0,0,95.0,3100.0,0.416632,324.0,1,149.0,459.0,0.004239,0.022891,0.006453,0.020073,8.283898,0.08,11.0,1,60.0,0.083301,7.627538,1.008085,0.1016,2.0,29.0,0.0,0.0,0.002885,80.0,162.5,0
L00414670,10,0,11,44,0,0,65,239.0,495.79,0.012001,104.0,0,85.0,324.0,6.573294,324.0,1,149.0,459.0,0.07131,0.022891,1.140008,0.020073,2.517797,7.77,11.0,1,60.0,0.083301,7.627538,0.905178,1.439331,0.0,29.0,0.0,7.0,0.002885,53.0,162.5,0
L00414671,10,0,11,44,0,0,65,239.0,495.79,0.007866,275.0,0,200.0,2611.0,2.10165,324.0,1,149.0,459.0,0.029489,0.022891,0.316585,0.020073,8.691246,3.41,11.0,1,60.0,0.083301,7.627538,0.927842,0.471714,0.0,29.0,0.0,6.0,0.002885,135.0,162.5,0
L00414672,10,0,11,44,0,0,65,239.0,495.79,0.030255,334.0,0,220.0,1611.0,3.969409,324.0,1,149.0,459.0,0.006198,0.022891,0.435797,0.020073,4.429915,4.39,11.0,1,60.0,0.083301,7.627538,0.944725,0.907141,5.0,29.0,0.0,1.0,0.002885,144.0,162.5,0
L00414673,10,0,11,44,0,0,65,239.0,495.79,0.007564,335.0,0,155.0,551.0,4.352839,324.0,1,149.0,459.0,0.019929,0.022891,1.028282,0.020073,1.483099,4.39,11.0,1,60.0,0.083301,7.627538,0.861507,0.907141,1.0,29.0,0.0,3.0,0.002885,113.0,162.5,0
L00414674,10,0,11,44,0,0,65,239.0,495.79,0.007866,334.0,0,413.0,5554.0,2.253341,324.0,1,149.0,459.0,0.031149,0.022891,0.557835,0.020073,14.986798,3.41,11.0,1,60.0,0.083301,7.627538,0.865382,0.471714,0.0,29.0,0.0,13.0,0.002885,211.0,162.5,0
L00414675,10,0,11,44,0,0,65,239.0,495.79,0.007866,275.0,0,362.0,5534.0,2.092928,324.0,1,149.0,459.0,0.027454,0.022891,0.305894,0.020073,17.83468,3.41,11.0,1,60.0,0.083301,7.627538,0.931709,0.471714,0.0,29.0,0.0,10.0,0.002885,197.0,162.5,0
L00414676,10,0,11,44,0,0,65,239.0,495.79,0.00595,335.0,0,85.0,470.0,3.584824,324.0,1,149.0,459.0,0.004643,0.022891,1.066087,0.020073,1.257265,4.79,11.0,1,60.0,0.083301,7.627538,0.822914,0.713618,2.0,29.0,0.0,0.0,0.002885,69.0,162.5,0
L00414677,10,0,11,44,0,0,65,239.0,495.79,0.005849,220.0,0,128.0,1087.0,1.684062,324.0,1,149.0,459.0,0.003294,0.022891,0.418984,0.020073,4.39876,2.11,11.0,1,60.0,0.083301,7.627538,0.861013,0.350761,0.0,29.0,0.0,0.0,0.002885,90.0,162.5,0
L00414678,10,0,11,44,0,0,65,239.0,495.79,0.005042,334.0,0,263.0,3218.0,1.47289,324.0,1,149.0,459.0,0.00879,0.022891,0.377674,0.020073,8.504494,1.89,11.0,1,60.0,0.083301,7.627538,0.848672,0.30238,0.0,29.0,0.0,2.0,0.002885,160.0,162.5,0
L00414679,10,0,11,44,0,0,65,239.0,495.79,0.007866,335.0,0,285.0,5190.0,2.25014,324.0,1,149.0,459.0,0.021271,0.022891,0.581295,0.020073,14.383146,3.41,11.0,1,60.0,0.083301,7.627538,0.866613,0.471714,0.0,29.0,0.0,6.0,0.002885,171.0,162.5,0
L00414680,10,0,11,44,0,0,65,239.0,495.79,0.013635,334.0,0,126.0,1547.0,1.855476,324.0,1,149.0,459.0,0.010189,0.022891,0.327283,0.020073,4.319718,2.76,11.0,1,60.0,0.083301,7.627538,0.910817,0.408818,0.0,29.0,0.0,1.0,0.002885,99.0,162.5,0
L00414681,10,0,11,44,0,0,65,239.0,495.79,0.013635,334.0,0,113.0,1543.0,1.868938,324.0,1,149.0,459.0,0.003666,0.022891,0.373183,0.020073,4.130836,3.43,11.0,1,60.0,0.083301,7.627538,0.904257,0.408818,9.0,29.0,0.0,0.0,0.002885,90.0,162.5,0
L00414682,10,0,11,44,0,0,65,239.0,495.79,0.013635,334.0,0,89.0,1202.0,1.862247,324.0,1,149.0,459.0,0.04117,0.022891,0.338147,0.020073,3.343305,1.98,11.0,1,60.0,0.083301,7.627538,0.907506,0.408818,5.0,29.0,0.0,4.0,0.002885,78.0,162.5,0
L00414683,10,0,11,44,0,0,65,239.0,495.79,0.030255,334.0,0,219.0,1610.0,3.823516,324.0,1,149.0,459.0,0.00204,0.022891,0.173355,0.020073,4.422472,5.32,11.0,1,60.0,0.083301,7.627538,0.980773,0.907141,0.0,29.0,0.0,0.0,0.002885,146.0,162.5,0
L00414684,10,0,11,44,0,0,65,239.0,495.79,0.030255,334.0,0,218.0,1487.0,3.883761,324.0,1,149.0,459.0,0.03146,0.022891,0.274219,0.020073,4.104775,4.23,11.0,1,60.0,0.083301,7.627538,0.965559,0.907141,0.0,29.0,0.0,7.0,0.002885,145.0,162.5,0
L00414685,10,0,11,44,0,0,65,239.0,495.79,0.013635,334.0,0,65.0,457.0,1.866154,324.0,1,149.0,459.0,0.029265,0.022891,0.321751,0.020073,1.27913,1.91,11.0,1,60.0,0.083301,7.627538,0.905606,0.408818,9.0,29.0,0.0,2.0,0.002885,58.0,162.5,0
L00414686,10,0,11,44,0,0,65,239.0,495.79,0.030255,334.0,0,115.0,851.0,3.872087,324.0,1,149.0,459.0,0.003611,0.022891,0.260724,0.020073,2.363764,4.23,11.0,1,60.0,0.083301,7.627538,0.96847,0.907141,0.0,29.0,0.0,0.0,0.002885,85.0,162.5,0
L00414687,10,0,11,44,0,0,48,564.0,1156.95,0.009076,334.0,0,68.0,2126.0,0.415294,80.0,1,85.0,877.0,0.028267,0.022891,0.008858,0.020073,5.650997,0.08,11.0,1,48.0,0.058602,24.103125,1.011331,0.1016,4.0,29.0,0.0,2.0,0.004643,57.0,81.0,0
L00414688,10,0,11,44,0,0,48,564.0,1156.95,0.011755,334.0,0,36.0,539.0,0.913889,80.0,1,85.0,877.0,0.04442,0.022891,0.128796,0.020073,1.471221,1.06,11.0,1,48.0,0.058602,24.103125,0.930091,0.205619,9.0,29.0,0.0,2.0,0.004643,33.0,81.0,0
L00414689,10,0,11,44,0,0,48,564.0,1156.95,0.012965,334.0,0,117.0,1595.0,1.422308,80.0,1,85.0,877.0,0.018157,0.022891,0.309573,0.020073,4.335593,4.98,11.0,1,48.0,0.058602,24.103125,0.878853,0.30238,2.0,29.0,0.0,2.0,0.004643,77.0,81.0,0
L00414690,10,0,11,44,0,0,48,564.0,1156.95,0.025671,178.0,0,97.0,430.0,5.205773,80.0,1,85.0,877.0,0.021261,0.022891,0.519318,0.020073,2.07868,8.7,11.0,1,48.0,0.058602,24.103125,0.950867,1.197427,0.0,29.0,0.0,2.0,0.004643,68.0,81.0,0
L00414691,10,0,11,44,0,0,48,564.0,1156.95,0.017633,334.0,0,34.0,407.0,1.119118,80.0,1,85.0,877.0,0.009028,0.022891,0.3641,0.020073,0.776812,0.85,11.0,1,48.0,0.058602,24.103125,0.759527,0.205619,11.0,29.0,0.0,0.0,0.004643,26.0,81.0,0
L00414692,10,0,11,44,0,0,48,564.0,1156.95,0.026449,334.0,0,28.0,285.0,2.697143,80.0,1,85.0,877.0,0.010157,0.022891,0.337551,0.020073,0.786158,2.96,11.0,1,48.0,0.058602,24.103125,0.945445,0.616856,1.0,29.0,0.0,0.0,0.004643,25.0,81.0,0
L00414693,10,0,11,44,0,0,48,564.0,1156.95,0.029388,87.0,0,114.0,515.0,9.042895,80.0,1,85.0,877.0,0.137967,0.022891,1.11398,0.020073,4.341667,9.33,11.0,1,48.0,0.058602,24.103125,0.939964,2.056187,0.0,29.0,0.0,18.0,0.004643,62.0,81.0,0
L00414694,10,0,11,44,0,0,48,564.0,1156.95,0.008816,335.0,0,344.0,4015.0,0.991831,80.0,1,85.0,877.0,0.015076,0.022891,0.240978,0.020073,10.843539,1.23,11.0,1,48.0,0.058602,24.103125,0.857,0.205619,0.0,29.0,0.0,5.0,0.004643,183.0,81.0,0
L00414695,10,0,11,44,0,0,48,564.0,1156.95,0.015299,335.0,0,125.0,797.0,3.16992,80.0,1,85.0,877.0,0.017155,0.022891,0.446733,0.020073,2.139326,4.12,11.0,1,48.0,0.058602,24.103125,0.930623,0.713618,0.0,29.0,0.0,2.0,0.004643,97.0,81.0,0
L00414696,10,0,11,44,0,0,48,564.0,1156.95,0.034401,177.0,0,116.0,503.0,10.587759,80.0,1,85.0,877.0,0.010938,0.022891,1.348546,0.020073,2.49641,16.45,11.0,1,48.0,0.058602,24.103125,0.939765,2.406948,4.0,29.0,0.0,1.0,0.004643,81.0,81.0,0
L00414697,10,0,11,44,0,0,48,564.0,1156.95,0.026449,334.0,0,86.0,632.0,2.544767,80.0,1,85.0,877.0,0.014033,0.022891,0.010343,0.020073,1.720621,0.45,11.0,1,48.0,0.058602,24.103125,1.002056,0.616856,0.0,29.0,0.0,1.0,0.004643,53.0,81.0,0
L00414698,10,0,11,44,0,0,48,564.0,1156.95,0.010891,37.0,0,106.0,604.0,2.329151,80.0,1,85.0,877.0,0.003869,0.022891,0.420365,0.020073,8.414035,3.21,11.0,1,48.0,0.058602,24.103125,0.901616,0.507999,0.0,29.0,0.0,0.0,0.004643,43.0,81.0,0
L00414699,10,0,11,44,0,0,48,564.0,1156.95,0.01504,333.0,0,50.0,498.0,1.572,80.0,1,85.0,877.0,0.021251,0.022891,0.23248,0.020073,1.384463,1.79,11.0,1,48.0,0.058602,24.103125,0.922392,0.350761,1.0,29.0,0.0,1.0,0.004643,37.0,81.0,0
L00414700,10,0,11,44,0,0,48,564.0,1156.95,0.01504,334.0,0,32.0,382.0,1.543125,80.0,1,85.0,877.0,0.028606,0.022891,0.187109,0.020073,0.999115,1.79,11.0,1,48.0,0.058602,24.103125,0.939652,0.350761,16.0,29.0,0.0,1.0,0.004643,25.0,81.0,0
L00414701,10,0,11,44,0,0,48,564.0,1156.95,0.01504,333.0,0,45.0,468.0,1.516222,80.0,1,85.0,877.0,0.007501,0.022891,0.135447,0.020073,1.260169,1.79,11.0,1,48.0,0.058602,24.103125,0.956324,0.350761,1.0,29.0,0.0,0.0,0.004643,35.0,81.0,0
L00414702,10,0,11,44,0,0,48,564.0,1156.95,0.017114,87.0,0,138.0,1489.0,1.848188,80.0,1,85.0,877.0,0.003086,0.022891,0.359116,0.020073,12.299057,2.5,11.0,1,48.0,0.058602,24.103125,0.892766,0.399142,0.0,29.0,0.0,0.0,0.004643,71.0,81.0,0
L00414703,10,0,11,44,0,0,48,564.0,1156.95,0.017633,178.0,0,94.0,2040.0,0.932447,80.0,1,85.0,877.0,0.056908,0.022891,0.157404,0.020073,9.802,1.79,11.0,1,48.0,0.058602,24.103125,0.91158,0.205619,0.0,29.0,0.0,6.0,0.004643,70.0,81.0,0
L00414704,10,0,11,44,0,0,48,564.0,1156.95,0.010891,37.0,0,61.0,244.0,2.177049,80.0,1,85.0,877.0,0.043056,0.022891,0.157571,0.020073,3.233333,3.1,11.0,1,48.0,0.058602,24.103125,0.964608,0.507999,0.0,29.0,0.0,3.0,0.004643,34.0,81.0,0
L00414705,10,0,11,44,0,0,48,564.0,1156.95,0.010891,37.0,0,118.0,614.0,2.252203,80.0,1,85.0,877.0,0.075997,0.022891,0.292413,0.020073,8.661404,3.21,11.0,1,48.0,0.058602,24.103125,0.93242,0.507999,0.0,29.0,0.0,10.0,0.004643,46.0,81.0,0
L00414706,10,0,11,44,0,0,48,564.0,1156.95,0.010891,37.0,0,96.0,458.0,2.278229,80.0,1,85.0,877.0,0.004203,0.022891,0.337378,0.020073,6.487719,3.1,11.0,1,48.0,0.058602,24.103125,0.921769,0.507999,0.0,29.0,0.0,0.0,0.004643,42.0,81.0,0
L00414707,10,0,11,44,0,0,48,564.0,1156.95,0.015299,335.0,0,73.0,263.0,3.18274,80.0,1,85.0,877.0,0.005242,0.022891,0.45544,0.020073,0.6875,4.12,11.0,1,48.0,0.058602,24.103125,0.926874,0.713618,4.0,29.0,0.0,0.0,0.004643,60.0,81.0,0
L00414708,10,0,11,44,0,0,48,564.0,1156.95,0.025671,334.0,0,232.0,683.0,5.29931,80.0,1,85.0,877.0,0.029712,0.022891,0.75959,0.020073,1.854648,10.39,11.0,1,48.0,0.058602,24.103125,0.934084,1.197427,0.0,29.0,0.0,7.0,0.004643,163.0,81.0,0
L00414709,10,0,11,44,0,0,48,564.0,1156.95,0.040451,45.0,0,64.0,708.0,2.081875,80.0,1,85.0,877.0,0.005804,0.022891,0.266016,0.020073,8.524242,2.56,11.0,1,48.0,0.058602,24.103125,0.936656,0.471714,0.0,29.0,0.0,0.0,0.004643,38.0,81.0,0
L00414710,10,0,11,44,0,0,48,564.0,1156.95,0.013224,334.0,0,174.0,745.0,3.091552,80.0,1,85.0,877.0,0.012822,0.022891,0.872426,0.020073,1.94517,3.07,11.0,1,48.0,0.058602,24.103125,0.824829,0.616856,4.0,29.0,0.0,2.0,0.004643,120.0,81.0,0
L00414711,10,0,11,44,0,0,48,564.0,1156.95,0.027486,334.0,0,234.0,1106.0,8.85094,80.0,1,85.0,877.0,0.131841,0.022891,1.825432,0.020073,2.984551,12.49,11.0,1,48.0,0.058602,24.103125,0.89821,1.92314,0.0,29.0,0.0,33.0,0.004643,153.0,81.0,0
L00414712,10,0,11,44,0,0,48,564.0,1156.95,0.025671,334.0,0,167.0,523.0,5.984251,80.0,1,85.0,877.0,0.066778,0.022891,1.72282,0.020073,1.425634,6.14,11.0,1,48.0,0.058602,24.103125,0.827171,1.197427,0.0,29.0,0.0,12.0,0.004643,124.0,81.0,0
L00414713,10,0,11,44,0,0,48,564.0,1156.95,0.006742,334.0,0,58.0,691.0,0.877759,80.0,1,85.0,877.0,0.00625,0.022891,0.294727,0.020073,1.65452,0.77,11.0,1,48.0,0.058602,24.103125,0.740522,0.157238,1.0,29.0,0.0,0.0,0.004643,45.0,81.0,0
L00414714,10,0,11,44,0,0,48,564.0,1156.95,0.008713,334.0,0,85.0,1270.0,0.551765,80.0,1,85.0,877.0,0.004643,0.022891,0.17672,0.020073,3.453239,0.43,11.0,1,48.0,0.058602,24.103125,0.761194,0.1016,0.0,29.0,0.0,0.0,0.004643,67.0,81.0,0
L00414715,10,0,11,44,0,0,48,564.0,1156.95,0.008816,100.0,0,104.0,1410.0,0.949038,80.0,1,85.0,877.0,0.020061,0.022891,0.183317,0.020073,11.144167,1.23,11.0,1,48.0,0.058602,24.103125,0.895643,0.205619,0.0,29.0,0.0,2.0,0.004643,53.0,81.0,0
L00414716,10,0,11,44,0,0,48,564.0,1156.95,0.058602,45.0,0,44.0,124.0,18.213636,80.0,1,85.0,877.0,0.023243,0.022891,2.870248,0.020073,1.714286,21.25,11.0,1,48.0,0.058602,24.103125,0.930621,4.100279,4.0,29.0,0.0,1.0,0.004643,32.0,81.0,0
L00414717,10,0,11,44,0,0,48,564.0,1156.95,0.021609,44.0,0,50.0,632.0,1.3256,80.0,1,85.0,877.0,0.006965,0.022891,0.142128,0.020073,8.629688,1.26,11.0,1,48.0,0.058602,24.103125,0.942969,0.30238,2.0,29.0,0.0,0.0,0.004643,34.0,81.0,0
L00414718,10,0,11,44,0,0,48,564.0,1156.95,0.044081,11.0,0,37.0,302.0,8.591351,80.0,1,85.0,877.0,0.078729,0.022891,0.45344,0.020073,4.05625,9.33,11.0,1,48.0,0.058602,24.103125,0.989367,2.056187,0.0,29.0,0.0,4.0,0.004643,23.0,81.0,0
L00414719,10,0,11,44,0,0,48,564.0,1156.95,0.044081,10.0,0,66.0,428.0,8.821061,80.0,1,85.0,877.0,0.11032,0.022891,0.741722,0.020073,6.16875,9.33,11.0,1,48.0,0.058602,24.103125,0.963603,2.056187,0.0,29.0,0.0,9.0,0.004643,28.0,81.0,0
L00414720,10,0,11,44,0,0,48,564.0,1156.95,0.051342,10.0,0,53.0,519.0,5.04,80.0,1,85.0,877.0,0.08887,0.022891,0.410943,0.020073,5.2375,6.77,11.0,1,48.0,0.058602,24.103125,0.982143,1.197427,0.0,29.0,0.0,6.0,0.004643,24.0,81.0,0
L00414721,10,0,11,44,0,0,48,564.0,1156.95,0.020226,334.0,0,27.0,183.0,2.124074,80.0,1,85.0,877.0,0.074203,0.022891,0.322359,0.020073,0.400289,2.35,11.0,1,48.0,0.058602,24.103125,0.918047,0.471714,9.0,29.0,0.0,3.0,0.004643,21.0,81.0,0
L00414722,10,0,11,44,0,0,48,564.0,1156.95,0.008816,334.0,0,49.0,570.0,0.916939,80.0,1,85.0,877.0,0.007066,0.022891,0.122949,0.020073,1.51813,0.85,11.0,1,48.0,0.058602,24.103125,0.926998,0.205619,1.0,29.0,0.0,0.0,0.004643,37.0,81.0,0
L00414723,10,0,11,44,0,0,48,564.0,1156.95,0.013224,334.0,0,261.0,1341.0,2.861686,80.0,1,85.0,877.0,0.051557,0.022891,0.561796,0.020073,3.768678,3.07,11.0,1,48.0,0.058602,24.103125,0.891083,0.616856,8.0,29.0,0.0,14.0,0.004643,168.0,81.0,0
L00414724,10,0,11,44,0,0,48,564.0,1156.95,0.008816,334.0,0,28.0,324.0,0.878929,80.0,1,85.0,877.0,0.010157,0.022891,0.055791,0.020073,0.792068,0.81,11.0,1,48.0,0.058602,24.103125,0.967087,0.205619,1.0,29.0,0.0,0.0,0.004643,25.0,81.0,0
L00414725,10,0,11,44,0,0,48,564.0,1156.95,0.023372,335.0,0,467.0,11934.0,1.967195,80.0,1,85.0,877.0,0.005108,0.022891,0.576405,0.020073,31.862921,26.04,11.0,1,48.0,0.058602,24.103125,0.859091,0.408818,0.0,29.0,0.0,2.0,0.004643,211.0,81.0,0
L00414726,10,0,11,44,0,0,48,564.0,1156.95,0.045897,335.0,0,1110.0,18505.0,3.011559,80.0,1,85.0,877.0,0.057954,0.022891,0.296606,0.020073,48.551404,3.68,11.0,1,48.0,0.058602,24.103125,0.979559,0.713618,0.0,29.0,0.0,65.0,0.004643,282.0,81.0,0
L00414727,10,0,11,44,0,0,48,564.0,1156.95,0.017114,42.0,0,82.0,620.0,1.756585,80.0,1,85.0,877.0,0.00478,0.022891,0.209929,0.020073,8.601587,2.5,11.0,1,48.0,0.058602,24.103125,0.939322,0.399142,1.0,29.0,0.0,0.0,0.004643,42.0,81.0,0
L00414728,10,0,11,44,0,0,48,564.0,1156.95,0.026449,334.0,0,115.0,897.0,2.876696,80.0,1,85.0,877.0,0.033241,0.022891,0.609441,0.020073,2.430286,3.07,11.0,1,48.0,0.058602,24.103125,0.886434,0.616856,6.0,29.0,0.0,4.0,0.004643,95.0,81.0,0
L00414729,10,0,11,44,0,0,48,564.0,1156.95,0.026449,334.0,0,137.0,1074.0,3.054161,80.0,1,85.0,877.0,0.034952,0.022891,0.854005,0.020073,2.954701,3.07,11.0,1,48.0,0.058602,24.103125,0.834927,0.616856,4.0,29.0,0.0,5.0,0.004643,111.0,81.0,0
L00414730,10,0,11,44,0,0,48,564.0,1156.95,0.012965,235.0,0,248.0,4306.0,1.312944,80.0,1,85.0,877.0,0.020476,0.022891,0.1387,0.020073,15.43463,1.89,11.0,1,48.0,0.058602,24.103125,0.952059,0.30238,0.0,29.0,0.0,5.0,0.004643,135.0,81.0,0
L00414731,10,0,11,44,0,0,48,564.0,1156.95,0.008713,334.0,0,83.0,1547.0,0.567349,80.0,1,85.0,877.0,0.014442,0.022891,0.191859,0.020073,4.293503,0.53,11.0,1,48.0,0.058602,24.103125,0.740285,0.1016,1.0,29.0,0.0,1.0,0.004643,69.0,81.0,0
L00414732,10,0,11,44,0,0,48,564.0,1156.95,0.017633,313.0,0,78.0,1815.0,0.992436,80.0,1,85.0,877.0,0.004975,0.022891,0.273872,0.020073,5.322985,1.66,11.0,1,48.0,0.058602,24.103125,0.856478,0.205619,0.0,29.0,0.0,0.0,0.004643,65.0,81.0,0
L00414733,10,0,11,44,0,0,48,564.0,1156.95,0.028394,334.0,0,341.0,1419.0,12.127918,80.0,1,85.0,877.0,0.084453,0.022891,2.268397,0.020073,3.936338,21.7,11.0,1,48.0,0.058602,24.103125,0.902876,2.648853,0.0,29.0,0.0,30.0,0.004643,199.0,81.0,0
L00414734,10,0,11,44,0,0,48,564.0,1156.95,0.008816,334.0,0,46.0,606.0,0.865652,80.0,1,85.0,877.0,0.007387,0.022891,0.036276,0.020073,1.547175,0.98,11.0,1,48.0,0.058602,24.103125,0.981919,0.205619,1.0,29.0,0.0,0.0,0.004643,35.0,81.0,0
L00414735,10,0,11,44,0,0,7,38.0,105.1,0.137964,38.0,0,26.0,231.0,1.552308,80.0,1,85.0,877.0,0.032338,0.022891,0.219645,0.020073,3.157407,1.73,11.0,1,7.0,0.14843,15.014286,0.934093,0.350761,0.0,29.0,0.0,1.0,0.004643,24.0,81.0,0
L00414736,10,0,11,44,0,0,7,38.0,105.1,0.14843,38.0,0,39.0,385.0,1.977179,80.0,1,85.0,877.0,0.025212,0.022891,0.114504,0.020073,5.531579,2.56,11.0,1,7.0,0.14843,15.014286,0.986253,0.471714,0.0,29.0,0.0,1.0,0.004643,30.0,81.0,0
L00414737,10,0,11,44,0,0,7,38.0,105.1,0.142721,37.0,0,63.0,264.0,4.086032,80.0,1,85.0,877.0,0.017922,0.022891,0.630154,0.020073,3.611864,5.56,11.0,1,7.0,0.14843,15.014286,0.917761,0.907141,0.0,29.0,0.0,1.0,0.004643,37.0,81.0,0
L00414738,10,0,11,44,0,0,7,38.0,105.1,0.142721,38.0,0,112.0,452.0,4.119375,80.0,1,85.0,877.0,0.018845,0.022891,0.679219,0.020073,6.472881,5.56,11.0,1,7.0,0.14843,15.014286,0.910332,0.907141,0.0,29.0,0.0,2.0,0.004643,46.0,81.0,0
L00414739,10,0,11,44,0,0,7,38.0,105.1,0.142721,38.0,0,55.0,228.0,3.978727,80.0,1,85.0,877.0,0.019834,0.022891,0.445593,0.020073,3.114035,5.56,11.0,1,7.0,0.14843,15.014286,0.942512,0.907141,2.0,29.0,0.0,1.0,0.004643,33.0,81.0,0
L00414740,10,0,11,44,0,0,7,38.0,105.1,0.142721,37.0,0,47.0,184.0,4.1,80.0,1,85.0,877.0,0.022202,0.022891,0.655745,0.020073,2.332203,5.56,11.0,1,7.0,0.14843,15.014286,0.914634,0.907141,0.0,29.0,0.0,1.0,0.004643,32.0,81.0,0
L00414741,10,0,11,44,0,0,7,38.0,105.1,0.142721,38.0,0,116.0,483.0,4.065948,80.0,1,85.0,877.0,0.025644,0.022891,0.589077,0.020073,6.708475,5.56,11.0,1,7.0,0.14843,15.014286,0.922294,0.907141,0.0,29.0,0.0,3.0,0.004643,49.0,81.0,0
L00414758,10,0,11,44,0,0,14,60.0,209.54,0.009306,334.0,0,266.0,3703.0,2.146692,27.0,1,64.0,263.0,0.012194,0.022891,0.423604,0.020073,10.201408,4.3,11.0,1,13.0,0.377971,14.967143,0.908374,0.471714,0.0,22.0,2.0,3.0,0.029614,156.0,11.333333,0
L00414759,10,0,11,44,0,0,14,60.0,209.54,0.056791,335.0,0,383.0,1347.0,6.540601,27.0,1,64.0,263.0,0.013617,0.022891,1.094865,0.020073,3.567978,6.68,11.0,1,13.0,0.377971,14.967143,0.909702,1.439331,0.0,22.0,2.0,5.0,0.029614,202.0,11.333333,0
L00414760,10,0,11,44,0,0,14,60.0,209.54,0.010022,334.0,0,276.0,2924.0,2.21558,27.0,1,64.0,263.0,0.015161,0.022891,0.289046,0.020073,8.059551,2.81,11.0,1,13.0,0.377971,14.967143,0.947833,0.507999,0.0,22.0,2.0,4.0,0.029614,176.0,11.333333,0
L00414761,10,0,11,44,0,0,14,60.0,209.54,0.042713,335.0,0,159.0,614.0,10.437358,27.0,1,64.0,263.0,0.097696,0.022891,2.5015,0.020073,1.567826,9.4,11.0,1,13.0,0.377971,14.967143,0.857497,2.165044,11.0,22.0,2.0,17.0,0.029614,70.0,11.333333,0
L00414762,10,0,11,44,0,0,14,60.0,209.54,0.094493,335.0,0,191.0,2561.0,1.743979,27.0,1,64.0,263.0,0.00705,0.022891,0.188296,0.020073,6.971067,1.98,11.0,1,13.0,0.377971,14.967143,0.946112,0.399142,0.0,22.0,2.0,1.0,0.029614,121.0,11.333333,0
L00414763,10,0,11,44,0,0,14,60.0,209.54,0.198769,335.0,0,447.0,1722.0,6.374698,27.0,1,64.0,263.0,0.018175,0.022891,0.818367,0.020073,4.489326,6.68,11.0,1,13.0,0.377971,14.967143,0.933378,1.439331,0.0,22.0,2.0,8.0,0.029614,219.0,11.333333,0
L00414764,10,0,11,44,0,0,14,60.0,209.54,0.020044,335.0,0,354.0,4811.0,2.249576,27.0,1,64.0,263.0,0.009325,0.022891,0.336343,0.020073,13.045787,4.3,11.0,1,13.0,0.377971,14.967143,0.933509,0.507999,0.0,22.0,2.0,3.0,0.029614,166.0,11.333333,0
L00414765,10,0,11,44,0,0,14,60.0,209.54,0.377971,335.0,0,201.0,852.0,5.893383,27.0,1,64.0,263.0,0.106278,0.022891,0.488119,0.020073,2.217232,7.77,11.0,1,13.0,0.377971,14.967143,0.839925,1.197427,1.0,22.0,2.0,23.0,0.029614,123.0,11.333333,0
L00414766,10,0,11,44,0,0,14,60.0,209.54,0.014078,334.0,0,55.0,186.0,2.982,27.0,1,64.0,263.0,0.0065,0.022891,0.106473,0.020073,0.497727,3.36,11.0,1,13.0,0.377971,14.967143,0.989269,0.713618,1.0,22.0,2.0,0.0,0.029614,51.0,11.333333,0
L00414767,10,0,11,44,0,0,14,60.0,209.54,0.088718,334.0,0,181.0,1978.0,2.106851,27.0,1,64.0,263.0,0.027301,0.022891,0.749622,0.020073,5.240282,3.3,11.0,1,13.0,0.377971,14.967143,0.802145,0.408818,0.0,22.0,2.0,5.0,0.029614,127.0,11.333333,0
L00414768,10,0,11,44,0,0,14,60.0,209.54,0.010022,334.0,0,242.0,2532.0,2.24562,27.0,1,64.0,263.0,0.013311,0.022891,0.343901,0.020073,6.969014,2.61,11.0,1,13.0,0.377971,14.967143,0.935154,0.507999,0.0,22.0,2.0,3.0,0.029614,153.0,11.333333,0
L00414769,10,0,11,44,0,0,14,60.0,209.54,0.044383,334.0,0,103.0,480.0,4.871456,27.0,1,64.0,263.0,0.036484,0.022891,0.518277,0.020073,1.303725,6.52,11.0,1,13.0,0.377971,14.967143,0.95454,1.124855,4.0,22.0,2.0,4.0,0.029614,88.0,11.333333,0
L00414770,10,0,11,44,0,0,14,60.0,209.54,0.014078,334.0,0,176.0,880.0,3.543295,27.0,1,64.0,263.0,0.007589,0.022891,0.998046,0.020073,2.406017,4.04,11.0,1,13.0,0.377971,14.967143,0.832558,0.713618,6.0,22.0,2.0,1.0,0.029614,114.0,11.333333,0
L00414771,10,0,11,44,0,0,14,60.0,209.54,0.018612,334.0,0,266.0,3703.0,2.146692,27.0,1,64.0,263.0,0.012194,0.022891,0.423604,0.020073,10.201408,4.3,11.0,1,13.0,0.377971,14.967143,0.908374,0.471714,0.0,22.0,2.0,3.0,0.029614,156.0,11.333333,0
L00414779,11,0,11,44,0,0,22,83.0,182.55,0.03232,192.0,0,382.0,2588.0,3.153377,170.0,1,264.0,1425.0,0.013651,0.022891,0.438422,0.020073,11.507944,6.95,9.0,0,22.0,0.139688,8.297727,0.935505,0.713618,0.0,1.0,12.0,5.0,0.04397,154.0,22.111111,0
L00414780,11,0,11,44,0,0,22,83.0,182.55,0.032046,335.0,0,659.0,15204.0,2.112519,170.0,1,264.0,1425.0,0.024282,0.022891,0.360088,0.020073,39.765169,3.41,9.0,0,22.0,0.139688,8.297727,0.923069,0.471714,0.0,1.0,12.0,16.0,0.04397,242.0,22.111111,0
L00414781,11,0,11,44,0,0,22,83.0,182.55,0.042728,334.0,0,413.0,5554.0,2.253341,170.0,1,264.0,1425.0,0.031149,0.022891,0.557835,0.020073,14.986798,3.41,9.0,0,22.0,0.139688,8.297727,0.865382,0.471714,0.0,1.0,12.0,13.0,0.04397,211.0,22.111111,0
L00414782,11,0,11,44,0,0,22,83.0,182.55,0.041085,236.0,0,141.0,858.0,4.045248,170.0,1,264.0,1425.0,0.009239,0.022891,0.608468,0.020073,3.05214,6.15,9.0,0,22.0,0.139688,8.297727,0.927014,0.907141,0.0,1.0,12.0,1.0,0.04397,93.0,22.111111,0
L00414783,11,0,11,44,0,0,22,83.0,182.55,0.025472,25.0,0,87.0,534.0,5.011954,170.0,1,264.0,1425.0,0.004556,0.022891,0.693249,0.020073,8.586957,5.07,9.0,0,22.0,0.139688,8.297727,0.927782,1.124855,0.0,1.0,12.0,0.0,0.04397,40.0,22.111111,0
L00414784,11,0,11,44,0,0,22,83.0,182.55,0.041085,236.0,0,142.0,732.0,4.247535,170.0,1,264.0,1425.0,0.015355,0.022891,0.902491,0.020073,2.589494,4.23,9.0,0,22.0,0.139688,8.297727,0.882865,0.907141,0.0,1.0,12.0,2.0,0.04397,96.0,22.111111,0
L00414785,11,0,11,44,0,0,22,83.0,182.55,0.037798,335.0,0,161.0,1092.0,3.864472,170.0,1,264.0,1425.0,0.019268,0.022891,0.822161,0.020073,2.625352,5.52,9.0,0,22.0,0.139688,8.297727,0.892748,0.83457,0.0,1.0,12.0,3.0,0.04397,100.0,22.111111,0
L00414786,11,0,11,44,0,0,22,83.0,182.55,0.041906,334.0,0,77.0,450.0,3.49,170.0,1,264.0,1425.0,0.005026,0.022891,1.196623,0.020073,1.193447,6.53,9.0,0,22.0,0.139688,8.297727,0.730659,0.616856,4.0,1.0,12.0,0.0,0.04397,56.0,22.111111,0
L00414787,11,0,11,44,0,0,22,83.0,182.55,0.041085,335.0,0,116.0,518.0,4.144741,170.0,1,264.0,1425.0,0.003585,0.022891,0.732812,0.020073,1.322191,5.12,9.0,0,22.0,0.139688,8.297727,0.904761,0.907141,0.0,1.0,12.0,0.0,0.04397,90.0,22.111111,0
L00414788,11,0,11,44,0,0,22,83.0,182.55,0.049028,335.0,0,159.0,614.0,10.437358,170.0,1,264.0,1425.0,0.097696,0.022891,2.5015,0.020073,1.567826,9.4,9.0,0,22.0,0.139688,8.297727,0.857497,2.165044,11.0,1.0,12.0,17.0,0.04397,70.0,22.111111,0
L00414789,11,0,11,44,0,0,22,83.0,182.55,0.041085,334.0,0,164.0,922.0,3.898171,170.0,1,264.0,1425.0,0.00265,0.022891,0.475955,0.020073,2.277247,8.47,9.0,0,22.0,0.139688,8.297727,0.96199,0.907141,0.0,1.0,12.0,0.0,0.04397,67.0,22.111111,0
L00414790,11,0,11,44,0,0,22,83.0,182.55,0.057518,51.0,0,184.0,2061.0,2.262935,170.0,1,264.0,1425.0,0.00239,0.022891,0.322814,0.020073,24.387671,3.21,9.0,0,22.0,0.139688,8.297727,0.927998,0.507999,0.0,1.0,12.0,0.0,0.04397,60.0,22.111111,0
L00414791,11,0,11,44,0,0,22,83.0,182.55,0.057518,51.0,0,217.0,2088.0,2.280507,170.0,1,264.0,1425.0,0.010496,0.022891,0.342589,0.020073,25.908219,3.21,9.0,0,22.0,0.139688,8.297727,0.920848,0.507999,0.0,1.0,12.0,2.0,0.04397,61.0,22.111111,0
L00414792,11,0,11,44,0,0,22,83.0,182.55,0.013969,334.0,0,28.0,288.0,0.889643,170.0,1,264.0,1425.0,0.010157,0.022891,0.165077,0.020073,0.763277,1.47,9.0,0,22.0,0.139688,8.297727,0.95544,0.205619,2.0,1.0,12.0,0.0,0.04397,26.0,22.111111,0
L00414793,11,0,11,44,0,0,22,83.0,182.55,0.023281,334.0,0,133.0,1190.0,0.935489,170.0,1,264.0,1425.0,0.003187,0.022891,0.154935,0.020073,2.888701,0.98,9.0,0,22.0,0.139688,8.297727,0.908616,0.205619,1.0,1.0,12.0,0.0,0.04397,101.0,22.111111,0
L00414794,11,0,11,44,0,0,22,83.0,182.55,0.017803,334.0,0,209.0,3244.0,0.71933,170.0,1,264.0,1425.0,0.002129,0.022891,0.129915,0.020073,8.719155,1.3,9.0,0,22.0,0.139688,8.297727,0.903618,0.157238,1.0,1.0,12.0,0.0,0.04397,129.0,22.111111,0
L00414795,11,0,11,44,0,0,22,83.0,182.55,0.028485,334.0,0,176.0,2401.0,0.715511,170.0,1,264.0,1425.0,0.007589,0.022891,0.129202,0.020073,6.492113,1.3,9.0,0,22.0,0.139688,8.297727,0.908441,0.157238,0.0,1.0,12.0,1.0,0.04397,119.0,22.111111,0
L00414796,11,0,11,44,0,0,22,83.0,182.55,0.03725,334.0,0,109.0,909.0,0.947248,170.0,1,264.0,1425.0,0.058043,0.022891,0.173684,0.020073,2.21662,0.98,9.0,0,22.0,0.139688,8.297727,0.897337,0.205619,1.0,1.0,12.0,7.0,0.04397,80.0,22.111111,0
L00414797,11,0,11,44,0,0,22,83.0,182.55,0.036154,335.0,0,514.0,7034.0,1.937626,170.0,1,264.0,1425.0,0.053347,0.022891,0.541362,0.020073,19.403099,3.87,9.0,0,22.0,0.139688,8.297727,0.851557,0.399142,0.0,1.0,12.0,28.0,0.04397,236.0,22.111111,0
L00414798,11,0,11,44,0,0,22,83.0,182.55,0.054232,335.0,0,345.0,2019.0,5.519652,170.0,1,264.0,1425.0,0.017774,0.022891,1.147729,0.020073,4.804213,8.47,9.0,0,22.0,0.139688,8.297727,0.896796,1.197427,0.0,1.0,12.0,6.0,0.04397,142.0,22.111111,0
L00414799,11,0,11,44,0,0,22,83.0,182.55,0.108463,335.0,0,319.0,1632.0,5.520721,170.0,1,264.0,1425.0,0.010288,0.022891,1.136658,0.020073,4.087079,8.47,9.0,0,22.0,0.139688,8.297727,0.896622,1.197427,0.0,1.0,12.0,3.0,0.04397,139.0,22.111111,0
L00414800,11,0,11,44,0,0,22,83.0,182.55,0.139688,334.0,0,104.0,5168.0,3.010481,170.0,1,264.0,1425.0,0.060383,0.022891,0.876354,0.020073,12.729213,5.91,9.0,0,22.0,0.139688,8.297727,0.847041,0.616856,0.0,1.0,12.0,7.0,0.04397,61.0,22.111111,0
L00414801,11,0,11,44,0,0,335,712.0,3056.07,0.001378,335.0,0,198.0,1194.0,2.328889,-1.0,0,0.0,0.0,0.015998,0.022891,0.423479,0.020073,3.196067,2.61,8.0,0,335.0,0.102527,9.122597,1.807729,1.018417,0.0,-1.0,0.0,3.0,0.024377,137.0,92.509733,3
L00414802,11,0,11,44,0,0,335,712.0,3056.07,0.000543,334.0,0,14.0,4848.0,0.825714,-1.0,0,0.0,0.0,0.014339,0.022891,0.153878,0.020073,14.490719,1.56,8.0,0,335.0,0.102527,9.122597,2.010381,0.401561,19.0,-1.0,0.0,0.0,0.024377,13.0,92.509733,3
L00414803,11,0,11,44,0,0,335,712.0,3056.07,0.002464,334.0,0,101.0,685.0,1.729406,-1.0,0,0.0,0.0,0.004029,0.022891,0.598071,0.020073,1.844193,1.32,8.0,0,335.0,0.102527,9.122597,1.451365,0.60718,2.0,-1.0,0.0,0.0,0.024377,77.0,92.509733,3
L00414804,11,0,11,44,0,0,335,712.0,3056.07,0.001934,334.0,0,390.0,3003.0,3.206487,-1.0,0,0.0,0.0,0.028018,0.022891,0.517641,0.020073,8.12169,3.49,8.0,0,335.0,0.102527,9.122597,1.843139,1.429655,0.0,-1.0,0.0,11.0,0.024377,211.0,92.509733,3
L00414805,11,0,11,44,0,0,335,712.0,3056.07,0.000278,333.0,0,28.0,227.0,1.304286,-1.0,0,0.0,0.0,0.010157,0.022891,0.591633,0.020073,0.629769,2.09,8.0,0,335.0,0.102527,9.122597,0.651698,0.205619,9.0,-1.0,0.0,0.0,0.024377,27.0,92.509733,3
L00414806,11,0,11,44,0,0,335,712.0,3056.07,0.001378,334.0,0,10.0,68.0,2.397,-1.0,0,0.0,0.0,0.016251,0.022891,0.7252,0.020073,0.175938,3.36,8.0,0,335.0,0.102527,9.122597,1.756362,1.018417,26.0,-1.0,0.0,0.0,0.024377,10.0,92.509733,3
L00414807,11,0,11,44,0,0,335,712.0,3056.07,0.000556,332.0,0,31.0,181.0,0.875806,-1.0,0,0.0,0.0,0.00956,0.022891,0.103767,0.020073,0.463173,1.28,8.0,0,335.0,0.102527,9.122597,0.970534,0.205619,1.0,-1.0,0.0,0.0,0.024377,25.0,92.509733,3
L00414808,11,0,11,44,0,0,335,712.0,3056.07,0.002173,335.0,0,244.0,3436.0,1.030082,-1.0,0,0.0,0.0,0.039726,0.022891,0.298326,0.020073,9.449577,1.79,8.0,0,335.0,0.102527,9.122597,1.611522,0.401561,0.0,-1.0,0.0,10.0,0.024377,165.0,92.509733,3
L00414809,11,0,11,44,0,0,335,712.0,3056.07,0.001378,335.0,0,297.0,3278.0,1.989394,-1.0,0,0.0,0.0,0.020465,0.022891,0.614233,0.020073,9.074085,5.06,8.0,0,335.0,0.102527,9.122597,2.116222,1.018417,0.0,-1.0,0.0,6.0,0.024377,174.0,92.509733,3
L00414810,11,0,11,44,0,0,335,712.0,3056.07,0.00551,335.0,0,514.0,7034.0,1.937626,-1.0,0,0.0,0.0,0.053347,0.022891,0.541362,0.020073,19.403099,3.87,8.0,0,335.0,0.102527,9.122597,2.172761,1.018417,0.0,-1.0,0.0,28.0,0.024377,236.0,92.509733,3
L00414811,11,0,11,44,0,0,335,712.0,3056.07,0.000543,335.0,0,334.0,4197.0,1.020449,-1.0,0,0.0,0.0,0.021151,0.022891,0.284191,0.020073,11.492113,1.79,8.0,0,335.0,0.102527,9.122597,1.626735,0.401561,0.0,-1.0,0.0,7.0,0.024377,192.0,92.509733,3
L00414812,11,0,11,44,0,0,335,712.0,3056.07,0.001643,334.0,0,100.0,564.0,1.5182,-1.0,0,0.0,0.0,0.004063,0.022891,0.423756,0.020073,1.51493,1.32,8.0,0,335.0,0.102527,9.122597,1.653274,0.60718,0.0,-1.0,0.0,0.0,0.024377,80.0,92.509733,3
L00414813,11,0,11,44,0,0,335,712.0,3056.07,0.004107,334.0,0,169.0,1897.0,1.433846,-1.0,0,0.0,0.0,0.044908,0.022891,0.331288,0.020073,5.210986,2.3,8.0,0,335.0,0.102527,9.122597,1.750536,0.60718,0.0,-1.0,0.0,8.0,0.024377,126.0,92.509733,3
L00414814,11,0,11,44,0,0,335,712.0,3056.07,0.000821,334.0,0,26.0,401.0,2.708077,-1.0,0,0.0,0.0,0.032338,0.022891,0.423787,0.020073,1.172561,5.87,8.0,0,335.0,0.102527,9.122597,0.926857,0.60718,22.0,-1.0,0.0,1.0,0.024377,26.0,92.509733,3
L00414815,11,0,11,44,0,0,335,712.0,3056.07,0.000563,333.0,0,17.0,3781.0,0.215882,-1.0,0,0.0,0.0,0.040204,0.022891,0.075571,0.020073,7.491545,0.32,8.0,0,335.0,0.102527,9.122597,1.991826,0.104019,12.0,-1.0,0.0,1.0,0.024377,15.0,92.509733,3
L00414816,11,0,11,44,0,0,335,712.0,3056.07,0.000821,327.0,0,17.0,71.0,2.780588,-1.0,0,0.0,0.0,0.013177,0.022891,0.817439,0.020073,0.191092,4.32,8.0,0,335.0,0.102527,9.122597,0.902687,0.60718,1.0,-1.0,0.0,0.0,0.024377,16.0,92.509733,3
L00414817,11,0,11,44,0,0,335,712.0,3056.07,0.001378,334.0,0,352.0,4264.0,1.925341,-1.0,0,0.0,0.0,0.022816,0.022891,0.519983,0.020073,11.649859,3.87,8.0,0,335.0,0.102527,9.122597,2.186626,1.018417,0.0,-1.0,0.0,8.0,0.024377,200.0,92.509733,3
L00414818,11,0,11,44,0,0,335,712.0,3056.07,0.000821,334.0,0,107.0,922.0,1.53243,-1.0,0,0.0,0.0,0.003839,0.022891,0.445265,0.020073,2.444789,1.51,8.0,0,335.0,0.102527,9.122597,1.637922,0.60718,0.0,-1.0,0.0,0.0,0.024377,78.0,92.509733,3
L00414819,11,0,11,44,0,0,335,712.0,3056.07,0.001378,269.0,0,18.0,27.0,4.686667,-1.0,0,0.0,0.0,0.01283,0.022891,0.847407,0.020073,0.121782,4.29,8.0,0,335.0,0.102527,9.122597,0.898293,1.018417,15.0,-1.0,0.0,0.0,0.024377,17.0,92.509733,3
L00414820,11,0,11,44,0,0,335,712.0,3056.07,0.002493,38.0,0,116.0,483.0,4.065948,-1.0,0,0.0,0.0,0.025644,0.022891,0.589077,0.020073,6.708475,5.56,8.0,0,335.0,0.102527,9.122597,1.874102,1.843311,0.0,-1.0,0.0,3.0,0.024377,49.0,92.509733,3
L00414821,11,0,11,44,0,0,335,712.0,3056.07,0.000141,334.0,0,91.0,1610.0,0.28011,-1.0,0,0.0,0.0,0.013401,0.022891,0.095534,0.020073,4.203672,0.22,8.0,0,335.0,0.102527,9.122597,1.535112,0.104019,2.0,-1.0,0.0,1.0,0.024377,68.0,92.509733,3
L00414822,11,0,11,44,0,0,335,712.0,3056.07,0.000278,156.0,0,64.0,599.0,0.560156,-1.0,0,0.0,0.0,0.005804,0.022891,0.19021,0.020073,2.905325,0.49,8.0,0,335.0,0.102527,9.122597,1.517434,0.205619,9.0,-1.0,0.0,0.0,0.024377,53.0,92.509733,3
L00414823,11,0,11,44,0,0,335,712.0,3056.07,0.005802,81.0,0,116.0,1020.0,3.434138,-1.0,0,0.0,0.0,0.055055,0.022891,0.896433,0.020073,9.517476,3.36,8.0,0,335.0,0.102527,9.122597,1.720956,1.429655,0.0,-1.0,0.0,7.0,0.024377,66.0,92.509733,3
L00414824,11,0,11,44,0,0,335,712.0,3056.07,0.005802,81.0,0,89.0,892.0,3.594382,-1.0,0,0.0,0.0,0.096216,0.022891,1.092764,0.020073,8.940206,3.36,8.0,0,335.0,0.102527,9.122597,1.644233,1.429655,6.0,-1.0,0.0,10.0,0.024377,54.0,92.509733,3
L00414825,11,0,11,44,0,0,335,712.0,3056.07,0.009669,81.0,0,114.0,921.0,3.465088,-1.0,0,0.0,0.0,0.055877,0.022891,0.94365,0.020073,8.565049,3.36,8.0,0,335.0,0.102527,9.122597,1.705585,1.429655,0.0,-1.0,0.0,7.0,0.024377,63.0,92.509733,3
L00414826,11,0,11,44,0,0,335,712.0,3056.07,0.002199,94.0,0,31.0,141.0,1.758065,-1.0,0,0.0,0.0,0.00956,0.022891,0.516753,0.020073,1.161682,1.91,8.0,0,335.0,0.102527,9.122597,1.911193,0.812799,6.0,-1.0,0.0,0.0,0.024377,24.0,92.509733,3
L00414827,11,0,11,44,0,0,335,712.0,3056.07,0.004722,125.0,0,59.0,151.0,9.455932,-1.0,0,0.0,0.0,0.006171,0.022891,2.788509,0.020073,0.966897,10.63,8.0,0,335.0,0.102527,9.122597,1.526026,3.49068,0.0,-1.0,0.0,0.0,0.024377,43.0,92.509733,3
L00414828,11,0,11,44,0,0,335,712.0,3056.07,0.019306,192.0,0,382.0,2588.0,3.153377,-1.0,0,0.0,0.0,0.013651,0.022891,0.438422,0.020073,11.507944,6.95,8.0,0,335.0,0.102527,9.122597,0.935505,0.713618,0.0,-1.0,0.0,5.0,0.024377,154.0,92.509733,3
L00414829,11,0,11,44,0,0,335,712.0,3056.07,0.002755,104.0,0,106.0,1073.0,1.978113,-1.0,0,0.0,0.0,0.011806,0.022891,0.589555,0.020073,8.243089,3.02,8.0,0,335.0,0.102527,9.122597,2.128291,1.018417,0.0,-1.0,0.0,1.0,0.024377,68.0,92.509733,3
L00414830,11,0,11,44,0,0,335,712.0,3056.07,0.000697,335.0,0,296.0,5962.0,1.02625,-1.0,0,0.0,0.0,0.004707,0.022891,0.322576,0.020073,16.15678,1.53,8.0,0,335.0,0.102527,9.122597,2.075518,0.515256,1.0,-1.0,0.0,1.0,0.024377,174.0,92.509733,3
L00414831,11,0,11,44,0,0,335,712.0,3056.07,0.001394,334.0,0,212.0,3977.0,1.16217,-1.0,0,0.0,0.0,0.006412,0.022891,0.358353,0.020073,10.606742,1.38,8.0,0,335.0,0.102527,9.122597,1.832779,0.515256,0.0,-1.0,0.0,1.0,0.024377,146.0,92.509733,3
L00414832,11,0,11,44,0,0,335,712.0,3056.07,0.002772,333.0,0,51.0,141.0,4.911961,-1.0,0,0.0,0.0,0.006867,0.022891,1.116248,0.020073,0.39621,4.22,8.0,0,335.0,0.102527,9.122597,1.724362,2.04893,12.0,-1.0,0.0,0.0,0.024377,44.0,92.509733,3
L00414833,11,0,11,44,0,0,335,712.0,3056.07,0.003887,334.0,0,57.0,873.0,0.962456,-1.0,0,0.0,0.0,0.045293,0.022891,0.334657,0.020073,1.942075,9.84,8.0,0,335.0,0.102527,9.122597,1.028618,0.239485,7.0,-1.0,0.0,3.0,0.024377,50.0,92.509733,3
L00414834,11,0,11,44,0,0,335,712.0,3056.07,0.008213,335.0,0,311.0,5819.0,1.490514,-1.0,0,0.0,0.0,0.028663,0.022891,0.412785,0.020073,14.974438,1.99,8.0,0,335.0,0.102527,9.122597,1.683982,0.60718,0.0,-1.0,0.0,9.0,0.024377,169.0,92.509733,3
L00414835,11,0,11,44,0,0,335,712.0,3056.07,0.001099,334.0,0,7.0,79.0,2.767143,-1.0,0,0.0,0.0,0.055094,0.022891,0.866939,0.020073,0.160057,2.18,8.0,0,335.0,0.102527,9.122597,1.214249,0.812799,0.0,-1.0,0.0,1.0,0.024377,7.0,92.509733,3
L00414836,11,0,11,44,0,0,335,712.0,3056.07,0.009856,334.0,0,34.0,186.0,2.268529,-1.0,0,0.0,0.0,0.009028,0.022891,0.333131,0.020073,0.517714,3.65,8.0,0,335.0,0.102527,9.122597,1.106444,0.60718,5.0,-1.0,0.0,0.0,0.024377,33.0,92.509733,3
L00414837,11,0,11,44,0,0,335,712.0,3056.07,0.001099,314.0,0,38.0,120.0,3.775526,-1.0,0,0.0,0.0,0.008406,0.022891,0.546745,0.020073,0.357009,5.11,8.0,0,335.0,0.102527,9.122597,0.889942,0.812799,15.0,-1.0,0.0,0.0,0.024377,37.0,92.509733,3
L00414838,11,0,11,44,0,0,335,712.0,3056.07,0.002755,319.0,0,17.0,31.0,5.028824,-1.0,0,0.0,0.0,0.013177,0.022891,0.86699,0.020073,0.095,1.74,8.0,0,335.0,0.102527,9.122597,0.837174,1.018417,7.0,-1.0,0.0,0.0,0.024377,17.0,92.509733,3
L00414839,11,0,11,44,0,0,335,712.0,3056.07,0.002772,332.0,0,107.0,316.0,5.820841,-1.0,0,0.0,0.0,0.169193,0.022891,2.337392,0.020073,0.873789,5.7,8.0,0,335.0,0.102527,9.122597,1.455116,2.04893,2.0,-1.0,0.0,21.0,0.024377,84.0,92.509733,3
L00414840,11,0,11,44,0,0,335,712.0,3056.07,0.000275,321.0,0,10.0,27.0,0.632,-1.0,0,0.0,0.0,0.016251,0.022891,0.212,0.020073,0.059467,0.44,8.0,0,335.0,0.102527,9.122597,1.329114,0.2032,5.0,-1.0,0.0,0.0,0.024377,10.0,92.509733,3
L00414841,11,0,11,44,0,0,335,712.0,3056.07,0.001099,334.0,0,46.0,865.0,1.766957,-1.0,0,0.0,0.0,0.03769,0.022891,0.213875,0.020073,2.403107,2.93,8.0,0,335.0,0.102527,9.122597,1.901575,0.812799,1.0,-1.0,0.0,2.0,0.024377,42.0,92.509733,3
L00414842,11,0,11,44,0,0,335,712.0,3056.07,0.002772,334.0,0,65.0,349.0,5.214615,-1.0,0,0.0,0.0,0.029265,0.022891,1.524639,0.020073,0.85678,4.84,8.0,0,335.0,0.102527,9.122597,1.624281,2.04893,1.0,-1.0,0.0,2.0,0.024377,54.0,92.509733,3
L00414843,11,0,11,44,0,0,335,712.0,3056.07,0.000821,334.0,0,25.0,407.0,1.4356,-1.0,0,0.0,0.0,0.010834,0.022891,0.42976,0.020073,1.121127,2.09,8.0,0,335.0,0.102527,9.122597,1.748398,0.60718,1.0,-1.0,0.0,0.0,0.024377,24.0,92.509733,3
L00414844,11,0,11,44,0,0,335,712.0,3056.07,0.000275,334.0,0,12.0,24.0,0.7,-1.0,0,0.0,0.0,0.015236,0.022891,0.186667,0.020073,0.065138,0.42,8.0,0,335.0,0.102527,9.122597,1.2,0.2032,29.0,-1.0,0.0,0.0,0.024377,12.0,92.509733,3
L00414845,11,0,11,44,0,0,335,712.0,3056.07,0.002215,335.0,0,169.0,2539.0,3.487278,-1.0,0,0.0,0.0,0.076654,0.022891,0.78526,0.020073,6.225915,4.16,8.0,0,335.0,0.102527,9.122597,1.941342,1.637693,1.0,-1.0,0.0,14.0,0.024377,110.0,92.509733,3
L00414846,11,0,11,44,0,0,335,712.0,3056.07,0.004722,334.0,0,142.0,1295.0,8.095775,-1.0,0,0.0,0.0,0.015355,0.022891,1.67437,0.020073,3.674212,16.98,8.0,0,335.0,0.102527,9.122597,1.782411,3.49068,7.0,-1.0,0.0,2.0,0.024377,113.0,92.509733,3
L00414847,11,0,11,44,0,0,335,712.0,3056.07,0.001934,333.0,0,13.0,19.0,5.265385,-1.0,0,0.0,0.0,0.014774,0.022891,0.932544,0.020073,0.048011,2.29,8.0,0,335.0,0.102527,9.122597,1.122425,1.429655,1.0,-1.0,0.0,0.0,0.024377,12.0,92.509733,3
L00414848,11,0,11,44,0,0,335,712.0,3056.07,0.004398,321.0,0,14.0,32.0,3.638571,-1.0,0,0.0,0.0,0.014339,0.022891,0.159184,0.020073,0.102807,0.39,8.0,0,335.0,0.102527,9.122597,0.923439,0.812799,16.0,-1.0,0.0,0.0,0.024377,13.0,92.509733,3
L00414849,11,0,11,44,0,0,335,712.0,3056.07,0.005975,333.0,0,22.0,202.0,1.952727,-1.0,0,0.0,0.0,0.011608,0.022891,0.780331,0.020073,0.574706,3.05,8.0,0,335.0,0.102527,9.122597,0.850093,0.401561,15.0,-1.0,0.0,0.0,0.024377,20.0,92.509733,3
L00414850,11,0,11,44,0,0,335,712.0,3056.07,0.002716,333.0,0,24.0,268.0,0.648333,-1.0,0,0.0,0.0,0.033808,0.022891,0.424861,0.020073,0.666764,1.32,8.0,0,335.0,0.102527,9.122597,2.560411,0.401561,12.0,-1.0,0.0,1.0,0.024377,22.0,92.509733,3
L00414851,11,0,11,44,0,0,335,712.0,3056.07,0.004345,333.0,0,14.0,216.0,0.782143,-1.0,0,0.0,0.0,0.014339,0.022891,0.517041,0.020073,0.45,1.32,8.0,0,335.0,0.102527,9.122597,2.122374,0.401561,7.0,-1.0,0.0,0.0,0.024377,14.0,92.509733,3
L00414852,11,0,11,44,0,0,335,712.0,3056.07,0.00163,332.0,0,12.0,207.0,1.65,-1.0,0,0.0,0.0,0.015236,0.022891,0.82,0.020073,0.582955,3.88,8.0,0,335.0,0.102527,9.122597,1.006061,0.401561,1.0,-1.0,0.0,0.0,0.024377,10.0,92.509733,3
L00414853,11,0,11,44,0,0,335,712.0,3056.07,0.003259,334.0,0,37.0,808.0,0.89973,-1.0,0,0.0,0.0,0.026097,0.022891,0.671015,0.020073,2.125215,3.24,8.0,0,335.0,0.102527,9.122597,1.844998,0.401561,4.0,-1.0,0.0,1.0,0.024377,29.0,92.509733,3
L00414854,11,0,11,44,0,0,335,712.0,3056.07,0.001099,334.0,0,17.0,226.0,1.82,-1.0,0,0.0,0.0,0.013177,0.022891,1.482353,0.020073,0.633048,3.01,8.0,0,335.0,0.102527,9.122597,1.846154,0.812799,4.0,-1.0,0.0,0.0,0.024377,16.0,92.509733,3
L00414855,11,0,11,44,0,0,335,712.0,3056.07,0.005556,335.0,0,159.0,614.0,10.437358,-1.0,0,0.0,0.0,0.097696,0.022891,2.5015,0.020073,1.567826,9.4,8.0,0,335.0,0.102527,9.122597,1.626848,4.107536,11.0,-1.0,0.0,17.0,0.024377,70.0,92.509733,3
L00414856,11,0,11,44,0,0,335,712.0,3056.07,0.002094,46.0,0,177.0,5091.0,0.64904,-1.0,0,0.0,0.0,0.012627,0.022891,0.188148,0.020073,70.75873,1.71,8.0,0,335.0,0.102527,9.122597,1.972145,0.309638,0.0,-1.0,0.0,2.0,0.024377,58.0,92.509733,3
L00414857,11,0,11,44,0,0,335,712.0,3056.07,0.001257,42.0,0,60.0,754.0,0.693833,-1.0,0,0.0,0.0,0.006094,0.022891,0.234467,0.020073,11.258333,0.86,8.0,0,335.0,0.102527,9.122597,1.844823,0.309638,1.0,-1.0,0.0,0.0,0.024377,35.0,92.509733,3
L00414858,11,0,11,44,0,0,335,712.0,3056.07,0.016668,45.0,0,21.0,79.0,18.79,-1.0,0,0.0,0.0,0.085062,0.022891,4.345714,0.020073,1.162903,21.25,8.0,0,335.0,0.102527,9.122597,0.903672,4.107536,5.0,-1.0,0.0,3.0,0.024377,19.0,92.509733,3
L00414859,11,0,11,44,0,0,335,712.0,3056.07,0.001643,334.0,0,19.0,122.0,1.777895,-1.0,0,0.0,0.0,0.012501,0.022891,0.742382,0.020073,0.332174,4.11,8.0,0,335.0,0.102527,9.122597,1.411782,0.60718,4.0,-1.0,0.0,0.0,0.024377,18.0,92.509733,3
L00414860,11,0,11,44,0,0,335,712.0,3056.07,0.000543,333.0,0,20.0,99.0,1.4345,-1.0,0,0.0,0.0,0.012188,0.022891,0.20295,0.020073,0.239943,0.41,8.0,0,335.0,0.102527,9.122597,1.157198,0.401561,7.0,-1.0,0.0,0.0,0.024377,13.0,92.509733,3
L00414861,11,0,11,44,0,0,335,712.0,3056.07,0.001656,45.0,0,108.0,1368.0,2.8875,-1.0,0,0.0,0.0,0.003809,0.022891,0.691667,0.020073,19.968254,5.95,8.0,0,335.0,0.102527,9.122597,1.752381,1.224036,4.0,-1.0,0.0,0.0,0.024377,50.0,92.509733,3
L00414862,11,0,11,44,0,0,335,712.0,3056.07,0.001099,334.0,0,52.0,220.0,2.628077,-1.0,0,0.0,0.0,0.034549,0.022891,0.640858,0.020073,0.489706,1.74,8.0,0,335.0,0.102527,9.122597,1.278501,0.812799,15.0,-1.0,0.0,2.0,0.024377,44.0,92.509733,3
L00414863,11,0,11,44,0,0,335,712.0,3056.07,0.000543,334.0,0,35.0,267.0,0.893714,-1.0,0,0.0,0.0,0.008864,0.022891,0.089861,0.020073,0.698584,0.98,8.0,0,335.0,0.102527,9.122597,1.857417,0.401561,1.0,-1.0,0.0,0.0,0.024377,32.0,92.509733,3
L00414864,11,0,11,44,0,0,335,712.0,3056.07,0.001086,334.0,0,118.0,1138.0,1.064068,-1.0,0,0.0,0.0,0.003533,0.022891,0.317863,0.020073,2.882584,0.98,8.0,0,335.0,0.102527,9.122597,1.560051,0.401561,0.0,-1.0,0.0,0.0,0.024377,89.0,92.509733,3
L00414865,11,0,11,44,0,0,335,712.0,3056.07,0.000821,332.0,0,46.0,117.0,2.583696,-1.0,0,0.0,0.0,0.022538,0.022891,0.107665,0.020073,0.288081,2.55,8.0,0,335.0,0.102527,9.122597,0.971477,0.60718,2.0,-1.0,0.0,1.0,0.024377,37.0,92.509733,3
L00414866,11,0,11,44,0,0,335,712.0,3056.07,0.000543,334.0,0,69.0,339.0,1.205652,-1.0,0,0.0,0.0,0.039186,0.022891,0.402042,0.020073,0.949422,0.85,8.0,0,335.0,0.102527,9.122597,1.376848,0.401561,9.0,-1.0,0.0,3.0,0.024377,62.0,92.509733,3
L00414867,11,0,11,44,0,0,335,712.0,3056.07,0.000821,334.0,0,128.0,1139.0,1.580078,-1.0,0,0.0,0.0,0.016808,0.022891,0.509181,0.020073,3.136544,2.3,8.0,0,335.0,0.102527,9.122597,1.588529,0.60718,2.0,-1.0,0.0,2.0,0.024377,102.0,92.509733,3
L00414868,11,0,11,44,0,0,335,712.0,3056.07,0.000821,334.0,0,178.0,1372.0,1.571742,-1.0,0,0.0,0.0,0.012563,0.022891,0.488035,0.020073,3.798592,2.11,8.0,0,335.0,0.102527,9.122597,1.596955,0.60718,0.0,-1.0,0.0,2.0,0.024377,116.0,92.509733,3
L00414869,11,0,11,44,0,0,335,712.0,3056.07,0.001656,334.0,0,104.0,5168.0,3.010481,-1.0,0,0.0,0.0,0.060383,0.022891,0.876354,0.020073,12.729213,5.91,8.0,0,335.0,0.102527,9.122597,1.680795,1.224036,0.0,-1.0,0.0,7.0,0.024377,61.0,92.509733,3
L00414870,11,0,11,44,0,0,335,712.0,3056.07,0.000141,334.0,0,22.0,262.0,0.217273,-1.0,0,0.0,0.0,0.035418,0.022891,0.019339,0.020073,0.614201,0.25,8.0,0,335.0,0.102527,9.122597,1.979079,0.104019,18.0,-1.0,0.0,1.0,0.024377,20.0,92.509733,3
L00414871,11,0,11,44,0,0,335,712.0,3056.07,0.004162,334.0,0,201.0,3293.0,6.613881,-1.0,0,0.0,0.0,0.015781,0.022891,1.703993,0.020073,8.988169,10.0,8.0,0,335.0,0.102527,9.122597,1.923228,3.077024,0.0,-1.0,0.0,3.0,0.024377,131.0,92.509733,3
L00414872,11,0,11,44,0,0,335,712.0,3056.07,0.002755,327.0,0,14.0,33.0,3.676429,-1.0,0,0.0,0.0,0.014339,0.022891,0.622653,0.020073,0.066964,1.35,8.0,0,335.0,0.102527,9.122597,1.145133,1.018417,5.0,-1.0,0.0,0.0,0.024377,13.0,92.509733,3
L00414873,11,0,11,44,0,0,335,712.0,3056.07,0.003298,335.0,0,123.0,910.0,3.081057,-1.0,0,0.0,0.0,0.024388,0.022891,0.529831,0.020073,2.48507,4.79,8.0,0,335.0,0.102527,9.122597,1.090535,0.812799,1.0,-1.0,0.0,3.0,0.024377,83.0,92.509733,3
L00414874,11,0,11,44,0,0,335,712.0,3056.07,0.002772,332.0,0,65.0,336.0,4.551538,-1.0,0,0.0,0.0,0.005736,0.022891,0.60284,0.020073,0.752035,4.72,8.0,0,335.0,0.102527,9.122597,1.860909,2.04893,2.0,-1.0,0.0,0.0,0.024377,43.0,92.509733,3
L00414875,11,0,11,44,0,0,335,712.0,3056.07,0.002493,335.0,0,268.0,2015.0,3.956642,-1.0,0,0.0,0.0,0.001693,0.022891,0.567815,0.020073,5.185112,5.52,8.0,0,335.0,0.102527,9.122597,1.925876,1.843311,0.0,-1.0,0.0,0.0,0.024377,132.0,92.509733,3
L00414876,11,0,11,44,0,0,335,712.0,3056.07,0.000821,335.0,0,58.0,187.0,1.842759,-1.0,0,0.0,0.0,0.00625,0.022891,0.633639,0.020073,0.501709,1.32,8.0,0,335.0,0.102527,9.122597,1.362088,0.60718,4.0,-1.0,0.0,0.0,0.024377,50.0,92.509733,3
L00414877,11,0,11,44,0,0,335,712.0,3056.07,0.000419,335.0,0,235.0,1831.0,0.676426,-1.0,0,0.0,0.0,0.041128,0.022891,0.210949,0.020073,5.103152,0.88,8.0,0,335.0,0.102527,9.122597,1.8923,0.309638,1.0,-1.0,0.0,10.0,0.024377,158.0,92.509733,3
L00414878,11,0,11,44,0,0,335,712.0,3056.07,0.000419,334.0,0,149.0,1190.0,0.686711,-1.0,0,0.0,0.0,0.002885,0.022891,0.223786,0.020073,3.421676,0.88,8.0,0,335.0,0.102527,9.122597,1.863956,0.309638,9.0,-1.0,0.0,0.0,0.024377,118.0,92.509733,3
L00414879,11,0,11,44,0,0,335,712.0,3056.07,0.009974,335.0,0,379.0,3075.0,3.081768,-1.0,0,0.0,0.0,0.016259,0.022891,0.411345,0.020073,8.233427,5.48,8.0,0,335.0,0.102527,9.122597,2.472607,1.843311,0.0,-1.0,0.0,6.0,0.024377,195.0,92.509733,3
L00414880,11,0,11,44,0,0,335,712.0,3056.07,0.00444,328.0,0,182.0,1184.0,6.89011,-1.0,0,0.0,0.0,0.027166,0.022891,1.101081,0.020073,5.002232,9.4,8.0,0,335.0,0.102527,9.122597,1.96949,3.282642,1.0,-1.0,0.0,5.0,0.024377,123.0,92.509733,3
L00414881,11,0,11,44,0,0,335,712.0,3056.07,0.000281,334.0,0,169.0,12418.0,0.238639,-1.0,0,0.0,0.0,0.044908,0.022891,0.045028,0.020073,34.188451,0.43,8.0,0,335.0,0.102527,9.122597,1.801884,0.104019,0.0,-1.0,0.0,8.0,0.024377,123.0,92.509733,3
L00414882,11,0,11,44,0,0,335,712.0,3056.07,0.002199,45.0,0,103.0,789.0,1.89699,-1.0,0,0.0,0.0,0.012094,0.022891,0.430721,0.020073,10.979104,2.76,8.0,0,335.0,0.102527,9.122597,1.771227,0.812799,0.0,-1.0,0.0,1.0,0.024377,49.0,92.509733,3
L00414883,11,0,11,44,0,0,335,712.0,3056.07,0.001378,51.0,0,184.0,2061.0,2.262935,-1.0,0,0.0,0.0,0.00239,0.022891,0.322814,0.020073,24.387671,3.21,8.0,0,335.0,0.102527,9.122597,1.860416,1.018417,0.0,-1.0,0.0,0.0,0.024377,60.0,92.509733,3
L00414884,11,0,11,44,0,0,335,712.0,3056.07,0.001378,37.0,0,106.0,604.0,2.329151,-1.0,0,0.0,0.0,0.003869,0.022891,0.420365,0.020073,8.414035,3.21,8.0,0,335.0,0.102527,9.122597,1.807526,1.018417,0.0,-1.0,0.0,0.0,0.024377,43.0,92.509733,3
L00414885,11,0,11,44,0,0,335,712.0,3056.07,0.000821,137.0,0,4.0,4.0,2.52,-1.0,0,0.0,0.0,0.020314,0.022891,0.015,0.020073,0.033333,0.04,8.0,0,335.0,0.102527,9.122597,0.996032,0.60718,0.0,-1.0,0.0,0.0,0.024377,4.0,92.509733,3
L00414886,11,0,11,44,0,0,335,712.0,3056.07,0.000543,150.0,0,12.0,31.0,0.836667,-1.0,0,0.0,0.0,0.015236,0.022891,0.008889,0.020073,0.15935,0.02,8.0,0,335.0,0.102527,9.122597,0.992032,0.200781,0.0,-1.0,0.0,0.0,0.024377,11.0,92.509733,3
L00414887,11,0,11,44,0,0,335,712.0,3056.07,0.002464,317.0,0,13.0,32.0,2.469231,-1.0,0,0.0,0.0,0.014774,0.022891,0.48568,0.020073,0.076412,3.4,8.0,0,335.0,0.102527,9.122597,1.016511,0.60718,14.0,-1.0,0.0,0.0,0.024377,11.0,92.509733,3
L00414888,11,0,11,44,0,0,335,712.0,3056.07,0.001803,333.0,0,11.0,12.0,5.317273,-1.0,0,0.0,0.0,0.015727,0.022891,0.267107,0.020073,0.031288,0.68,8.0,0,335.0,0.102527,9.122597,1.036246,1.332893,29.0,-1.0,0.0,0.0,0.024377,11.0,92.509733,3
L00414889,11,0,11,44,0,0,335,712.0,3056.07,0.001247,332.0,0,11.0,17.0,3.804545,-1.0,0,0.0,0.0,0.015727,0.022891,0.039669,0.020073,0.044268,0.15,8.0,0,335.0,0.102527,9.122597,1.001434,0.921656,29.0,-1.0,0.0,0.0,0.024377,11.0,92.509733,3
L00414890,11,0,11,44,0,0,335,712.0,3056.07,0.00069,334.0,0,16.0,31.0,2.1125,-1.0,0,0.0,0.0,0.013543,0.022891,0.02375,0.020073,0.089571,0.21,8.0,0,335.0,0.102527,9.122597,0.998817,0.510418,29.0,-1.0,0.0,0.0,0.024377,14.0,92.509733,3
L00414891,11,0,11,44,0,0,335,712.0,3056.07,0.000543,334.0,0,69.0,355.0,0.990725,-1.0,0,0.0,0.0,0.005478,0.022891,0.23627,0.020073,0.923662,0.98,8.0,0,335.0,0.102527,9.122597,1.675541,0.401561,1.0,-1.0,0.0,0.0,0.024377,64.0,92.509733,3
L00414892,11,0,11,44,0,0,335,712.0,3056.07,0.000543,334.0,0,87.0,420.0,1.011034,-1.0,0,0.0,0.0,0.004556,0.022891,0.259136,0.020073,0.992113,0.85,8.0,0,335.0,0.102527,9.122597,1.641883,0.401561,1.0,-1.0,0.0,0.0,0.024377,69.0,92.509733,3
L00414893,11,0,11,44,0,0,335,712.0,3056.07,0.000543,334.0,0,79.0,704.0,1.046329,-1.0,0,0.0,0.0,0.025127,0.022891,0.298221,0.020073,1.950571,0.85,8.0,0,335.0,0.102527,9.122597,1.586499,0.401561,5.0,-1.0,0.0,2.0,0.024377,67.0,92.509733,3
L00414894,11,0,11,44,0,0,335,712.0,3056.07,0.001934,334.0,0,48.0,138.0,3.32,-1.0,0,0.0,0.0,0.00717,0.022891,0.6475,0.020073,0.368012,2.96,8.0,0,335.0,0.102527,9.122597,1.78012,1.429655,7.0,-1.0,0.0,0.0,0.024377,42.0,92.509733,3
L00414895,11,0,11,44,0,0,335,712.0,3056.07,0.001378,334.0,0,276.0,2924.0,2.21558,-1.0,0,0.0,0.0,0.015161,0.022891,0.289046,0.020073,8.059551,2.81,8.0,0,335.0,0.102527,9.122597,1.90018,1.018417,0.0,-1.0,0.0,4.0,0.024377,176.0,92.509733,3
L00414896,11,0,11,44,0,0,335,712.0,3056.07,0.001643,334.0,0,144.0,1287.0,1.468472,-1.0,0,0.0,0.0,0.00907,0.022891,0.36412,0.020073,3.448305,2.0,8.0,0,335.0,0.102527,9.122597,1.709259,0.60718,1.0,-1.0,0.0,1.0,0.024377,102.0,92.509733,3
L00414897,11,0,11,44,0,0,335,712.0,3056.07,0.000278,332.0,0,18.0,92.0,0.514444,-1.0,0,0.0,0.0,0.01283,0.022891,0.146914,0.020073,0.239144,0.43,8.0,0,335.0,0.102527,9.122597,1.652268,0.205619,14.0,-1.0,0.0,0.0,0.024377,17.0,92.509733,3
L00414898,11,0,11,44,0,0,335,712.0,3056.07,0.000543,104.0,0,74.0,1036.0,0.919595,-1.0,0,0.0,0.0,0.015825,0.022891,0.140077,0.020073,8.049194,0.94,8.0,0,335.0,0.102527,9.122597,1.805143,0.401561,0.0,-1.0,0.0,1.0,0.024377,53.0,92.509733,3
L00414899,11,0,11,44,0,0,335,712.0,3056.07,0.003884,104.0,0,85.0,324.0,6.573294,-1.0,0,0.0,0.0,0.07131,0.022891,1.140008,0.020073,2.517797,7.77,8.0,0,335.0,0.102527,9.122597,1.805792,2.871405,0.0,-1.0,0.0,7.0,0.024377,53.0,92.509733,3
L00414900,11,0,11,44,0,0,335,712.0,3056.07,0.001099,105.0,0,134.0,1467.0,1.791716,-1.0,0,0.0,0.0,0.035633,0.022891,0.268251,0.020073,10.964567,2.76,8.0,0,335.0,0.102527,9.122597,1.875297,0.812799,0.0,-1.0,0.0,5.0,0.024377,74.0,92.509733,3
L00414901,11,0,11,44,0,0,335,712.0,3056.07,0.000543,103.0,0,29.0,318.0,1.073448,-1.0,0,0.0,0.0,0.00995,0.022891,0.323615,0.020073,2.328814,0.81,8.0,0,335.0,0.102527,9.122597,1.546418,0.401561,2.0,-1.0,0.0,0.0,0.024377,24.0,92.509733,3
L00414902,11,0,11,44,0,0,335,712.0,3056.07,0.001666,333.0,0,12.0,15.0,5.061667,-1.0,0,0.0,0.0,0.015236,0.022891,0.074444,0.020073,0.037647,0.25,8.0,0,335.0,0.102527,9.122597,1.005598,1.231293,15.0,-1.0,0.0,0.0,0.024377,12.0,92.509733,3
L00414903,11,0,11,44,0,0,335,712.0,3056.07,0.001656,165.0,0,102.0,596.0,2.873725,-1.0,0,0.0,0.0,0.028586,0.022891,0.597751,0.020073,2.762903,3.81,8.0,0,335.0,0.102527,9.122597,1.760781,1.224036,0.0,-1.0,0.0,3.0,0.024377,80.0,92.509733,3
L00414904,11,0,11,44,0,0,335,712.0,3056.07,0.003056,278.0,0,3.0,3.0,9.34,-1.0,0,0.0,0.0,0.021197,0.022891,0.0,0.020073,0.0048,0.0,8.0,0,335.0,0.102527,9.122597,1.0,2.259387,29.0,-1.0,0.0,0.0,0.024377,3.0,92.509733,3
L00414905,11,0,11,44,0,0,335,712.0,3056.07,0.000969,333.0,0,8.0,23.0,2.98125,-1.0,0,0.0,0.0,0.017412,0.022891,0.036562,0.020073,0.064724,0.08,8.0,0,335.0,0.102527,9.122597,0.992872,0.716037,29.0,-1.0,0.0,0.0,0.024377,8.0,92.509733,3
L00414906,11,0,11,44,0,0,335,712.0,3056.07,0.001378,41.0,0,33.0,550.0,1.963939,-1.0,0,0.0,0.0,0.009199,0.022891,0.136125,0.020073,7.208475,2.56,8.0,0,335.0,0.102527,9.122597,2.143651,1.018417,1.0,-1.0,0.0,0.0,0.024377,27.0,92.509733,3
L00414907,11,0,11,44,0,0,335,712.0,3056.07,0.012107,95.0,0,166.0,1026.0,2.237289,-1.0,0,0.0,0.0,0.007998,0.022891,0.267074,0.020073,8.333621,3.21,8.0,0,335.0,0.102527,9.122597,0.826894,0.447523,0.0,-1.0,0.0,1.0,0.024377,72.0,92.509733,3
L00414908,11,0,11,44,0,0,335,712.0,3056.07,0.005563,10.0,0,17.0,27.0,8.998235,-1.0,0,0.0,0.0,0.067231,0.022891,0.939031,0.020073,0.65,8.49,8.0,0,335.0,0.102527,9.122597,0.94463,2.056187,5.0,-1.0,0.0,2.0,0.024377,13.0,92.509733,3
L00414909,11,0,11,44,0,0,335,712.0,3056.07,0.002781,15.0,0,56.0,155.0,10.167143,-1.0,0,0.0,0.0,0.09852,0.022891,0.72949,0.020073,2.927778,11.88,8.0,0,335.0,0.102527,9.122597,0.836026,2.056187,0.0,-1.0,0.0,7.0,0.024377,29.0,92.509733,3
L00414910,11,0,11,44,0,0,335,712.0,3056.07,0.002772,334.0,0,26.0,48.0,8.076923,-1.0,0,0.0,0.0,0.054077,0.022891,0.195266,0.020073,0.124148,0.7,8.0,0,335.0,0.102527,9.122597,1.048667,2.04893,4.0,-1.0,0.0,2.0,0.024377,21.0,92.509733,3
L00414911,11,0,11,44,0,0,335,712.0,3056.07,0.002772,334.0,0,28.0,34.0,8.155,-1.0,0,0.0,0.0,0.03099,0.022891,0.263571,0.020073,0.082659,0.7,8.0,0,335.0,0.102527,9.122597,1.038627,2.04893,9.0,-1.0,0.0,1.0,0.024377,24.0,92.509733,3
L00414912,11,0,11,44,0,0,335,712.0,3056.07,0.002772,335.0,0,29.0,122.0,7.263103,-1.0,0,0.0,0.0,0.030358,0.022891,2.793436,0.020073,0.32806,8.0,8.0,0,335.0,0.102527,9.122597,1.166168,2.04893,6.0,-1.0,0.0,1.0,0.024377,25.0,92.509733,3
L00414913,11,0,11,44,0,0,335,712.0,3056.07,0.001947,318.0,0,18.0,261.0,1.022778,-1.0,0,0.0,0.0,0.01283,0.022891,0.406235,0.020073,0.822145,2.13,8.0,0,335.0,0.102527,9.122597,0.83107,0.205619,12.0,-1.0,0.0,0.0,0.024377,17.0,92.509733,3
L00414914,11,0,11,44,0,0,335,712.0,3056.07,0.000556,319.0,0,16.0,169.0,0.974375,-1.0,0,0.0,0.0,0.013543,0.022891,0.260859,0.020073,0.966667,2.13,8.0,0,335.0,0.102527,9.122597,0.872354,0.205619,12.0,-1.0,0.0,0.0,0.024377,15.0,92.509733,3
L00414915,11,0,11,44,0,0,335,712.0,3056.07,0.002781,332.0,0,33.0,471.0,0.984848,-1.0,0,0.0,0.0,0.009199,0.022891,0.393774,0.020073,1.311331,2.13,8.0,0,335.0,0.102527,9.122597,0.863077,0.205619,1.0,-1.0,0.0,0.0,0.024377,32.0,92.509733,3
L00414916,11,0,11,44,0,0,335,712.0,3056.07,0.001099,333.0,0,17.0,92.0,2.056471,-1.0,0,0.0,0.0,0.013177,0.022891,0.621661,0.020073,0.222543,1.78,8.0,0,335.0,0.102527,9.122597,1.633867,0.812799,9.0,-1.0,0.0,0.0,0.024377,15.0,92.509733,3
L00414917,11,0,11,44,0,0,335,712.0,3056.07,0.001643,334.0,0,25.0,105.0,1.862,-1.0,0,0.0,0.0,0.010834,0.022891,0.63648,0.020073,0.250877,1.32,8.0,0,335.0,0.102527,9.122597,1.348013,0.60718,13.0,-1.0,0.0,0.0,0.024377,24.0,92.509733,3
L00414918,11,0,11,44,0,0,335,712.0,3056.07,0.001656,328.0,0,32.0,111.0,2.785312,-1.0,0,0.0,0.0,0.047837,0.022891,0.426504,0.020073,0.288304,2.51,8.0,0,335.0,0.102527,9.122597,1.816672,1.224036,7.0,-1.0,0.0,2.0,0.024377,32.0,92.509733,3
L00414919,11,0,11,44,0,0,335,712.0,3056.07,0.005432,327.0,0,26.0,158.0,1.138462,-1.0,0,0.0,0.0,0.010599,0.022891,0.443787,0.020073,0.414939,3.45,8.0,0,335.0,0.102527,9.122597,1.458108,0.401561,15.0,-1.0,0.0,0.0,0.024377,17.0,92.509733,3
L00414920,11,0,11,44,0,0,335,712.0,3056.07,0.02639,334.0,0,63.0,171.0,9.089683,-1.0,0,0.0,0.0,0.02997,0.022891,2.235021,0.020073,0.854545,9.18,8.0,0,335.0,0.102527,9.122597,1.774539,3.901917,15.0,-1.0,0.0,2.0,0.024377,56.0,92.509733,3
L00414921,11,0,11,44,0,0,335,712.0,3056.07,0.000278,333.0,0,19.0,38.0,1.301579,-1.0,0,0.0,0.0,0.012501,0.022891,0.26072,0.020073,0.098261,1.72,8.0,0,335.0,0.102527,9.122597,0.653053,0.205619,8.0,-1.0,0.0,0.0,0.024377,17.0,92.509733,3
L00414922,11,0,11,44,0,0,335,712.0,3056.07,0.00069,327.0,0,11.0,126.0,2.048182,-1.0,0,0.0,0.0,0.015727,0.022891,0.10843,0.020073,0.387736,0.41,8.0,0,335.0,0.102527,9.122597,1.030182,0.510418,29.0,-1.0,0.0,0.0,0.024377,10.0,92.509733,3
L00414923,11,0,11,44,0,0,335,712.0,3056.07,0.001109,332.0,0,3.0,4.0,3.39,-1.0,0,0.0,0.0,0.021197,0.022891,0.0,0.020073,0.004545,0.0,8.0,0,335.0,0.102527,9.122597,1.0,0.820056,18.0,-1.0,0.0,0.0,0.024377,3.0,92.509733,3
L00414924,11,0,11,44,0,0,335,712.0,3056.07,0.001378,41.0,0,128.0,1313.0,2.170703,-1.0,0,0.0,0.0,0.030321,0.022891,0.15932,0.020073,23.154348,2.36,8.0,0,335.0,0.102527,9.122597,1.939464,1.018417,0.0,-1.0,0.0,4.0,0.024377,45.0,92.509733,3
L00414925,11,0,11,44,0,0,335,712.0,3056.07,0.011112,180.0,0,138.0,311.0,9.753478,-1.0,0,0.0,0.0,0.015744,0.022891,2.199376,0.020073,1.427363,9.33,8.0,0,335.0,0.102527,9.122597,1.740917,4.107536,0.0,-1.0,0.0,2.0,0.024377,91.0,92.509733,3
L00414926,11,0,11,44,0,0,335,712.0,3056.07,0.000949,178.0,0,98.0,856.0,1.656224,-1.0,0,0.0,0.0,0.004132,0.022891,0.420748,0.020073,4.366845,3.36,8.0,0,335.0,0.102527,9.122597,0.875485,0.350761,12.0,-1.0,0.0,0.0,0.024377,63.0,92.509733,3
L00414927,11,0,11,44,0,0,335,712.0,3056.07,0.011125,17.0,0,13.0,30.0,17.492308,-1.0,0,0.0,0.0,0.014774,0.022891,2.539645,0.020073,0.676667,19.05,8.0,0,335.0,0.102527,9.122597,1.943712,8.224749,6.0,-1.0,0.0,0.0,0.024377,11.0,92.509733,3
L00414928,11,0,11,44,0,0,335,712.0,3056.07,0.011125,17.0,0,31.0,59.0,17.598387,-1.0,0,0.0,0.0,0.029167,0.022891,2.116337,0.020073,1.102564,19.05,8.0,0,335.0,0.102527,9.122597,1.931995,8.224749,0.0,-1.0,0.0,1.0,0.024377,23.0,92.509733,3
L00414929,11,0,11,44,0,0,335,712.0,3056.07,0.036177,9.0,0,4.0,38.0,32.255,-1.0,0,0.0,0.0,0.020314,0.022891,11.5125,0.020073,3.6,35.44,8.0,0,335.0,0.102527,9.122597,1.713843,13.372474,19.0,-1.0,0.0,0.0,0.024377,4.0,92.509733,3
L00414930,11,0,11,44,0,0,335,712.0,3056.07,0.000278,45.0,0,58.0,931.0,0.49569,-1.0,0,0.0,0.0,0.031891,0.022891,0.127348,0.020073,12.373134,0.64,8.0,0,335.0,0.102527,9.122597,1.714783,0.205619,0.0,-1.0,0.0,2.0,0.024377,37.0,92.509733,3
L00414931,11,0,11,44,0,0,335,712.0,3056.07,0.000821,15.0,0,16.0,108.0,1.64375,-1.0,0,0.0,0.0,0.013543,0.022891,0.541406,0.020073,2.36875,1.26,8.0,0,335.0,0.102527,9.122597,1.526996,0.60718,4.0,-1.0,0.0,0.0,0.024377,11.0,92.509733,3
L00414932,11,0,11,44,0,0,335,712.0,3056.07,0.002493,9.0,0,21.0,71.0,4.302381,-1.0,0,0.0,0.0,0.011891,0.022891,0.947891,0.020073,2.026667,3.88,8.0,0,335.0,0.102527,9.122597,1.771112,1.843311,1.0,-1.0,0.0,0.0,0.024377,16.0,92.509733,3
L00414933,11,0,11,44,0,0,335,712.0,3056.07,0.003868,9.0,0,29.0,161.0,3.562414,-1.0,0,0.0,0.0,0.050766,0.022891,0.971415,0.020073,4.093548,2.96,8.0,0,335.0,0.102527,9.122597,1.658988,1.429655,0.0,-1.0,0.0,2.0,0.024377,22.0,92.509733,3
L00414934,11,0,11,44,0,0,335,712.0,3056.07,0.00444,15.0,0,46.0,146.0,7.142609,-1.0,0,0.0,0.0,0.113448,0.022891,0.838355,0.020073,2.963889,7.62,8.0,0,335.0,0.102527,9.122597,1.899866,3.282642,0.0,-1.0,0.0,7.0,0.024377,26.0,92.509733,3
L00414935,11,0,11,44,0,0,335,712.0,3056.07,0.001086,9.0,0,25.0,325.0,0.9744,-1.0,0,0.0,0.0,0.010834,0.022891,0.219392,0.020073,10.492593,0.94,8.0,0,335.0,0.102527,9.122597,1.703612,0.401561,0.0,-1.0,0.0,0.0,0.024377,17.0,92.509733,3
L00414936,11,0,11,44,0,0,335,712.0,3056.07,0.000821,15.0,0,11.0,89.0,1.708182,-1.0,0,0.0,0.0,0.047985,0.022891,0.58314,0.020073,1.225,1.26,8.0,0,335.0,0.102527,9.122597,1.469399,0.60718,4.0,-1.0,0.0,1.0,0.024377,9.0,92.509733,3
L00414937,11,0,11,44,0,0,335,712.0,3056.07,0.000821,15.0,0,18.0,144.0,1.67,-1.0,0,0.0,0.0,0.039146,0.022891,0.56,0.020073,3.085294,1.26,8.0,0,335.0,0.102527,9.122597,1.502994,0.60718,2.0,-1.0,0.0,1.0,0.024377,15.0,92.509733,3
L00414938,11,0,11,44,0,0,335,712.0,3056.07,0.000821,15.0,0,27.0,370.0,1.38963,-1.0,0,0.0,0.0,0.010373,0.022891,0.248971,0.020073,7.209375,1.27,8.0,0,335.0,0.102527,9.122597,1.806237,0.60718,4.0,-1.0,0.0,0.0,0.024377,18.0,92.509733,3
L00414939,11,0,11,44,0,0,335,712.0,3056.07,0.009748,21.0,0,19.0,31.0,17.176842,-1.0,0,0.0,0.0,0.012501,0.022891,3.983102,0.020073,0.6425,17.04,8.0,0,335.0,0.102527,9.122597,1.734312,7.206331,0.0,-1.0,0.0,0.0,0.024377,16.0,92.509733,3
L00414940,11,0,11,44,0,0,335,712.0,3056.07,0.009748,21.0,0,7.0,15.0,16.755714,-1.0,0,0.0,0.0,0.055094,0.022891,3.724082,0.020073,0.515789,17.04,8.0,0,335.0,0.102527,9.122597,1.777901,7.206331,13.0,-1.0,0.0,1.0,0.024377,6.0,92.509733,3
L00414941,11,0,11,44,0,0,335,712.0,3056.07,0.000821,87.0,0,46.0,276.0,1.606087,-1.0,0,0.0,0.0,0.03769,0.022891,0.510907,0.020073,2.712632,1.26,8.0,0,335.0,0.102527,9.122597,1.562805,0.60718,9.0,-1.0,0.0,2.0,0.024377,32.0,92.509733,3
L00414942,11,0,11,44,0,0,335,712.0,3056.07,0.001378,37.0,0,118.0,614.0,2.252203,-1.0,0,0.0,0.0,0.075997,0.022891,0.292413,0.020073,8.661404,3.21,8.0,0,335.0,0.102527,9.122597,1.869281,1.018417,0.0,-1.0,0.0,10.0,0.024377,46.0,92.509733,3
L00414943,11,0,11,44,0,0,335,712.0,3056.07,0.001378,37.0,0,96.0,458.0,2.278229,-1.0,0,0.0,0.0,0.004203,0.022891,0.337378,0.020073,6.487719,3.1,8.0,0,335.0,0.102527,9.122597,1.847926,1.018417,0.0,-1.0,0.0,0.0,0.024377,42.0,92.509733,3
L00414944,11,0,11,44,0,0,335,712.0,3056.07,0.004431,16.0,0,10.0,38.0,3.602,-1.0,0,0.0,0.0,0.016251,0.022891,0.6336,0.020073,1.126923,3.52,8.0,0,335.0,0.102527,9.122597,1.879511,1.637693,9.0,-1.0,0.0,0.0,0.024377,8.0,92.509733,3
L00414945,11,0,11,44,0,0,335,712.0,3056.07,0.002755,51.0,0,217.0,2088.0,2.280507,-1.0,0,0.0,0.0,0.010496,0.022891,0.342589,0.020073,25.908219,3.21,8.0,0,335.0,0.102527,9.122597,1.846081,1.018417,0.0,-1.0,0.0,2.0,0.024377,61.0,92.509733,3
L00414946,11,0,11,44,0,0,335,712.0,3056.07,0.002464,16.0,0,34.0,353.0,1.503824,-1.0,0,0.0,0.0,0.083103,0.022891,0.414308,0.020073,7.933333,1.45,8.0,0,335.0,0.102527,9.122597,1.669079,0.60718,0.0,-1.0,0.0,4.0,0.024377,21.0,92.509733,3
L00414947,11,0,11,44,0,0,335,712.0,3056.07,0.002173,46.0,0,152.0,3244.0,0.943355,-1.0,0,0.0,0.0,0.020276,0.022891,0.182977,0.020073,32.441176,1.95,8.0,0,335.0,0.102527,9.122597,1.759676,0.401561,0.0,-1.0,0.0,3.0,0.024377,58.0,92.509733,3
L00414948,11,0,11,44,0,0,335,712.0,3056.07,0.005749,175.0,0,119.0,1258.0,1.428403,-1.0,0,0.0,0.0,0.07545,0.022891,0.309028,0.020073,6.400521,1.45,8.0,0,335.0,0.102527,9.122597,1.757207,0.60718,5.0,-1.0,0.0,10.0,0.024377,80.0,92.509733,3
L00414949,11,0,11,44,0,0,335,712.0,3056.07,0.00163,249.0,0,26.0,1815.0,1.094231,-1.0,0,0.0,0.0,0.032338,0.022891,0.348166,0.020073,6.816471,0.94,8.0,0,335.0,0.102527,9.122597,1.517047,0.401561,15.0,-1.0,0.0,1.0,0.024377,23.0,92.509733,3
L00414950,11,0,11,44,0,0,335,712.0,3056.07,0.003259,107.0,0,121.0,2344.0,0.937273,-1.0,0,0.0,0.0,0.003458,0.022891,0.167243,0.020073,15.104651,0.94,8.0,0,335.0,0.102527,9.122597,1.771096,0.401561,0.0,-1.0,0.0,0.0,0.024377,67.0,92.509733,3
L00414951,11,0,11,44,0,0,335,712.0,3056.07,0.003259,106.0,0,76.0,1226.0,1.006447,-1.0,0,0.0,0.0,0.005079,0.022891,0.257981,0.020073,9.469106,0.94,8.0,0,335.0,0.102527,9.122597,1.649366,0.401561,0.0,-1.0,0.0,0.0,0.024377,56.0,92.509733,3
L00414952,11,0,11,44,0,0,335,712.0,3056.07,0.003259,107.0,0,76.0,1315.0,0.995789,-1.0,0,0.0,0.0,0.005079,0.022891,0.244709,0.020073,8.805426,0.94,8.0,0,335.0,0.102527,9.122597,1.667019,0.401561,0.0,-1.0,0.0,0.0,0.024377,56.0,92.509733,3
L00414953,11,0,11,44,0,0,335,712.0,3056.07,0.102527,334.0,0,231.0,730.0,141.09974,-1.0,0,0.0,0.0,0.268875,0.022891,103.344967,0.020073,2.061714,922.05,8.0,0,335.0,0.102527,9.122597,2.220628,75.795896,6.0,-1.0,0.0,67.0,0.024377,123.0,92.509733,3
L00414954,11,0,11,44,0,0,335,712.0,3056.07,0.002199,270.0,0,3.0,20.0,3.36,-1.0,0,0.0,0.0,0.021197,0.022891,0.0,0.020073,0.153846,0.0,8.0,0,335.0,0.102527,9.122597,1.0,0.812799,29.0,-1.0,0.0,0.0,0.024377,2.0,92.509733,3
L00414955,11,0,11,44,0,0,335,712.0,3056.07,0.001099,249.0,0,3.0,6.0,3.36,-1.0,0,0.0,0.0,0.021197,0.022891,0.0,0.020073,0.046154,0.0,8.0,0,335.0,0.102527,9.122597,1.0,0.812799,29.0,-1.0,0.0,0.0,0.024377,2.0,92.509733,3
L00414956,11,0,11,44,0,0,335,712.0,3056.07,0.000543,31.0,0,39.0,1682.0,1.002821,-1.0,0,0.0,0.0,0.008263,0.022891,0.250782,0.020073,27.202,1.1,8.0,0,335.0,0.102527,9.122597,1.655331,0.401561,2.0,-1.0,0.0,0.0,0.024377,26.0,92.509733,3
L00414957,11,0,11,44,0,0,335,712.0,3056.07,0.000834,335.0,0,221.0,1474.0,2.944389,-1.0,0,0.0,0.0,0.010322,0.022891,0.712376,0.020073,3.913239,5.17,8.0,0,335.0,0.102527,9.122597,0.866054,0.616856,0.0,-1.0,0.0,2.0,0.024377,149.0,92.509733,3
L00414958,11,0,11,44,0,0,335,712.0,3056.07,0.001086,334.0,0,24.0,183.0,1.6925,-1.0,0,0.0,0.0,0.01108,0.022891,0.277917,0.020073,0.401166,2.94,8.0,0,335.0,0.102527,9.122597,0.980798,0.401561,12.0,-1.0,0.0,0.0,0.024377,22.0,92.509733,3
L00414959,11,0,11,44,0,0,335,712.0,3056.07,0.001086,334.0,0,26.0,162.0,1.845769,-1.0,0,0.0,0.0,0.162773,0.022891,0.593166,0.020073,0.45,3.01,8.0,0,335.0,0.102527,9.122597,0.899354,0.401561,1.0,-1.0,0.0,7.0,0.024377,24.0,92.509733,3
L00414960,11,0,11,44,0,0,335,712.0,3056.07,0.000543,334.0,0,12.0,45.0,1.123333,-1.0,0,0.0,0.0,0.046486,0.022891,0.364444,0.020073,0.118983,0.85,8.0,0,335.0,0.102527,9.122597,1.477745,0.401561,20.0,-1.0,0.0,1.0,0.024377,10.0,92.509733,3
L00414961,11,0,11,44,0,0,335,712.0,3056.07,0.000278,334.0,0,57.0,708.0,0.819123,-1.0,0,0.0,0.0,0.006332,0.022891,0.03409,0.020073,1.959599,0.43,8.0,0,335.0,0.102527,9.122597,1.037695,0.205619,6.0,-1.0,0.0,0.0,0.024377,51.0,92.509733,3
L00414962,11,0,11,44,0,0,335,712.0,3056.07,0.001374,332.0,0,43.0,394.0,0.507907,-1.0,0,0.0,0.0,0.007739,0.022891,0.139016,0.020073,1.173556,0.42,8.0,0,335.0,0.102527,9.122597,1.653846,0.2032,12.0,-1.0,0.0,0.0,0.024377,38.0,92.509733,3
L00414963,11,0,11,44,0,0,335,712.0,3056.07,0.001257,334.0,0,320.0,9989.0,0.669844,-1.0,0,0.0,0.0,0.010257,0.022891,0.225988,0.020073,27.229859,1.73,8.0,0,335.0,0.102527,9.122597,1.910893,0.309638,0.0,-1.0,0.0,3.0,0.024377,182.0,92.509733,3
L00414964,11,0,11,44,0,0,335,712.0,3056.07,0.001675,335.0,0,482.0,14146.0,0.637158,-1.0,0,0.0,0.0,0.004955,0.022891,0.175509,0.020073,39.107606,1.73,8.0,0,335.0,0.102527,9.122597,2.008922,0.309638,0.0,-1.0,0.0,2.0,0.024377,231.0,92.509733,3
L00414965,11,0,11,44,0,0,335,712.0,3056.07,0.001931,46.0,0,195.0,2526.0,3.113231,-1.0,0,0.0,0.0,0.020872,0.022891,0.39239,0.020073,34.098438,6.95,8.0,0,335.0,0.102527,9.122597,0.947569,0.713618,0.0,-1.0,0.0,4.0,0.024377,60.0,92.509733,3
L00414966,11,0,11,44,0,0,335,712.0,3056.07,0.000543,332.0,0,15.0,62.0,1.803333,-1.0,0,0.0,0.0,0.01393,0.022891,0.424444,0.020073,0.16875,3.01,8.0,0,335.0,0.102527,9.122597,0.920518,0.401561,1.0,-1.0,0.0,0.0,0.024377,13.0,92.509733,3
L00414967,11,0,11,44,0,0,335,712.0,3056.07,0.003311,107.0,0,119.0,932.0,2.794622,-1.0,0,0.0,0.0,0.003507,0.022891,0.455034,0.020073,6.549219,2.96,8.0,0,335.0,0.102527,9.122597,1.810621,1.224036,1.0,-1.0,0.0,0.0,0.024377,68.0,92.509733,3
L00414968,11,0,11,44,0,0,335,712.0,3056.07,0.004722,125.0,0,41.0,127.0,8.04,-1.0,0,0.0,0.0,0.007992,0.022891,1.37122,0.020073,1.309783,16.98,8.0,0,335.0,0.102527,9.122597,1.794776,3.49068,14.0,-1.0,0.0,0.0,0.024377,27.0,92.509733,3
L00414969,11,0,11,44,0,0,335,712.0,3056.07,0.000543,106.0,0,65.0,487.0,0.979077,-1.0,0,0.0,0.0,0.005736,0.022891,0.218438,0.020073,3.6648,1.1,8.0,0,335.0,0.102527,9.122597,1.695475,0.401561,0.0,-1.0,0.0,0.0,0.024377,41.0,92.509733,3
L00414970,11,0,11,44,0,0,335,712.0,3056.07,0.000278,335.0,0,203.0,2967.0,0.48335,-1.0,0,0.0,0.0,0.006671,0.022891,0.115594,0.020073,8.130704,0.5,8.0,0,335.0,0.102527,9.122597,1.758561,0.205619,1.0,-1.0,0.0,1.0,0.024377,136.0,92.509733,3
L00414971,11,0,11,44,0,0,335,712.0,3056.07,0.001643,321.0,0,81.0,816.0,1.624815,-1.0,0,0.0,0.0,0.014728,0.022891,0.547892,0.020073,2.418237,1.72,8.0,0,335.0,0.102527,9.122597,1.544791,0.60718,12.0,-1.0,0.0,1.0,0.024377,66.0,92.509733,3
L00414972,11,0,11,44,0,0,335,712.0,3056.07,0.001656,322.0,0,89.0,860.0,3.236517,-1.0,0,0.0,0.0,0.004473,0.022891,1.07035,0.020073,2.52259,3.58,8.0,0,335.0,0.102527,9.122597,1.563409,1.224036,12.0,-1.0,0.0,0.0,0.024377,68.0,92.509733,3
L00414973,11,0,11,44,0,0,335,712.0,3056.07,0.001656,322.0,0,90.0,820.0,3.271222,-1.0,0,0.0,0.0,0.013523,0.022891,1.075711,0.020073,2.400904,3.43,8.0,0,335.0,0.102527,9.122597,1.546822,1.224036,12.0,-1.0,0.0,1.0,0.024377,71.0,92.509733,3
L00414974,11,0,11,44,0,0,335,712.0,3056.07,0.000278,334.0,0,106.0,1835.0,0.502075,-1.0,0,0.0,0.0,0.011806,0.022891,0.138006,0.020073,4.597465,0.49,8.0,0,335.0,0.102527,9.122597,1.692973,0.205619,0.0,-1.0,0.0,1.0,0.024377,77.0,92.509733,3
L00414975,11,0,11,44,0,0,335,712.0,3056.07,0.001099,332.0,0,26.0,156.0,1.738846,-1.0,0,0.0,0.0,0.010599,0.022891,0.504201,0.020073,0.381073,2.18,8.0,0,335.0,0.102527,9.122597,1.932316,0.812799,0.0,-1.0,0.0,0.0,0.024377,24.0,92.509733,3
L00414976,11,0,11,44,0,0,335,712.0,3056.07,0.001086,334.0,0,26.0,287.0,0.965385,-1.0,0,0.0,0.0,0.032338,0.022891,0.436686,0.020073,0.616239,1.05,8.0,0,335.0,0.102527,9.122597,1.719522,0.401561,4.0,-1.0,0.0,1.0,0.024377,21.0,92.509733,3
L00414977,11,0,11,44,0,0,335,712.0,3056.07,0.000821,334.0,0,25.0,304.0,1.7108,-1.0,0,0.0,0.0,0.010834,0.022891,0.589824,0.020073,0.846588,1.32,8.0,0,335.0,0.102527,9.122597,1.46715,0.60718,18.0,-1.0,0.0,0.0,0.024377,24.0,92.509733,3
L00414978,11,0,11,44,0,0,335,712.0,3056.07,0.000821,332.0,0,16.0,228.0,1.80875,-1.0,0,0.0,0.0,0.013543,0.022891,0.628594,0.020073,0.607122,1.32,8.0,0,335.0,0.102527,9.122597,1.387699,0.60718,16.0,-1.0,0.0,0.0,0.024377,16.0,92.509733,3
L00414979,11,0,11,44,0,0,335,712.0,3056.07,0.003328,334.0,0,167.0,523.0,5.984251,-1.0,0,0.0,0.0,0.066778,0.022891,1.72282,0.020073,1.425634,6.14,8.0,0,335.0,0.102527,9.122597,1.699461,2.460167,0.0,-1.0,0.0,12.0,0.024377,124.0,92.509733,3
L00414980,11,0,11,44,0,0,335,712.0,3056.07,0.001656,334.0,0,261.0,1341.0,2.861686,-1.0,0,0.0,0.0,0.051557,0.022891,0.561796,0.020073,3.768678,3.07,8.0,0,335.0,0.102527,9.122597,1.768189,1.224036,8.0,-1.0,0.0,14.0,0.024377,168.0,92.509733,3
L00414981,11,0,11,44,0,0,335,712.0,3056.07,0.001656,334.0,0,174.0,745.0,3.091552,-1.0,0,0.0,0.0,0.012822,0.022891,0.872426,0.020073,1.94517,3.07,8.0,0,335.0,0.102527,9.122597,1.636719,1.224036,4.0,-1.0,0.0,2.0,0.024377,120.0,92.509733,3
L00414982,11,0,11,44,0,0,335,712.0,3056.07,0.000278,333.0,0,108.0,1390.0,0.484259,-1.0,0,0.0,0.0,0.003809,0.022891,0.114955,0.020073,3.786197,0.49,8.0,0,335.0,0.102527,9.122597,1.755258,0.205619,0.0,-1.0,0.0,0.0,0.024377,91.0,92.509733,3
L00414983,11,0,11,44,0,0,335,712.0,3056.07,0.001934,335.0,0,222.0,1614.0,3.383784,-1.0,0,0.0,0.0,0.006147,0.022891,0.778244,0.020073,4.116573,4.22,8.0,0,335.0,0.102527,9.122597,1.746565,1.429655,0.0,-1.0,0.0,1.0,0.024377,117.0,92.509733,3
L00414984,11,0,11,44,0,0,335,712.0,3056.07,0.002493,335.0,0,147.0,693.0,4.237891,-1.0,0,0.0,0.0,0.008907,0.022891,0.870993,0.020073,1.587079,5.08,8.0,0,335.0,0.102527,9.122597,1.798064,1.843311,0.0,-1.0,0.0,1.0,0.024377,53.0,92.509733,3
L00414985,11,0,11,44,0,0,335,712.0,3056.07,0.002199,334.0,0,242.0,1500.0,1.981942,-1.0,0,0.0,0.0,0.020945,0.022891,0.539907,0.020073,3.951404,1.98,8.0,0,335.0,0.102527,9.122597,1.695307,0.812799,0.0,-1.0,0.0,5.0,0.024377,160.0,92.509733,3
L00414986,11,0,11,44,0,0,335,712.0,3056.07,0.002772,333.0,0,46.0,155.0,5.902174,-1.0,0,0.0,0.0,0.007387,0.022891,2.033081,0.020073,0.444706,4.9,8.0,0,335.0,0.102527,9.122597,1.435064,2.04893,15.0,-1.0,0.0,0.0,0.024377,42.0,92.509733,3
L00414987,11,0,11,44,0,0,335,712.0,3056.07,0.000278,334.0,0,98.0,1113.0,0.485918,-1.0,0,0.0,0.0,0.004132,0.022891,0.111658,0.020073,2.957627,0.44,8.0,0,335.0,0.102527,9.122597,1.749265,0.205619,2.0,-1.0,0.0,0.0,0.024377,74.0,92.509733,3
L00414988,11,0,11,44,0,0,335,712.0,3056.07,0.000821,333.0,0,139.0,2273.0,1.435755,-1.0,0,0.0,0.0,0.053381,0.022891,0.326319,0.020073,6.292068,1.51,8.0,0,335.0,0.102527,9.122597,1.748209,0.60718,1.0,-1.0,0.0,8.0,0.024377,99.0,92.509733,3
L00414989,11,0,11,44,0,0,335,712.0,3056.07,0.001656,335.0,0,86.0,1345.0,3.042093,-1.0,0,0.0,0.0,0.014033,0.022891,0.943678,0.020073,3.734561,3.07,8.0,0,335.0,0.102527,9.122597,1.663328,1.224036,0.0,-1.0,0.0,1.0,0.024377,67.0,92.509733,3
L00414990,11,0,11,44,0,0,335,712.0,3056.07,0.001099,335.0,0,75.0,619.0,1.806,-1.0,0,0.0,0.0,0.026185,0.022891,0.595093,0.020073,1.552394,2.18,8.0,0,335.0,0.102527,9.122597,1.860465,0.812799,1.0,-1.0,0.0,2.0,0.024377,53.0,92.509733,3
L00414991,11,0,11,44,0,0,335,712.0,3056.07,0.001643,334.0,0,42.0,295.0,3.168333,-1.0,0,0.0,0.0,0.007863,0.022891,0.801905,0.020073,0.833718,4.79,8.0,0,335.0,0.102527,9.122597,0.792215,0.60718,8.0,-1.0,0.0,0.0,0.024377,38.0,92.509733,3
L00414992,11,0,11,44,0,0,335,712.0,3056.07,0.000278,333.0,0,78.0,3156.0,0.343846,-1.0,0,0.0,0.0,0.035587,0.022891,0.113215,0.020073,8.729661,0.85,8.0,0,335.0,0.102527,9.122597,2.472036,0.205619,1.0,-1.0,0.0,3.0,0.024377,69.0,92.509733,3
L00414993,11,0,11,44,0,0,335,712.0,3056.07,0.000278,332.0,0,119.0,2769.0,0.417815,-1.0,0,0.0,0.0,0.003507,0.022891,0.199179,0.020073,6.523729,1.0,8.0,0,335.0,0.102527,9.122597,2.034393,0.205619,0.0,-1.0,0.0,0.0,0.024377,83.0,92.509733,3
L00414994,11,0,11,44,0,0,335,712.0,3056.07,0.000278,334.0,0,132.0,3104.0,0.352197,-1.0,0,0.0,0.0,0.029523,0.022891,0.109922,0.020073,8.21236,0.6,8.0,0,335.0,0.102527,9.122597,2.413422,0.205619,0.0,-1.0,0.0,4.0,0.024377,107.0,92.509733,3
L00414995,11,0,11,44,0,0,335,712.0,3056.07,0.002513,335.0,0,381.0,12219.0,0.660472,-1.0,0,0.0,0.0,0.00371,0.022891,0.209625,0.020073,33.672958,1.73,8.0,0,335.0,0.102527,9.122597,1.938007,0.309638,0.0,-1.0,0.0,1.0,0.024377,202.0,92.509733,3
L00414996,11,0,11,44,0,0,335,712.0,3056.07,0.001257,334.0,0,193.0,2929.0,0.694922,-1.0,0,0.0,0.0,0.002289,0.022891,0.248059,0.020073,8.097465,1.71,8.0,0,335.0,0.102527,9.122597,1.841933,0.309638,0.0,-1.0,0.0,0.0,0.024377,134.0,92.509733,3
L00414997,11,0,11,44,0,0,335,712.0,3056.07,0.001086,333.0,0,36.0,201.0,1.085833,-1.0,0,0.0,0.0,0.115849,0.022891,0.357546,0.020073,0.554108,1.32,8.0,0,335.0,0.102527,9.122597,1.52878,0.401561,2.0,-1.0,0.0,6.0,0.024377,28.0,92.509733,3
L00414998,11,0,11,44,0,0,335,712.0,3056.07,0.003884,334.0,0,115.0,362.0,6.436609,-1.0,0,0.0,0.0,0.003611,0.022891,0.949459,0.020073,0.876338,6.68,8.0,0,335.0,0.102527,9.122597,1.844139,2.871405,0.0,-1.0,0.0,0.0,0.024377,66.0,92.509733,3
L00414999,11,0,11,44,0,0,335,712.0,3056.07,0.005543,335.0,0,316.0,1887.0,4.489937,-1.0,0,0.0,0.0,0.019308,0.022891,1.028624,0.020073,4.834551,5.87,8.0,0,335.0,0.102527,9.122597,1.886441,2.04893,0.0,-1.0,0.0,6.0,0.024377,159.0,92.509733,3
L00415000,11,0,11,44,0,0,335,712.0,3056.07,0.002493,335.0,0,122.0,627.0,4.700902,-1.0,0,0.0,0.0,0.066814,0.022891,1.507083,0.020073,1.567135,4.39,8.0,0,335.0,0.102527,9.122597,1.620966,1.843311,0.0,-1.0,0.0,9.0,0.024377,92.0,92.509733,3
L00415001,11,0,11,44,0,0,335,712.0,3056.07,0.001099,334.0,0,18.0,39.0,3.758889,-1.0,0,0.0,0.0,0.039146,0.022891,0.44679,0.020073,0.103364,4.42,8.0,0,335.0,0.102527,9.122597,0.893881,0.812799,16.0,-1.0,0.0,1.0,0.024377,16.0,92.509733,3
L00415002,11,0,11,44,0,0,335,712.0,3056.07,0.004107,334.0,0,14.0,238.0,2.490714,-1.0,0,0.0,0.0,0.014339,0.022891,0.747857,0.020073,0.793286,3.36,8.0,0,335.0,0.102527,9.122597,1.007743,0.60718,12.0,-1.0,0.0,0.0,0.024377,12.0,92.509733,3
L00415003,11,0,11,44,0,0,335,712.0,3056.07,0.005802,335.0,0,333.0,5795.0,3.337658,-1.0,0,0.0,0.0,0.02971,0.022891,0.750857,0.020073,12.557865,4.95,8.0,0,335.0,0.102527,9.122597,1.770703,1.429655,0.0,-1.0,0.0,10.0,0.024377,105.0,92.509733,3
L00415004,11,0,11,44,0,0,335,712.0,3056.07,0.003868,335.0,0,281.0,2853.0,3.497544,-1.0,0,0.0,0.0,0.014909,0.022891,0.951175,0.020073,7.539155,4.4,8.0,0,335.0,0.102527,9.122597,1.689757,1.429655,1.0,-1.0,0.0,4.0,0.024377,184.0,92.509733,3
L00415005,11,0,11,44,0,0,335,712.0,3056.07,0.001099,334.0,0,63.0,361.0,1.980159,-1.0,0,0.0,0.0,0.005874,0.022891,0.534543,0.020073,0.946067,1.78,8.0,0,335.0,0.102527,9.122597,1.696834,0.812799,0.0,-1.0,0.0,0.0,0.024377,57.0,92.509733,3
L00415006,11,0,11,44,0,0,335,712.0,3056.07,0.001099,334.0,0,316.0,3356.0,1.899525,-1.0,0,0.0,0.0,0.016332,0.022891,0.434626,0.020073,9.103652,2.76,8.0,0,335.0,0.102527,9.122597,1.768863,0.812799,0.0,-1.0,0.0,5.0,0.024377,156.0,92.509733,3
L00415007,11,0,11,44,0,0,335,712.0,3056.07,0.002493,334.0,0,129.0,532.0,4.423256,-1.0,0,0.0,0.0,0.056963,0.022891,1.24649,0.020073,1.378873,7.78,8.0,0,335.0,0.102527,9.122597,1.722713,1.843311,0.0,-1.0,0.0,8.0,0.024377,104.0,92.509733,3
L00415008,11,0,11,44,0,0,335,712.0,3056.07,0.001099,335.0,0,166.0,1816.0,2.150361,-1.0,0,0.0,0.0,0.029503,0.022891,0.735445,0.020073,4.84169,1.98,8.0,0,335.0,0.102527,9.122597,1.562528,0.812799,0.0,-1.0,0.0,5.0,0.024377,124.0,92.509733,3
L00415009,11,0,11,44,0,0,335,712.0,3056.07,0.004928,333.0,0,77.0,514.0,3.165325,-1.0,0,0.0,0.0,0.005026,0.022891,0.862236,0.020073,1.454857,4.79,8.0,0,335.0,0.102527,9.122597,0.792968,0.60718,5.0,-1.0,0.0,0.0,0.024377,64.0,92.509733,3
L00415010,11,0,11,44,0,0,335,712.0,3056.07,0.000821,335.0,0,263.0,3218.0,1.47289,-1.0,0,0.0,0.0,0.00879,0.022891,0.377674,0.020073,8.504494,1.89,8.0,0,335.0,0.102527,9.122597,1.704133,0.60718,0.0,-1.0,0.0,2.0,0.024377,160.0,92.509733,3
L00415011,11,0,11,44,0,0,335,712.0,3056.07,0.000543,332.0,0,21.0,315.0,0.987143,-1.0,0,0.0,0.0,0.011891,0.022891,0.260136,0.020073,0.932239,1.05,8.0,0,335.0,0.102527,9.122597,1.681621,0.401561,18.0,-1.0,0.0,0.0,0.024377,21.0,92.509733,3
L00415012,11,0,11,44,0,0,335,712.0,3056.07,0.004133,334.0,0,188.0,2523.0,2.616596,-1.0,0,0.0,0.0,0.055229,0.022891,0.801489,0.020073,6.507042,2.45,8.0,0,335.0,0.102527,9.122597,1.608961,1.018417,1.0,-1.0,0.0,11.0,0.024377,138.0,92.509733,3
L00415013,11,0,11,44,0,0,335,712.0,3056.07,0.002493,332.0,0,12.0,30.0,11.071667,-1.0,0,0.0,0.0,0.015236,0.022891,6.158889,0.020073,0.069501,27.44,8.0,0,335.0,0.102527,9.122597,0.688243,1.843311,12.0,-1.0,0.0,0.0,0.024377,11.0,92.509733,3
L00415014,11,0,11,44,0,0,335,712.0,3056.07,0.008341,335.0,0,112.0,262.0,17.241875,-1.0,0,0.0,0.0,0.056724,0.022891,6.048627,0.020073,0.670141,15.09,8.0,0,335.0,0.102527,9.122597,1.478377,6.166142,0.0,-1.0,0.0,7.0,0.024377,75.0,92.509733,3
L00415015,11,0,11,44,0,0,335,712.0,3056.07,0.004398,334.0,0,113.0,1543.0,1.868938,-1.0,0,0.0,0.0,0.003666,0.022891,0.373183,0.020073,4.130836,3.43,8.0,0,335.0,0.102527,9.122597,1.797812,0.812799,9.0,-1.0,0.0,0.0,0.024377,90.0,92.509733,3
L00415016,11,0,11,44,0,0,335,712.0,3056.07,0.000821,335.0,0,556.0,9462.0,1.440558,-1.0,0,0.0,0.0,0.077235,0.022891,0.352917,0.020073,25.225,2.3,8.0,0,335.0,0.102527,9.122597,1.742381,0.60718,0.0,-1.0,0.0,44.0,0.024377,232.0,92.509733,3
L00415017,11,0,11,44,0,0,335,712.0,3056.07,0.000821,334.0,0,20.0,103.0,1.505,-1.0,0,0.0,0.0,0.012188,0.022891,0.408,0.020073,0.206052,1.32,8.0,0,335.0,0.102527,9.122597,1.667774,0.60718,9.0,-1.0,0.0,0.0,0.024377,18.0,92.509733,3
L00415018,11,0,11,44,0,0,335,712.0,3056.07,0.000821,332.0,0,30.0,192.0,1.499667,-1.0,0,0.0,0.0,0.029751,0.022891,0.412133,0.020073,0.486246,1.51,8.0,0,335.0,0.102527,9.122597,1.673705,0.60718,4.0,-1.0,0.0,1.0,0.024377,29.0,92.509733,3
L00415019,11,0,11,44,0,0,335,712.0,3056.07,0.002772,334.0,0,173.0,916.0,4.666705,-1.0,0,0.0,0.0,0.038796,0.022891,1.54931,0.020073,2.501136,5.4,8.0,0,335.0,0.102527,9.122597,1.814985,2.04893,4.0,-1.0,0.0,7.0,0.024377,127.0,92.509733,3
L00415020,11,0,11,44,0,0,335,712.0,3056.07,0.003606,334.0,0,110.0,394.0,6.374,-1.0,0,0.0,0.0,0.019135,0.022891,2.302582,0.020073,1.079437,11.26,8.0,0,335.0,0.102527,9.122597,1.728899,2.665786,1.0,-1.0,0.0,2.0,0.024377,87.0,92.509733,3
L00415021,11,0,11,44,0,0,335,712.0,3056.07,0.001675,332.0,0,57.0,1025.0,0.790351,-1.0,0,0.0,0.0,0.006332,0.022891,0.377008,0.020073,2.735411,1.71,8.0,0,335.0,0.102527,9.122597,1.619534,0.309638,0.0,-1.0,0.0,0.0,0.024377,47.0,92.509733,3
L00415022,11,0,11,44,0,0,335,712.0,3056.07,0.001257,334.0,0,281.0,8425.0,0.678826,-1.0,0,0.0,0.0,0.00162,0.022891,0.2384,0.020073,23.463559,1.73,8.0,0,335.0,0.102527,9.122597,1.885609,0.309638,2.0,-1.0,0.0,0.0,0.024377,171.0,92.509733,3
L00415023,11,0,11,44,0,0,335,712.0,3056.07,0.002932,335.0,0,623.0,19830.0,0.645281,-1.0,0,0.0,0.0,0.011645,0.022891,0.18893,0.020073,54.187921,1.73,8.0,0,335.0,0.102527,9.122597,1.983632,0.309638,0.0,-1.0,0.0,7.0,0.024377,254.0,92.509733,3
L00415024,11,0,11,44,0,0,335,712.0,3056.07,0.002925,334.0,0,257.0,2935.0,1.71463,-1.0,0,0.0,0.0,0.0162,0.022891,0.453159,0.020073,7.921972,2.58,8.0,0,335.0,0.102527,9.122597,1.737984,0.720875,0.0,-1.0,0.0,4.0,0.024377,169.0,92.509733,3
L00415025,11,0,11,44,0,0,335,712.0,3056.07,0.002755,335.0,0,354.0,4811.0,2.249576,-1.0,0,0.0,0.0,0.009325,0.022891,0.336343,0.020073,13.045787,4.3,8.0,0,335.0,0.102527,9.122597,1.871464,1.018417,0.0,-1.0,0.0,3.0,0.024377,166.0,92.509733,3
L00415026,11,0,11,44,0,0,335,712.0,3056.07,0.001934,334.0,0,153.0,1098.0,3.176928,-1.0,0,0.0,0.0,0.002818,0.022891,0.469542,0.020073,3.063636,4.04,8.0,0,335.0,0.102527,9.122597,1.860288,1.429655,1.0,-1.0,0.0,0.0,0.024377,117.0,92.509733,3
L00415027,11,0,11,44,0,0,335,712.0,3056.07,0.000543,333.0,0,17.0,106.0,0.835882,-1.0,0,0.0,0.0,0.040204,0.022891,0.643599,0.020073,0.275595,3.05,8.0,0,335.0,0.102527,9.122597,1.985925,0.401561,19.0,-1.0,0.0,1.0,0.024377,15.0,92.509733,3
L00415028,11,0,11,44,0,0,335,712.0,3056.07,0.000821,235.0,0,248.0,4306.0,1.312944,-1.0,0,0.0,0.0,0.020476,0.022891,0.1387,0.020073,15.43463,1.89,8.0,0,335.0,0.102527,9.122597,1.911735,0.60718,0.0,-1.0,0.0,5.0,0.024377,135.0,92.509733,3
L00415029,11,0,11,44,0,0,335,712.0,3056.07,0.003868,335.0,0,65.0,346.0,3.210923,-1.0,0,0.0,0.0,0.052795,0.022891,0.498291,0.020073,0.967544,3.36,8.0,0,335.0,0.102527,9.122597,1.840592,1.429655,14.0,-1.0,0.0,4.0,0.024377,63.0,92.509733,3
L00415030,11,0,11,44,0,0,335,712.0,3056.07,0.000543,335.0,0,344.0,4015.0,0.991831,-1.0,0,0.0,0.0,0.015076,0.022891,0.240978,0.020073,10.843539,1.23,8.0,0,335.0,0.102527,9.122597,1.673672,0.401561,0.0,-1.0,0.0,5.0,0.024377,183.0,92.509733,3
L00415031,11,0,11,44,0,0,335,712.0,3056.07,0.00444,334.0,0,65.0,211.0,8.188154,-1.0,0,0.0,0.0,0.029265,0.022891,2.355257,0.020073,0.571469,7.92,8.0,0,335.0,0.102527,9.122597,1.657272,3.282642,1.0,-1.0,0.0,2.0,0.024377,51.0,92.509733,3
L00415032,11,0,11,44,0,0,335,712.0,3056.07,0.003868,335.0,0,24.0,139.0,5.263333,-1.0,0,0.0,0.0,0.01108,0.022891,2.485,0.020073,0.398246,11.92,8.0,0,335.0,0.102527,9.122597,1.122863,1.429655,7.0,-1.0,0.0,0.0,0.024377,19.0,92.509733,3
